sample_id,relative_path,ground_truth_index,predicted_top1_index,predicted_top1_class,predicted_top1_probability,top5_indices,top5_classes,top5_probabilities,top1_correct,top5_correct
b0000,data/raw/imagenette2-320/val/n01440764/n01440764_1310.JPEG,0,0,tench,0.203125,"[0, 397, 394, 29, 395]","[""tench"", ""puffer"", ""sturgeon"", ""axolotl"", ""gar""]","[0.203125, 0.09375, 0.0546875, 0.03515625, 0.03125]",True,True
b0001,data/raw/imagenette2-320/val/n01440764/n01440764_14190.JPEG,0,389,barracouta,0.5078125,"[389, 395, 394, 390, 0]","[""barracouta"", ""gar"", ""sturgeon"", ""eel"", ""tench""]","[0.5078125, 0.16015625, 0.1484375, 0.01171875, 0.0078125]",False,True
b0002,data/raw/imagenette2-320/val/n01440764/n01440764_8622.JPEG,0,0,tench,0.9609375,"[0, 1, 389, 315, 329]","[""tench"", ""goldfish"", ""barracouta"", ""mantis"", ""sea_cucumber""]","[0.9609375, 0.00390625, 0.00390625, 0.0, 0.0]",True,True
b0003,data/raw/imagenette2-320/val/n01440764/n01440764_6052.JPEG,0,0,tench,0.6640625,"[0, 389, 394, 395, 391]","[""tench"", ""barracouta"", ""sturgeon"", ""gar"", ""coho""]","[0.6640625, 0.0546875, 0.03125, 0.015625, 0.01171875]",True,True
b0004,data/raw/imagenette2-320/val/n01440764/n01440764_8250.JPEG,0,0,tench,0.87890625,"[0, 389, 391, 825, 996]","[""tench"", ""barracouta"", ""coho"", ""stone_wall"", ""hen-of-the-woods""]","[0.87890625, 0.03125, 0.015625, 0.00390625, 0.00390625]",True,True
b0005,data/raw/imagenette2-320/val/n01440764/n01440764_6550.JPEG,0,0,tench,0.88671875,"[0, 389, 103, 391, 334]","[""tench"", ""barracouta"", ""platypus"", ""coho"", ""porcupine""]","[0.88671875, 0.00390625, 0.00390625, 0.00390625, 0.0]",True,True
b0006,data/raw/imagenette2-320/val/n01440764/n01440764_4512.JPEG,0,0,tench,0.796875,"[0, 389, 1, 395, 394]","[""tench"", ""barracouta"", ""goldfish"", ""gar"", ""sturgeon""]","[0.796875, 0.01171875, 0.0078125, 0.0078125, 0.0078125]",True,True
b0007,data/raw/imagenette2-320/val/n01440764/n01440764_13251.JPEG,0,0,tench,0.703125,"[0, 389, 391, 395, 119]","[""tench"", ""barracouta"", ""coho"", ""gar"", ""rock_crab""]","[0.703125, 0.0234375, 0.0234375, 0.00390625, 0.00390625]",True,True
b0008,data/raw/imagenette2-320/val/n01440764/n01440764_12021.JPEG,0,0,tench,0.875,"[0, 389, 314, 328, 340]","[""tench"", ""barracouta"", ""cockroach"", ""sea_urchin"", ""zebra""]","[0.875, 0.0078125, 0.0, 0.0, 0.0]",True,True
b0009,data/raw/imagenette2-320/val/n01440764/n01440764_3011.JPEG,0,0,tench,0.86328125,"[0, 389, 391, 314, 315]","[""tench"", ""barracouta"", ""coho"", ""cockroach"", ""mantis""]","[0.86328125, 0.01171875, 0.00390625, 0.0, 0.0]",True,True
b0010,data/raw/imagenette2-320/val/n01440764/n01440764_20650.JPEG,0,0,tench,0.97265625,"[0, 389, 391, 314, 315]","[""tench"", ""barracouta"", ""coho"", ""cockroach"", ""mantis""]","[0.97265625, 0.01171875, 0.0078125, 0.0, 0.0]",True,True
b0011,data/raw/imagenette2-320/val/n01440764/n01440764_11570.JPEG,0,0,tench,0.58984375,"[0, 391, 394, 126, 1]","[""tench"", ""coho"", ""sturgeon"", ""isopod"", ""goldfish""]","[0.58984375, 0.07421875, 0.05078125, 0.015625, 0.015625]",True,True
b0012,data/raw/imagenette2-320/val/n01440764/n01440764_13452.JPEG,0,0,tench,0.96875,"[0, 389, 314, 328, 340]","[""tench"", ""barracouta"", ""cockroach"", ""sea_urchin"", ""zebra""]","[0.96875, 0.00390625, 0.0, 0.0, 0.0]",True,True
b0013,data/raw/imagenette2-320/val/n01440764/n01440764_9572.JPEG,0,0,tench,0.609375,"[0, 391, 394, 389, 119]","[""tench"", ""coho"", ""sturgeon"", ""barracouta"", ""rock_crab""]","[0.609375, 0.08203125, 0.02734375, 0.015625, 0.00390625]",True,True
b0014,data/raw/imagenette2-320/val/n01440764/n01440764_12881.JPEG,0,0,tench,0.47265625,"[0, 389, 126, 122, 391]","[""tench"", ""barracouta"", ""isopod"", ""American_lobster"", ""coho""]","[0.47265625, 0.03125, 0.0078125, 0.00390625, 0.00390625]",True,True
b0015,data/raw/imagenette2-320/val/n01440764/n01440764_8451.JPEG,0,0,tench,0.859375,"[0, 389, 1, 391, 341]","[""tench"", ""barracouta"", ""goldfish"", ""coho"", ""hog""]","[0.859375, 0.02734375, 0.00390625, 0.00390625, 0.0]",True,True
b0016,data/raw/imagenette2-320/val/n01440764/n01440764_7040.JPEG,0,391,coho,0.12109375,"[391, 0, 394, 116, 389]","[""coho"", ""tench"", ""sturgeon"", ""chiton"", ""barracouta""]","[0.12109375, 0.10546875, 0.08984375, 0.05078125, 0.0390625]",False,True
b0017,data/raw/imagenette2-320/val/n01440764/n01440764_30782.JPEG,0,113,snail,0.38671875,"[113, 0, 112, 389, 390]","[""snail"", ""tench"", ""conch"", ""barracouta"", ""eel""]","[0.38671875, 0.10546875, 0.05078125, 0.046875, 0.01953125]",False,True
b0018,data/raw/imagenette2-320/val/n01440764/n01440764_3432.JPEG,0,0,tench,0.6484375,"[0, 389, 394, 395, 314]","[""tench"", ""barracouta"", ""sturgeon"", ""gar"", ""cockroach""]","[0.6484375, 0.1171875, 0.03125, 0.0078125, 0.0]",True,True
b0019,data/raw/imagenette2-320/val/n01440764/n01440764_7142.JPEG,0,0,tench,0.8125,"[0, 389, 394, 391, 314]","[""tench"", ""barracouta"", ""sturgeon"", ""coho"", ""cockroach""]","[0.8125, 0.04296875, 0.0078125, 0.00390625, 0.0]",True,True
b0020,data/raw/imagenette2-320/val/n01440764/n01440764_4341.JPEG,0,0,tench,0.953125,"[0, 103, 389, 1, 315]","[""tench"", ""platypus"", ""barracouta"", ""goldfish"", ""mantis""]","[0.953125, 0.00390625, 0.00390625, 0.00390625, 0.0]",True,True
b0021,data/raw/imagenette2-320/val/n01440764/n01440764_752.JPEG,0,0,tench,0.7109375,"[0, 389, 394, 391, 314]","[""tench"", ""barracouta"", ""sturgeon"", ""coho"", ""cockroach""]","[0.7109375, 0.0390625, 0.01953125, 0.0078125, 0.0]",True,True
b0022,data/raw/imagenette2-320/val/n01440764/n01440764_6751.JPEG,0,0,tench,0.9375,"[0, 389, 395, 394, 391]","[""tench"", ""barracouta"", ""gar"", ""sturgeon"", ""coho""]","[0.9375, 0.0078125, 0.0078125, 0.00390625, 0.00390625]",True,True
b0023,data/raw/imagenette2-320/val/n01440764/n01440764_20592.JPEG,0,0,tench,0.984375,"[0, 391, 328, 340, 339]","[""tench"", ""coho"", ""sea_urchin"", ""zebra"", ""sorrel""]","[0.984375, 0.00390625, 0.0, 0.0, 0.0]",True,True
b0024,data/raw/imagenette2-320/val/n01440764/n01440764_26541.JPEG,0,0,tench,0.875,"[0, 389, 314, 328, 340]","[""tench"", ""barracouta"", ""cockroach"", ""sea_urchin"", ""zebra""]","[0.875, 0.0078125, 0.0, 0.0, 0.0]",True,True
b0025,data/raw/imagenette2-320/val/n01440764/n01440764_10592.JPEG,0,0,tench,0.640625,"[0, 33, 34, 394, 118]","[""tench"", ""loggerhead"", ""leatherback_turtle"", ""sturgeon"", ""Dungeness_crab""]","[0.640625, 0.0703125, 0.01953125, 0.01953125, 0.015625]",True,True
b0026,data/raw/imagenette2-320/val/n01440764/n01440764_11602.JPEG,0,0,tench,0.8046875,"[0, 389, 391, 394, 314]","[""tench"", ""barracouta"", ""coho"", ""sturgeon"", ""cockroach""]","[0.8046875, 0.0234375, 0.00390625, 0.00390625, 0.0]",True,True
b0027,data/raw/imagenette2-320/val/n01440764/n01440764_12291.JPEG,0,0,tench,0.26953125,"[0, 116, 5, 329, 126]","[""tench"", ""chiton"", ""electric_ray"", ""sea_cucumber"", ""isopod""]","[0.26953125, 0.1796875, 0.05859375, 0.02734375, 0.01953125]",True,True
b0028,data/raw/imagenette2-320/val/n01440764/n01440764_14530.JPEG,0,0,tench,0.52734375,"[0, 389, 395, 26, 1]","[""tench"", ""barracouta"", ""gar"", ""common_newt"", ""goldfish""]","[0.52734375, 0.09375, 0.0234375, 0.01953125, 0.015625]",True,True
b0029,data/raw/imagenette2-320/val/n01440764/n01440764_21052.JPEG,0,0,tench,0.13671875,"[0, 223, 394, 389, 395]","[""tench"", ""schipperke"", ""sturgeon"", ""barracouta"", ""gar""]","[0.13671875, 0.10546875, 0.0859375, 0.0546875, 0.04296875]",True,True
b0030,data/raw/imagenette2-320/val/n01440764/n01440764_5490.JPEG,0,0,tench,0.62890625,"[0, 389, 391, 395, 314]","[""tench"", ""barracouta"", ""coho"", ""gar"", ""cockroach""]","[0.62890625, 0.09765625, 0.00390625, 0.00390625, 0.0]",True,True
b0031,data/raw/imagenette2-320/val/n01440764/n01440764_12241.JPEG,0,0,tench,0.6640625,"[0, 394, 389, 277, 5]","[""tench"", ""sturgeon"", ""barracouta"", ""red_fox"", ""electric_ray""]","[0.6640625, 0.015625, 0.01171875, 0.00390625, 0.00390625]",True,True
b0032,data/raw/imagenette2-320/val/n01440764/n01440764_13821.JPEG,0,0,tench,0.87890625,"[0, 391, 394, 389, 316]","[""tench"", ""coho"", ""sturgeon"", ""barracouta"", ""cicada""]","[0.87890625, 0.015625, 0.00390625, 0.00390625, 0.0]",True,True
b0033,data/raw/imagenette2-320/val/n01440764/n01440764_3251.JPEG,0,0,tench,0.8203125,"[0, 758, 391, 389, 394]","[""tench"", ""reel"", ""coho"", ""barracouta"", ""sturgeon""]","[0.8203125, 0.0390625, 0.01953125, 0.015625, 0.00390625]",True,True
b0034,data/raw/imagenette2-320/val/n01440764/n01440764_421.JPEG,0,0,tench,0.59375,"[0, 389, 391, 395, 1]","[""tench"", ""barracouta"", ""coho"", ""gar"", ""goldfish""]","[0.59375, 0.04296875, 0.03515625, 0.015625, 0.0078125]",True,True
b0035,data/raw/imagenette2-320/val/n01440764/n01440764_11151.JPEG,0,0,tench,0.83203125,"[0, 389, 391, 119, 394]","[""tench"", ""barracouta"", ""coho"", ""rock_crab"", ""sturgeon""]","[0.83203125, 0.01171875, 0.0078125, 0.00390625, 0.00390625]",True,True
b0036,data/raw/imagenette2-320/val/n01440764/n01440764_10482.JPEG,0,394,sturgeon,0.4765625,"[394, 0, 389, 26, 391]","[""sturgeon"", ""tench"", ""barracouta"", ""common_newt"", ""coho""]","[0.4765625, 0.38671875, 0.0234375, 0.0078125, 0.0078125]",False,True
b0037,data/raw/imagenette2-320/val/n01440764/n01440764_12702.JPEG,0,0,tench,0.4296875,"[0, 389, 394, 758, 395]","[""tench"", ""barracouta"", ""sturgeon"", ""reel"", ""gar""]","[0.4296875, 0.265625, 0.01171875, 0.00390625, 0.00390625]",True,True
b0038,data/raw/imagenette2-320/val/n01440764/n01440764_12151.JPEG,0,0,tench,0.703125,"[0, 394, 389, 395, 391]","[""tench"", ""sturgeon"", ""barracouta"", ""gar"", ""coho""]","[0.703125, 0.0390625, 0.03125, 0.00390625, 0.00390625]",True,True
b0039,data/raw/imagenette2-320/val/n01440764/n01440764_1561.JPEG,0,0,tench,0.89453125,"[0, 391, 389, 394, 315]","[""tench"", ""coho"", ""barracouta"", ""sturgeon"", ""mantis""]","[0.89453125, 0.03125, 0.0078125, 0.00390625, 0.0]",True,True
b0040,data/raw/imagenette2-320/val/n01440764/n01440764_5361.JPEG,0,0,tench,0.9140625,"[0, 389, 394, 391, 314]","[""tench"", ""barracouta"", ""sturgeon"", ""coho"", ""cockroach""]","[0.9140625, 0.01171875, 0.0078125, 0.00390625, 0.0]",True,True
b0041,data/raw/imagenette2-320/val/n01440764/n01440764_7591.JPEG,0,0,tench,0.48046875,"[0, 389, 391, 1, 395]","[""tench"", ""barracouta"", ""coho"", ""goldfish"", ""gar""]","[0.48046875, 0.0859375, 0.0546875, 0.015625, 0.015625]",True,True
b0042,data/raw/imagenette2-320/val/n01440764/n01440764_6410.JPEG,0,0,tench,0.609375,"[0, 389, 394, 395, 1]","[""tench"", ""barracouta"", ""sturgeon"", ""gar"", ""goldfish""]","[0.609375, 0.15625, 0.015625, 0.0078125, 0.00390625]",True,True
b0043,data/raw/imagenette2-320/val/n01440764/n01440764_7632.JPEG,0,0,tench,0.859375,"[0, 391, 394, 389, 316]","[""tench"", ""coho"", ""sturgeon"", ""barracouta"", ""cicada""]","[0.859375, 0.015625, 0.015625, 0.01171875, 0.0]",True,True
b0044,data/raw/imagenette2-320/val/n01440764/n01440764_7030.JPEG,0,0,tench,0.625,"[0, 1, 389, 973, 397]","[""tench"", ""goldfish"", ""barracouta"", ""coral_reef"", ""puffer""]","[0.625, 0.07421875, 0.0234375, 0.0078125, 0.00390625]",True,True
b0045,data/raw/imagenette2-320/val/n01440764/n01440764_25361.JPEG,0,0,tench,0.734375,"[0, 389, 394, 33, 997]","[""tench"", ""barracouta"", ""sturgeon"", ""loggerhead"", ""bolete""]","[0.734375, 0.03515625, 0.01171875, 0.0078125, 0.00390625]",True,True
b0046,data/raw/imagenette2-320/val/n01440764/n01440764_5432.JPEG,0,0,tench,0.30078125,"[0, 391, 394, 389, 395]","[""tench"", ""coho"", ""sturgeon"", ""barracouta"", ""gar""]","[0.30078125, 0.16015625, 0.09375, 0.03515625, 0.015625]",True,True
b0047,data/raw/imagenette2-320/val/n01440764/n01440764_13051.JPEG,0,0,tench,0.73828125,"[0, 389, 391, 397, 1]","[""tench"", ""barracouta"", ""coho"", ""puffer"", ""goldfish""]","[0.73828125, 0.09375, 0.015625, 0.01171875, 0.0078125]",True,True
b0048,data/raw/imagenette2-320/val/n01440764/n01440764_3781.JPEG,0,0,tench,0.90234375,"[0, 394, 389, 395, 391]","[""tench"", ""sturgeon"", ""barracouta"", ""gar"", ""coho""]","[0.90234375, 0.01953125, 0.0078125, 0.00390625, 0.00390625]",True,True
b0049,data/raw/imagenette2-320/val/n01440764/n01440764_14650.JPEG,0,0,tench,0.94140625,"[0, 389, 314, 328, 340]","[""tench"", ""barracouta"", ""cockroach"", ""sea_urchin"", ""zebra""]","[0.94140625, 0.0078125, 0.0, 0.0, 0.0]",True,True
b0050,data/raw/imagenette2-320/val/n02102040/n02102040_990.JPEG,217,212,English_setter,0.28125,"[212, 217, 219, 216, 155]","[""English_setter"", ""English_springer"", ""cocker_spaniel"", ""clumber"", ""Shih-Tzu""]","[0.28125, 0.26171875, 0.10546875, 0.0703125, 0.03515625]",False,True
b0051,data/raw/imagenette2-320/val/n02102040/n02102040_1632.JPEG,217,155,Shih-Tzu,0.609375,"[155, 200, 217, 196, 152]","[""Shih-Tzu"", ""Tibetan_terrier"", ""English_springer"", ""miniature_schnauzer"", ""Japanese_spaniel""]","[0.609375, 0.16796875, 0.0546875, 0.01953125, 0.01953125]",False,True
b0052,data/raw/imagenette2-320/val/n02102040/n02102040_3532.JPEG,217,217,English_springer,0.65234375,"[217, 212, 215, 218, 210]","[""English_springer"", ""English_setter"", ""Brittany_spaniel"", ""Welsh_springer_spaniel"", ""German_short-haired_pointer""]","[0.65234375, 0.16796875, 0.07421875, 0.02734375, 0.015625]",True,True
b0053,data/raw/imagenette2-320/val/n02102040/n02102040_3052.JPEG,217,217,English_springer,0.64453125,"[217, 215, 218, 156, 247]","[""English_springer"", ""Brittany_spaniel"", ""Welsh_springer_spaniel"", ""Blenheim_spaniel"", ""Saint_Bernard""]","[0.64453125, 0.06640625, 0.046875, 0.04296875, 0.0234375]",True,True
b0054,data/raw/imagenette2-320/val/n02102040/n02102040_620.JPEG,217,212,English_setter,0.30859375,"[212, 210, 246, 217, 341]","[""English_setter"", ""German_short-haired_pointer"", ""Great_Dane"", ""English_springer"", ""hog""]","[0.30859375, 0.16796875, 0.15625, 0.046875, 0.015625]",False,True
b0055,data/raw/imagenette2-320/val/n02102040/n02102040_4780.JPEG,217,218,Welsh_springer_spaniel,0.28515625,"[218, 217, 220, 216, 219]","[""Welsh_springer_spaniel"", ""English_springer"", ""Sussex_spaniel"", ""clumber"", ""cocker_spaniel""]","[0.28515625, 0.17578125, 0.125, 0.04296875, 0.0390625]",False,True
b0056,data/raw/imagenette2-320/val/n02102040/ILSVRC2012_val_00014280.JPEG,217,217,English_springer,0.4765625,"[217, 212, 215, 210, 218]","[""English_springer"", ""English_setter"", ""Brittany_spaniel"", ""German_short-haired_pointer"", ""Welsh_springer_spaniel""]","[0.4765625, 0.18359375, 0.05859375, 0.05078125, 0.03125]",True,True
b0057,data/raw/imagenette2-320/val/n02102040/n02102040_3091.JPEG,217,217,English_springer,0.87890625,"[217, 215, 220, 219, 232]","[""English_springer"", ""Brittany_spaniel"", ""Sussex_spaniel"", ""cocker_spaniel"", ""Border_collie""]","[0.87890625, 0.0234375, 0.0078125, 0.0078125, 0.0078125]",True,True
b0058,data/raw/imagenette2-320/val/n02102040/n02102040_5120.JPEG,217,217,English_springer,0.25,"[217, 212, 169, 215, 219]","[""English_springer"", ""English_setter"", ""borzoi"", ""Brittany_spaniel"", ""cocker_spaniel""]","[0.25, 0.19140625, 0.0625, 0.04296875, 0.03125]",True,True
b0059,data/raw/imagenette2-320/val/n02102040/n02102040_4352.JPEG,217,217,English_springer,0.81640625,"[217, 218, 220, 219, 215]","[""English_springer"", ""Welsh_springer_spaniel"", ""Sussex_spaniel"", ""cocker_spaniel"", ""Brittany_spaniel""]","[0.81640625, 0.0546875, 0.04296875, 0.02734375, 0.0078125]",True,True
b0060,data/raw/imagenette2-320/val/n02102040/n02102040_1782.JPEG,217,212,English_setter,0.171875,"[212, 217, 247, 218, 219]","[""English_setter"", ""English_springer"", ""Saint_Bernard"", ""Welsh_springer_spaniel"", ""cocker_spaniel""]","[0.171875, 0.06640625, 0.0625, 0.0625, 0.0546875]",False,True
b0061,data/raw/imagenette2-320/val/n02102040/n02102040_3891.JPEG,217,217,English_springer,0.8984375,"[217, 219, 218, 216, 215]","[""English_springer"", ""cocker_spaniel"", ""Welsh_springer_spaniel"", ""clumber"", ""Brittany_spaniel""]","[0.8984375, 0.0234375, 0.0078125, 0.00390625, 0.00390625]",True,True
b0062,data/raw/imagenette2-320/val/n02102040/n02102040_1642.JPEG,217,217,English_springer,0.859375,"[217, 210, 218, 219, 220]","[""English_springer"", ""German_short-haired_pointer"", ""Welsh_springer_spaniel"", ""cocker_spaniel"", ""Sussex_spaniel""]","[0.859375, 0.02734375, 0.0234375, 0.015625, 0.01171875]",True,True
b0063,data/raw/imagenette2-320/val/n02102040/n02102040_5061.JPEG,217,217,English_springer,0.46875,"[217, 215, 212, 218, 210]","[""English_springer"", ""Brittany_spaniel"", ""English_setter"", ""Welsh_springer_spaniel"", ""German_short-haired_pointer""]","[0.46875, 0.10546875, 0.0390625, 0.03125, 0.03125]",True,True
b0064,data/raw/imagenette2-320/val/n02102040/n02102040_3582.JPEG,217,212,English_setter,0.1953125,"[212, 215, 219, 217, 216]","[""English_setter"", ""Brittany_spaniel"", ""cocker_spaniel"", ""English_springer"", ""clumber""]","[0.1953125, 0.11328125, 0.0703125, 0.06640625, 0.05859375]",False,True
b0065,data/raw/imagenette2-320/val/n02102040/n02102040_2111.JPEG,217,217,English_springer,0.08984375,"[217, 586, 264, 218, 212]","[""English_springer"", ""half_track"", ""Cardigan"", ""Welsh_springer_spaniel"", ""English_setter""]","[0.08984375, 0.0703125, 0.0625, 0.046875, 0.03515625]",True,True
b0066,data/raw/imagenette2-320/val/n02102040/n02102040_290.JPEG,217,217,English_springer,0.4765625,"[217, 219, 220, 267, 218]","[""English_springer"", ""cocker_spaniel"", ""Sussex_spaniel"", ""standard_poodle"", ""Welsh_springer_spaniel""]","[0.4765625, 0.3359375, 0.02734375, 0.0234375, 0.0234375]",True,True
b0067,data/raw/imagenette2-320/val/n02102040/n02102040_4872.JPEG,217,217,English_springer,0.3671875,"[217, 218, 212, 232, 164]","[""English_springer"", ""Welsh_springer_spaniel"", ""English_setter"", ""Border_collie"", ""bluetick""]","[0.3671875, 0.1015625, 0.05078125, 0.04296875, 0.0390625]",True,True
b0068,data/raw/imagenette2-320/val/n02102040/n02102040_460.JPEG,217,217,English_springer,0.734375,"[217, 218, 219, 216, 215]","[""English_springer"", ""Welsh_springer_spaniel"", ""cocker_spaniel"", ""clumber"", ""Brittany_spaniel""]","[0.734375, 0.06640625, 0.05078125, 0.02734375, 0.01953125]",True,True
b0069,data/raw/imagenette2-320/val/n02102040/n02102040_1160.JPEG,217,212,English_setter,0.390625,"[212, 216, 217, 215, 218]","[""English_setter"", ""clumber"", ""English_springer"", ""Brittany_spaniel"", ""Welsh_springer_spaniel""]","[0.390625, 0.18359375, 0.12890625, 0.07421875, 0.02734375]",False,True
b0070,data/raw/imagenette2-320/val/n02102040/n02102040_3462.JPEG,217,217,English_springer,0.86328125,"[217, 219, 232, 220, 215]","[""English_springer"", ""cocker_spaniel"", ""Border_collie"", ""Sussex_spaniel"", ""Brittany_spaniel""]","[0.86328125, 0.0390625, 0.0078125, 0.00390625, 0.00390625]",True,True
b0071,data/raw/imagenette2-320/val/n02102040/n02102040_430.JPEG,217,218,Welsh_springer_spaniel,0.15234375,"[218, 217, 219, 220, 216]","[""Welsh_springer_spaniel"", ""English_springer"", ""cocker_spaniel"", ""Sussex_spaniel"", ""clumber""]","[0.15234375, 0.140625, 0.125, 0.05859375, 0.03125]",False,True
b0072,data/raw/imagenette2-320/val/n02102040/n02102040_700.JPEG,217,212,English_setter,0.10546875,"[212, 218, 219, 169, 156]","[""English_setter"", ""Welsh_springer_spaniel"", ""cocker_spaniel"", ""borzoi"", ""Blenheim_spaniel""]","[0.10546875, 0.09375, 0.0859375, 0.05078125, 0.0390625]",False,False
b0073,data/raw/imagenette2-320/val/n02102040/n02102040_1081.JPEG,217,212,English_setter,0.1015625,"[212, 155, 750, 204, 797]","[""English_setter"", ""Shih-Tzu"", ""quilt"", ""Lhasa"", ""sleeping_bag""]","[0.1015625, 0.09375, 0.078125, 0.06640625, 0.0546875]",False,False
b0074,data/raw/imagenette2-320/val/n02102040/n02102040_681.JPEG,217,217,English_springer,0.0625,"[217, 230, 219, 188, 338]","[""English_springer"", ""Shetland_sheepdog"", ""cocker_spaniel"", ""wire-haired_fox_terrier"", ""guinea_pig""]","[0.0625, 0.0390625, 0.03515625, 0.02734375, 0.02734375]",True,True
b0075,data/raw/imagenette2-320/val/n02102040/n02102040_7421.JPEG,217,916,web_site,0.21484375,"[916, 917, 151, 549, 223]","[""web_site"", ""comic_book"", ""Chihuahua"", ""envelope"", ""schipperke""]","[0.21484375, 0.1640625, 0.01953125, 0.01953125, 0.015625]",False,False
b0076,data/raw/imagenette2-320/val/n02102040/n02102040_571.JPEG,217,217,English_springer,0.8046875,"[217, 212, 220, 216, 218]","[""English_springer"", ""English_setter"", ""Sussex_spaniel"", ""clumber"", ""Welsh_springer_spaniel""]","[0.8046875, 0.03125, 0.02734375, 0.02734375, 0.01953125]",True,True
b0077,data/raw/imagenette2-320/val/n02102040/n02102040_960.JPEG,217,217,English_springer,0.42578125,"[217, 188, 232, 231, 215]","[""English_springer"", ""wire-haired_fox_terrier"", ""Border_collie"", ""collie"", ""Brittany_spaniel""]","[0.42578125, 0.0625, 0.05078125, 0.03125, 0.0234375]",True,True
b0078,data/raw/imagenette2-320/val/n02102040/n02102040_2481.JPEG,217,217,English_springer,0.68359375,"[217, 220, 219, 218, 216]","[""English_springer"", ""Sussex_spaniel"", ""cocker_spaniel"", ""Welsh_springer_spaniel"", ""clumber""]","[0.68359375, 0.140625, 0.0703125, 0.015625, 0.01171875]",True,True
b0079,data/raw/imagenette2-320/val/n02102040/n02102040_7002.JPEG,217,217,English_springer,0.453125,"[217, 218, 215, 219, 156]","[""English_springer"", ""Welsh_springer_spaniel"", ""Brittany_spaniel"", ""cocker_spaniel"", ""Blenheim_spaniel""]","[0.453125, 0.39453125, 0.0234375, 0.01953125, 0.01171875]",True,True
b0080,data/raw/imagenette2-320/val/n02102040/n02102040_4250.JPEG,217,217,English_springer,0.8125,"[217, 218, 215, 219, 212]","[""English_springer"", ""Welsh_springer_spaniel"", ""Brittany_spaniel"", ""cocker_spaniel"", ""English_setter""]","[0.8125, 0.046875, 0.0390625, 0.01171875, 0.01171875]",True,True
b0081,data/raw/imagenette2-320/val/n02102040/n02102040_8272.JPEG,217,217,English_springer,0.59375,"[217, 218, 220, 215, 219]","[""English_springer"", ""Welsh_springer_spaniel"", ""Sussex_spaniel"", ""Brittany_spaniel"", ""cocker_spaniel""]","[0.59375, 0.1015625, 0.0703125, 0.06640625, 0.03125]",True,True
b0082,data/raw/imagenette2-320/val/n02102040/n02102040_970.JPEG,217,212,English_setter,0.29296875,"[212, 217, 215, 176, 155]","[""English_setter"", ""English_springer"", ""Brittany_spaniel"", ""Saluki"", ""Shih-Tzu""]","[0.29296875, 0.08984375, 0.078125, 0.046875, 0.01953125]",False,True
b0083,data/raw/imagenette2-320/val/n02102040/n02102040_1201.JPEG,217,217,English_springer,0.85546875,"[217, 219, 212, 215, 220]","[""English_springer"", ""cocker_spaniel"", ""English_setter"", ""Brittany_spaniel"", ""Sussex_spaniel""]","[0.85546875, 0.05859375, 0.01171875, 0.01171875, 0.0078125]",True,True
b0084,data/raw/imagenette2-320/val/n02102040/n02102040_3260.JPEG,217,219,cocker_spaniel,0.67578125,"[219, 217, 218, 220, 216]","[""cocker_spaniel"", ""English_springer"", ""Welsh_springer_spaniel"", ""Sussex_spaniel"", ""clumber""]","[0.67578125, 0.11328125, 0.06640625, 0.04296875, 0.015625]",False,True
b0085,data/raw/imagenette2-320/val/n02102040/n02102040_7011.JPEG,217,217,English_springer,0.32421875,"[217, 219, 212, 215, 218]","[""English_springer"", ""cocker_spaniel"", ""English_setter"", ""Brittany_spaniel"", ""Welsh_springer_spaniel""]","[0.32421875, 0.265625, 0.1171875, 0.05078125, 0.01953125]",True,True
b0086,data/raw/imagenette2-320/val/n02102040/n02102040_4801.JPEG,217,217,English_springer,0.7265625,"[217, 212, 215, 247, 232]","[""English_springer"", ""English_setter"", ""Brittany_spaniel"", ""Saint_Bernard"", ""Border_collie""]","[0.7265625, 0.06640625, 0.05859375, 0.04296875, 0.015625]",True,True
b0087,data/raw/imagenette2-320/val/n02102040/n02102040_350.JPEG,217,217,English_springer,0.77734375,"[217, 219, 212, 218, 216]","[""English_springer"", ""cocker_spaniel"", ""English_setter"", ""Welsh_springer_spaniel"", ""clumber""]","[0.77734375, 0.0625, 0.0546875, 0.03125, 0.015625]",True,True
b0088,data/raw/imagenette2-320/val/n02102040/n02102040_702.JPEG,217,217,English_springer,0.37890625,"[217, 219, 212, 265, 215]","[""English_springer"", ""cocker_spaniel"", ""English_setter"", ""toy_poodle"", ""Brittany_spaniel""]","[0.37890625, 0.26953125, 0.03515625, 0.03125, 0.03125]",True,True
b0089,data/raw/imagenette2-320/val/n02102040/n02102040_1300.JPEG,217,217,English_springer,0.6484375,"[217, 215, 218, 212, 220]","[""English_springer"", ""Brittany_spaniel"", ""Welsh_springer_spaniel"", ""English_setter"", ""Sussex_spaniel""]","[0.6484375, 0.1015625, 0.0546875, 0.01953125, 0.01953125]",True,True
b0090,data/raw/imagenette2-320/val/n02102040/ILSVRC2012_val_00016582.JPEG,217,212,English_setter,0.46875,"[212, 219, 217, 214, 220]","[""English_setter"", ""cocker_spaniel"", ""English_springer"", ""Gordon_setter"", ""Sussex_spaniel""]","[0.46875, 0.26953125, 0.0703125, 0.05078125, 0.01953125]",False,True
b0091,data/raw/imagenette2-320/val/n02102040/n02102040_911.JPEG,217,217,English_springer,0.71875,"[217, 212, 232, 215, 231]","[""English_springer"", ""English_setter"", ""Border_collie"", ""Brittany_spaniel"", ""collie""]","[0.71875, 0.06640625, 0.05078125, 0.0234375, 0.0078125]",True,True
b0092,data/raw/imagenette2-320/val/n02102040/n02102040_1310.JPEG,217,217,English_springer,0.3125,"[217, 219, 212, 155, 220]","[""English_springer"", ""cocker_spaniel"", ""English_setter"", ""Shih-Tzu"", ""Sussex_spaniel""]","[0.3125, 0.1796875, 0.078125, 0.06640625, 0.03515625]",True,True
b0093,data/raw/imagenette2-320/val/n02102040/n02102040_2950.JPEG,217,217,English_springer,0.19921875,"[217, 182, 151, 195, 262]","[""English_springer"", ""Border_terrier"", ""Chihuahua"", ""Boston_bull"", ""Brabancon_griffon""]","[0.19921875, 0.11328125, 0.06640625, 0.0546875, 0.05078125]",True,True
b0094,data/raw/imagenette2-320/val/n02102040/n02102040_1842.JPEG,217,217,English_springer,0.34375,"[217, 218, 219, 220, 216]","[""English_springer"", ""Welsh_springer_spaniel"", ""cocker_spaniel"", ""Sussex_spaniel"", ""clumber""]","[0.34375, 0.19921875, 0.109375, 0.09375, 0.04296875]",True,True
b0095,data/raw/imagenette2-320/val/n02102040/n02102040_4320.JPEG,217,217,English_springer,0.8984375,"[217, 218, 219, 220, 212]","[""English_springer"", ""Welsh_springer_spaniel"", ""cocker_spaniel"", ""Sussex_spaniel"", ""English_setter""]","[0.8984375, 0.01953125, 0.01953125, 0.015625, 0.01171875]",True,True
b0096,data/raw/imagenette2-320/val/n02102040/n02102040_8012.JPEG,217,217,English_springer,0.25390625,"[217, 155, 188, 204, 212]","[""English_springer"", ""Shih-Tzu"", ""wire-haired_fox_terrier"", ""Lhasa"", ""English_setter""]","[0.25390625, 0.22265625, 0.078125, 0.0625, 0.03515625]",True,True
b0097,data/raw/imagenette2-320/val/n02102040/n02102040_5101.JPEG,217,217,English_springer,0.80859375,"[217, 219, 212, 229, 200]","[""English_springer"", ""cocker_spaniel"", ""English_setter"", ""Old_English_sheepdog"", ""Tibetan_terrier""]","[0.80859375, 0.0390625, 0.01171875, 0.01171875, 0.01171875]",True,True
b0098,data/raw/imagenette2-320/val/n02102040/n02102040_5091.JPEG,217,217,English_springer,0.54296875,"[217, 219, 212, 220, 218]","[""English_springer"", ""cocker_spaniel"", ""English_setter"", ""Sussex_spaniel"", ""Welsh_springer_spaniel""]","[0.54296875, 0.18359375, 0.0859375, 0.03125, 0.0234375]",True,True
b0099,data/raw/imagenette2-320/val/n02102040/n02102040_281.JPEG,217,217,English_springer,0.52734375,"[217, 215, 218, 212, 216]","[""English_springer"", ""Brittany_spaniel"", ""Welsh_springer_spaniel"", ""English_setter"", ""clumber""]","[0.52734375, 0.15625, 0.08984375, 0.05859375, 0.046875]",True,True
b0100,data/raw/imagenette2-320/val/n02979186/n02979186_8861.JPEG,482,848,tape_player,0.19140625,"[848, 482, 481, 592, 754]","[""tape_player"", ""cassette_player"", ""cassette"", ""hard_disc"", ""radio""]","[0.19140625, 0.1796875, 0.1015625, 0.07421875, 0.0234375]",False,True
b0101,data/raw/imagenette2-320/val/n02979186/n02979186_22882.JPEG,482,848,tape_player,0.4765625,"[848, 482, 485, 859, 826]","[""tape_player"", ""cassette_player"", ""CD_player"", ""toaster"", ""stopwatch""]","[0.4765625, 0.36328125, 0.0703125, 0.0078125, 0.00390625]",False,True
b0102,data/raw/imagenette2-320/val/n02979186/n02979186_1561.JPEG,482,482,cassette_player,0.734375,"[482, 848, 485, 481, 635]","[""cassette_player"", ""tape_player"", ""CD_player"", ""cassette"", ""magnetic_compass""]","[0.734375, 0.109375, 0.02734375, 0.01953125, 0.01171875]",True,True
b0103,data/raw/imagenette2-320/val/n02979186/n02979186_16142.JPEG,482,848,tape_player,0.28125,"[848, 482, 481, 662, 485]","[""tape_player"", ""cassette_player"", ""cassette"", ""modem"", ""CD_player""]","[0.28125, 0.24609375, 0.1640625, 0.04296875, 0.0390625]",False,True
b0104,data/raw/imagenette2-320/val/n02979186/n02979186_11000.JPEG,482,848,tape_player,0.24609375,"[848, 754, 632, 527, 664]","[""tape_player"", ""radio"", ""loudspeaker"", ""desktop_computer"", ""monitor""]","[0.24609375, 0.15234375, 0.14453125, 0.08203125, 0.05078125]",False,False
b0105,data/raw/imagenette2-320/val/n02979186/n02979186_3321.JPEG,482,482,cassette_player,0.3828125,"[482, 848, 754, 481, 662]","[""cassette_player"", ""tape_player"", ""radio"", ""cassette"", ""modem""]","[0.3828125, 0.3359375, 0.13671875, 0.02734375, 0.01171875]",True,True
b0106,data/raw/imagenette2-320/val/n02979186/n02979186_11481.JPEG,482,593,harmonica,0.125,"[593, 893, 692, 481, 921]","[""harmonica"", ""wallet"", ""packet"", ""cassette"", ""book_jacket""]","[0.125, 0.109375, 0.05078125, 0.04296875, 0.04296875]",False,False
b0107,data/raw/imagenette2-320/val/n02979186/ILSVRC2012_val_00042482.JPEG,482,848,tape_player,0.65234375,"[848, 481, 482, 485, 632]","[""tape_player"", ""cassette"", ""cassette_player"", ""CD_player"", ""loudspeaker""]","[0.65234375, 0.1171875, 0.1015625, 0.06640625, 0.015625]",False,True
b0108,data/raw/imagenette2-320/val/n02979186/n02979186_15800.JPEG,482,848,tape_player,0.40234375,"[848, 485, 482, 688, 754]","[""tape_player"", ""CD_player"", ""cassette_player"", ""oscilloscope"", ""radio""]","[0.40234375, 0.08984375, 0.08203125, 0.0625, 0.05859375]",False,True
b0109,data/raw/imagenette2-320/val/n02979186/n02979186_351.JPEG,482,656,minivan,0.31640625,"[656, 436, 479, 627, 511]","[""minivan"", ""beach_wagon"", ""car_wheel"", ""limousine"", ""convertible""]","[0.31640625, 0.2734375, 0.10546875, 0.04296875, 0.015625]",False,False
b0110,data/raw/imagenette2-320/val/n02979186/n02979186_22101.JPEG,482,482,cassette_player,0.34375,"[482, 754, 848, 632, 811]","[""cassette_player"", ""radio"", ""tape_player"", ""loudspeaker"", ""space_heater""]","[0.34375, 0.1640625, 0.1328125, 0.109375, 0.05078125]",True,True
b0111,data/raw/imagenette2-320/val/n02979186/n02979186_3902.JPEG,482,548,entertainment_center,0.7265625,"[548, 598, 851, 848, 482]","[""entertainment_center"", ""home_theater"", ""television"", ""tape_player"", ""cassette_player""]","[0.7265625, 0.1328125, 0.03515625, 0.015625, 0.01171875]",False,True
b0112,data/raw/imagenette2-320/val/n02979186/n02979186_14251.JPEG,482,481,cassette,0.98046875,"[481, 848, 482, 339, 338]","[""cassette"", ""tape_player"", ""cassette_player"", ""sorrel"", ""guinea_pig""]","[0.98046875, 0.01171875, 0.0078125, 0.0, 0.0]",False,True
b0113,data/raw/imagenette2-320/val/n02979186/n02979186_23650.JPEG,482,485,CD_player,0.3828125,"[485, 482, 826, 848, 409]","[""CD_player"", ""cassette_player"", ""stopwatch"", ""tape_player"", ""analog_clock""]","[0.3828125, 0.14453125, 0.07421875, 0.0703125, 0.0703125]",False,True
b0114,data/raw/imagenette2-320/val/n02979186/n02979186_10670.JPEG,482,482,cassette_player,0.71875,"[482, 848, 485, 754, 481]","[""cassette_player"", ""tape_player"", ""CD_player"", ""radio"", ""cassette""]","[0.71875, 0.12890625, 0.0390625, 0.03125, 0.0078125]",True,True
b0115,data/raw/imagenette2-320/val/n02979186/n02979186_5280.JPEG,482,548,entertainment_center,0.5078125,"[548, 851, 598, 894, 526]","[""entertainment_center"", ""television"", ""home_theater"", ""wardrobe"", ""desk""]","[0.5078125, 0.12109375, 0.05859375, 0.03125, 0.02734375]",False,False
b0116,data/raw/imagenette2-320/val/n02979186/n02979186_271.JPEG,482,453,bookcase,0.6953125,"[453, 548, 848, 553, 624]","[""bookcase"", ""entertainment_center"", ""tape_player"", ""file"", ""library""]","[0.6953125, 0.1171875, 0.0390625, 0.015625, 0.01171875]",False,False
b0117,data/raw/imagenette2-320/val/n02979186/n02979186_15432.JPEG,482,592,hard_disc,0.2265625,"[592, 487, 844, 482, 485]","[""hard_disc"", ""cellular_telephone"", ""switch"", ""cassette_player"", ""CD_player""]","[0.2265625, 0.125, 0.125, 0.05859375, 0.046875]",False,True
b0118,data/raw/imagenette2-320/val/n02979186/n02979186_13661.JPEG,482,848,tape_player,0.43359375,"[848, 482, 485, 754, 481]","[""tape_player"", ""cassette_player"", ""CD_player"", ""radio"", ""cassette""]","[0.43359375, 0.26953125, 0.1796875, 0.03125, 0.01953125]",False,True
b0119,data/raw/imagenette2-320/val/n02979186/n02979186_10691.JPEG,482,485,CD_player,0.26953125,"[485, 482, 606, 761, 848]","[""CD_player"", ""cassette_player"", ""iron"", ""remote_control"", ""tape_player""]","[0.26953125, 0.234375, 0.0703125, 0.03125, 0.02734375]",False,True
b0120,data/raw/imagenette2-320/val/n02979186/n02979186_560.JPEG,482,482,cassette_player,0.3046875,"[482, 848, 481, 754, 593]","[""cassette_player"", ""tape_player"", ""cassette"", ""radio"", ""harmonica""]","[0.3046875, 0.24609375, 0.24609375, 0.06640625, 0.0078125]",True,True
b0121,data/raw/imagenette2-320/val/n02979186/n02979186_15401.JPEG,482,485,CD_player,0.46875,"[485, 848, 482, 751, 535]","[""CD_player"", ""tape_player"", ""cassette_player"", ""racer"", ""disk_brake""]","[0.46875, 0.1796875, 0.15625, 0.03125, 0.015625]",False,True
b0122,data/raw/imagenette2-320/val/n02979186/n02979186_6851.JPEG,482,848,tape_player,0.390625,"[848, 482, 487, 485, 662]","[""tape_player"", ""cassette_player"", ""cellular_telephone"", ""CD_player"", ""modem""]","[0.390625, 0.2578125, 0.140625, 0.04296875, 0.02734375]",False,True
b0123,data/raw/imagenette2-320/val/n02979186/n02979186_5031.JPEG,482,482,cassette_player,0.40625,"[482, 848, 485, 754, 481]","[""cassette_player"", ""tape_player"", ""CD_player"", ""radio"", ""cassette""]","[0.40625, 0.35546875, 0.14453125, 0.03125, 0.0234375]",True,True
b0124,data/raw/imagenette2-320/val/n02979186/n02979186_26802.JPEG,482,636,mailbag,0.41796875,"[636, 482, 606, 748, 848]","[""mailbag"", ""cassette_player"", ""iron"", ""purse"", ""tape_player""]","[0.41796875, 0.296875, 0.0625, 0.03515625, 0.02734375]",False,True
b0125,data/raw/imagenette2-320/val/n02979186/n02979186_9450.JPEG,482,477,carpenter's_kit,0.30859375,"[477, 848, 482, 784, 593]","[""carpenter's_kit"", ""tape_player"", ""cassette_player"", ""screwdriver"", ""harmonica""]","[0.30859375, 0.08203125, 0.0703125, 0.046875, 0.046875]",False,True
b0126,data/raw/imagenette2-320/val/n02979186/n02979186_6271.JPEG,482,482,cassette_player,0.23046875,"[482, 414, 636, 606, 423]","[""cassette_player"", ""backpack"", ""mailbag"", ""iron"", ""barber_chair""]","[0.23046875, 0.14453125, 0.08203125, 0.07421875, 0.03515625]",True,True
b0127,data/raw/imagenette2-320/val/n02979186/n02979186_11861.JPEG,482,482,cassette_player,0.96484375,"[482, 848, 485, 333, 328]","[""cassette_player"", ""tape_player"", ""CD_player"", ""hamster"", ""sea_urchin""]","[0.96484375, 0.0234375, 0.00390625, 0.0, 0.0]",True,True
b0128,data/raw/imagenette2-320/val/n02979186/n02979186_2810.JPEG,482,482,cassette_player,0.3671875,"[482, 848, 485, 492, 827]","[""cassette_player"", ""tape_player"", ""CD_player"", ""chest"", ""stove""]","[0.3671875, 0.1875, 0.08203125, 0.02734375, 0.02734375]",True,True
b0129,data/raw/imagenette2-320/val/n02979186/n02979186_15350.JPEG,482,848,tape_player,0.38671875,"[848, 482, 481, 688, 754]","[""tape_player"", ""cassette_player"", ""cassette"", ""oscilloscope"", ""radio""]","[0.38671875, 0.22265625, 0.13671875, 0.03515625, 0.03125]",False,True
b0130,data/raw/imagenette2-320/val/n02979186/n02979186_3010.JPEG,482,848,tape_player,0.28515625,"[848, 482, 485, 754, 827]","[""tape_player"", ""cassette_player"", ""CD_player"", ""radio"", ""stove""]","[0.28515625, 0.265625, 0.15625, 0.0625, 0.046875]",False,True
b0131,data/raw/imagenette2-320/val/n02979186/n02979186_20220.JPEG,482,485,CD_player,0.32421875,"[485, 482, 848, 754, 481]","[""CD_player"", ""cassette_player"", ""tape_player"", ""radio"", ""cassette""]","[0.32421875, 0.28125, 0.23046875, 0.03515625, 0.0078125]",False,True
b0132,data/raw/imagenette2-320/val/n02979186/n02979186_11971.JPEG,482,848,tape_player,0.58203125,"[848, 482, 485, 481, 590]","[""tape_player"", ""cassette_player"", ""CD_player"", ""cassette"", ""hand-held_computer""]","[0.58203125, 0.31640625, 0.03515625, 0.01171875, 0.0078125]",False,True
b0133,data/raw/imagenette2-320/val/n02979186/n02979186_9371.JPEG,482,754,radio,0.31640625,"[754, 482, 485, 848, 810]","[""radio"", ""cassette_player"", ""CD_player"", ""tape_player"", ""space_bar""]","[0.31640625, 0.1953125, 0.1484375, 0.09765625, 0.02734375]",False,True
b0134,data/raw/imagenette2-320/val/n02979186/n02979186_20701.JPEG,482,485,CD_player,0.265625,"[485, 482, 487, 662, 848]","[""CD_player"", ""cassette_player"", ""cellular_telephone"", ""modem"", ""tape_player""]","[0.265625, 0.17578125, 0.1640625, 0.078125, 0.04296875]",False,True
b0135,data/raw/imagenette2-320/val/n02979186/n02979186_19390.JPEG,482,482,cassette_player,0.47265625,"[482, 632, 485, 848, 754]","[""cassette_player"", ""loudspeaker"", ""CD_player"", ""tape_player"", ""radio""]","[0.47265625, 0.22265625, 0.07421875, 0.07421875, 0.05078125]",True,True
b0136,data/raw/imagenette2-320/val/n02979186/n02979186_15521.JPEG,482,848,tape_player,0.48828125,"[848, 482, 485, 481, 754]","[""tape_player"", ""cassette_player"", ""CD_player"", ""cassette"", ""radio""]","[0.48828125, 0.42578125, 0.03515625, 0.01953125, 0.00390625]",False,True
b0137,data/raw/imagenette2-320/val/n02979186/n02979186_2742.JPEG,482,848,tape_player,0.34375,"[848, 482, 685, 485, 754]","[""tape_player"", ""cassette_player"", ""odometer"", ""CD_player"", ""radio""]","[0.34375, 0.28125, 0.0703125, 0.05859375, 0.01953125]",False,True
b0138,data/raw/imagenette2-320/val/n02979186/n02979186_4971.JPEG,482,848,tape_player,0.3203125,"[848, 482, 481, 485, 754]","[""tape_player"", ""cassette_player"", ""cassette"", ""CD_player"", ""radio""]","[0.3203125, 0.2265625, 0.18359375, 0.0625, 0.046875]",False,True
b0139,data/raw/imagenette2-320/val/n02979186/n02979186_21401.JPEG,482,492,chest,0.3359375,"[492, 485, 549, 464, 481]","[""chest"", ""CD_player"", ""envelope"", ""buckle"", ""cassette""]","[0.3359375, 0.05859375, 0.046875, 0.02734375, 0.0234375]",False,False
b0140,data/raw/imagenette2-320/val/n02979186/ILSVRC2012_val_00043731.JPEG,482,848,tape_player,0.28125,"[848, 482, 742, 477, 481]","[""tape_player"", ""cassette_player"", ""printer"", ""carpenter's_kit"", ""cassette""]","[0.28125, 0.17578125, 0.1328125, 0.1015625, 0.03125]",False,True
b0141,data/raw/imagenette2-320/val/n02979186/n02979186_2051.JPEG,482,481,cassette,0.69921875,"[481, 482, 845, 848, 592]","[""cassette"", ""cassette_player"", ""syringe"", ""tape_player"", ""hard_disc""]","[0.69921875, 0.04296875, 0.03125, 0.03125, 0.01171875]",False,True
b0142,data/raw/imagenette2-320/val/n02979186/n02979186_21392.JPEG,482,482,cassette_player,0.41796875,"[482, 469, 719, 485, 461]","[""cassette_player"", ""caldron"", ""piggy_bank"", ""CD_player"", ""breastplate""]","[0.41796875, 0.0546875, 0.02734375, 0.02734375, 0.0234375]",True,True
b0143,data/raw/imagenette2-320/val/n02979186/n02979186_3620.JPEG,482,636,mailbag,0.26953125,"[636, 748, 464, 482, 414]","[""mailbag"", ""purse"", ""buckle"", ""cassette_player"", ""backpack""]","[0.26953125, 0.22265625, 0.10546875, 0.06640625, 0.046875]",False,True
b0144,data/raw/imagenette2-320/val/n02979186/n02979186_2981.JPEG,482,482,cassette_player,0.671875,"[482, 485, 606, 848, 746]","[""cassette_player"", ""CD_player"", ""iron"", ""tape_player"", ""puck""]","[0.671875, 0.12890625, 0.02734375, 0.01953125, 0.01171875]",True,True
b0145,data/raw/imagenette2-320/val/n02979186/n02979186_931.JPEG,482,662,modem,0.61328125,"[662, 482, 590, 592, 921]","[""modem"", ""cassette_player"", ""hand-held_computer"", ""hard_disc"", ""book_jacket""]","[0.61328125, 0.0625, 0.04296875, 0.02734375, 0.0234375]",False,True
b0146,data/raw/imagenette2-320/val/n02979186/n02979186_9232.JPEG,482,848,tape_player,0.3671875,"[848, 481, 482, 674, 754]","[""tape_player"", ""cassette"", ""cassette_player"", ""mousetrap"", ""radio""]","[0.3671875, 0.2421875, 0.2421875, 0.015625, 0.015625]",False,True
b0147,data/raw/imagenette2-320/val/n02979186/n02979186_19190.JPEG,482,482,cassette_player,0.421875,"[482, 811, 818, 848, 570]","[""cassette_player"", ""space_heater"", ""spotlight"", ""tape_player"", ""gasmask""]","[0.421875, 0.1171875, 0.0859375, 0.02734375, 0.01953125]",True,True
b0148,data/raw/imagenette2-320/val/n02979186/n02979186_13950.JPEG,482,482,cassette_player,0.5625,"[482, 848, 481, 754, 485]","[""cassette_player"", ""tape_player"", ""cassette"", ""radio"", ""CD_player""]","[0.5625, 0.3046875, 0.08984375, 0.015625, 0.01171875]",True,True
b0149,data/raw/imagenette2-320/val/n02979186/n02979186_1542.JPEG,482,848,tape_player,0.34765625,"[848, 754, 485, 482, 481]","[""tape_player"", ""radio"", ""CD_player"", ""cassette_player"", ""cassette""]","[0.34765625, 0.21484375, 0.1640625, 0.125, 0.0625]",False,True
b0150,data/raw/imagenette2-320/val/n03000684/n03000684_17431.JPEG,491,491,chain_saw,0.96875,"[491, 464, 413, 999, 327]","[""chain_saw"", ""buckle"", ""assault_rifle"", ""toilet_tissue"", ""starfish""]","[0.96875, 0.00390625, 0.00390625, 0.0, 0.0]",True,True
b0151,data/raw/imagenette2-320/val/n03000684/n03000684_9260.JPEG,491,491,chain_saw,0.96484375,"[491, 999, 327, 340, 339]","[""chain_saw"", ""toilet_tissue"", ""starfish"", ""zebra"", ""sorrel""]","[0.96484375, 0.0, 0.0, 0.0, 0.0]",True,True
b0152,data/raw/imagenette2-320/val/n03000684/n03000684_10820.JPEG,491,491,chain_saw,0.99609375,"[491, 999, 327, 340, 339]","[""chain_saw"", ""toilet_tissue"", ""starfish"", ""zebra"", ""sorrel""]","[0.99609375, 0.0, 0.0, 0.0, 0.0]",True,True
b0153,data/raw/imagenette2-320/val/n03000684/n03000684_1100.JPEG,491,491,chain_saw,0.44921875,"[491, 880, 870, 428, 634]","[""chain_saw"", ""unicycle"", ""tricycle"", ""barrow"", ""lumbermill""]","[0.44921875, 0.02734375, 0.0234375, 0.015625, 0.015625]",True,True
b0154,data/raw/imagenette2-320/val/n03000684/n03000684_7822.JPEG,491,491,chain_saw,0.98828125,"[491, 999, 327, 340, 339]","[""chain_saw"", ""toilet_tissue"", ""starfish"", ""zebra"", ""sorrel""]","[0.98828125, 0.0, 0.0, 0.0, 0.0]",True,True
b0155,data/raw/imagenette2-320/val/n03000684/n03000684_3470.JPEG,491,491,chain_saw,0.73828125,"[491, 634, 577, 787, 730]","[""chain_saw"", ""lumbermill"", ""gong"", ""shield"", ""plow""]","[0.73828125, 0.17578125, 0.01953125, 0.01171875, 0.00390625]",True,True
b0156,data/raw/imagenette2-320/val/n03000684/n03000684_13352.JPEG,491,491,chain_saw,0.95703125,"[491, 999, 327, 340, 339]","[""chain_saw"", ""toilet_tissue"", ""starfish"", ""zebra"", ""sorrel""]","[0.95703125, 0.0, 0.0, 0.0, 0.0]",True,True
b0157,data/raw/imagenette2-320/val/n03000684/n03000684_2961.JPEG,491,491,chain_saw,0.9453125,"[491, 830, 792, 671, 730]","[""chain_saw"", ""stretcher"", ""shovel"", ""mountain_bike"", ""plow""]","[0.9453125, 0.0234375, 0.00390625, 0.00390625, 0.00390625]",True,True
b0158,data/raw/imagenette2-320/val/n03000684/n03000684_5970.JPEG,491,491,chain_saw,0.98046875,"[491, 803, 674, 999, 328]","[""chain_saw"", ""snowplow"", ""mousetrap"", ""toilet_tissue"", ""sea_urchin""]","[0.98046875, 0.00390625, 0.00390625, 0.0, 0.0]",True,True
b0159,data/raw/imagenette2-320/val/n03000684/n03000684_30692.JPEG,491,491,chain_saw,0.99609375,"[491, 999, 327, 340, 339]","[""chain_saw"", ""toilet_tissue"", ""starfish"", ""zebra"", ""sorrel""]","[0.99609375, 0.0, 0.0, 0.0, 0.0]",True,True
b0160,data/raw/imagenette2-320/val/n03000684/n03000684_9182.JPEG,491,491,chain_saw,0.92578125,"[491, 471, 634, 595, 671]","[""chain_saw"", ""cannon"", ""lumbermill"", ""harvester"", ""mountain_bike""]","[0.92578125, 0.0078125, 0.0078125, 0.00390625, 0.00390625]",True,True
b0161,data/raw/imagenette2-320/val/n03000684/n03000684_33461.JPEG,491,491,chain_saw,0.0546875,"[491, 807, 840, 882, 764]","[""chain_saw"", ""solar_dish"", ""swab"", ""vacuum"", ""rifle""]","[0.0546875, 0.046875, 0.03515625, 0.03125, 0.03125]",True,True
b0162,data/raw/imagenette2-320/val/n03000684/n03000684_33281.JPEG,491,491,chain_saw,0.8046875,"[491, 596, 792, 634, 428]","[""chain_saw"", ""hatchet"", ""shovel"", ""lumbermill"", ""barrow""]","[0.8046875, 0.02734375, 0.015625, 0.015625, 0.01171875]",True,True
b0163,data/raw/imagenette2-320/val/n03000684/n03000684_4012.JPEG,491,491,chain_saw,0.4296875,"[491, 830, 413, 764, 428]","[""chain_saw"", ""stretcher"", ""assault_rifle"", ""rifle"", ""barrow""]","[0.4296875, 0.265625, 0.09765625, 0.0390625, 0.02734375]",True,True
b0164,data/raw/imagenette2-320/val/n03000684/n03000684_36420.JPEG,491,491,chain_saw,0.58203125,"[491, 845, 730, 634, 428]","[""chain_saw"", ""syringe"", ""plow"", ""lumbermill"", ""barrow""]","[0.58203125, 0.04296875, 0.03515625, 0.0234375, 0.01171875]",True,True
b0165,data/raw/imagenette2-320/val/n03000684/n03000684_14132.JPEG,491,830,stretcher,0.13671875,"[830, 751, 692, 491, 728]","[""stretcher"", ""racer"", ""packet"", ""chain_saw"", ""plastic_bag""]","[0.13671875, 0.06640625, 0.0390625, 0.03125, 0.03125]",False,True
b0166,data/raw/imagenette2-320/val/n03000684/n03000684_7312.JPEG,491,491,chain_saw,0.96484375,"[491, 803, 999, 328, 329]","[""chain_saw"", ""snowplow"", ""toilet_tissue"", ""sea_urchin"", ""sea_cucumber""]","[0.96484375, 0.00390625, 0.0, 0.0, 0.0]",True,True
b0167,data/raw/imagenette2-320/val/n03000684/n03000684_27361.JPEG,491,491,chain_saw,0.9765625,"[491, 898, 999, 328, 340]","[""chain_saw"", ""water_bottle"", ""toilet_tissue"", ""sea_urchin"", ""zebra""]","[0.9765625, 0.00390625, 0.0, 0.0, 0.0]",True,True
b0168,data/raw/imagenette2-320/val/n03000684/n03000684_17330.JPEG,491,491,chain_saw,0.77734375,"[491, 751, 803, 595, 730]","[""chain_saw"", ""racer"", ""snowplow"", ""harvester"", ""plow""]","[0.77734375, 0.046875, 0.015625, 0.01171875, 0.0078125]",True,True
b0169,data/raw/imagenette2-320/val/n03000684/n03000684_23960.JPEG,491,491,chain_saw,0.50390625,"[491, 674, 812, 73, 623]","[""chain_saw"", ""mousetrap"", ""space_shuttle"", ""barn_spider"", ""letter_opener""]","[0.50390625, 0.04296875, 0.0234375, 0.01953125, 0.015625]",True,True
b0170,data/raw/imagenette2-320/val/n03000684/n03000684_4472.JPEG,491,583,guillotine,0.05078125,"[583, 634, 865, 561, 674]","[""guillotine"", ""lumbermill"", ""toyshop"", ""forklift"", ""mousetrap""]","[0.05078125, 0.04296875, 0.0390625, 0.03125, 0.02734375]",False,False
b0171,data/raw/imagenette2-320/val/n03000684/n03000684_33902.JPEG,491,862,torch,0.27734375,"[862, 491, 470, 747, 731]","[""torch"", ""chain_saw"", ""candle"", ""punching_bag"", ""plunger""]","[0.27734375, 0.04296875, 0.02734375, 0.0234375, 0.0234375]",False,True
b0172,data/raw/imagenette2-320/val/n03000684/n03000684_14600.JPEG,491,730,plow,0.4609375,"[730, 491, 621, 866, 456]","[""plow"", ""chain_saw"", ""lawn_mower"", ""tractor"", ""bow""]","[0.4609375, 0.3515625, 0.015625, 0.01171875, 0.0078125]",False,True
b0173,data/raw/imagenette2-320/val/n03000684/n03000684_931.JPEG,491,491,chain_saw,0.9921875,"[491, 999, 327, 340, 339]","[""chain_saw"", ""toilet_tissue"", ""starfish"", ""zebra"", ""sorrel""]","[0.9921875, 0.0, 0.0, 0.0, 0.0]",True,True
b0174,data/raw/imagenette2-320/val/n03000684/n03000684_8831.JPEG,491,491,chain_saw,0.57421875,"[491, 843, 456, 413, 740]","[""chain_saw"", ""swing"", ""bow"", ""assault_rifle"", ""power_drill""]","[0.57421875, 0.08984375, 0.0234375, 0.01171875, 0.01171875]",True,True
b0175,data/raw/imagenette2-320/val/n03000684/n03000684_3361.JPEG,491,491,chain_saw,0.78125,"[491, 634, 807, 394, 842]","[""chain_saw"", ""lumbermill"", ""solar_dish"", ""sturgeon"", ""swimming_trunks""]","[0.78125, 0.0546875, 0.00390625, 0.00390625, 0.00390625]",True,True
b0176,data/raw/imagenette2-320/val/n03000684/ILSVRC2012_val_00036092.JPEG,491,646,maze,0.390625,"[646, 730, 491, 671, 830]","[""maze"", ""plow"", ""chain_saw"", ""mountain_bike"", ""stretcher""]","[0.390625, 0.0546875, 0.03515625, 0.0234375, 0.01953125]",False,True
b0177,data/raw/imagenette2-320/val/n03000684/ILSVRC2012_val_00011170.JPEG,491,491,chain_saw,0.35546875,"[491, 671, 802, 349, 537]","[""chain_saw"", ""mountain_bike"", ""snowmobile"", ""bighorn"", ""dogsled""]","[0.35546875, 0.05859375, 0.0546875, 0.0390625, 0.0234375]",True,True
b0178,data/raw/imagenette2-320/val/n03000684/n03000684_6471.JPEG,491,730,plow,0.08984375,"[730, 840, 456, 830, 795]","[""plow"", ""swab"", ""bow"", ""stretcher"", ""ski""]","[0.08984375, 0.078125, 0.05078125, 0.04296875, 0.04296875]",False,False
b0179,data/raw/imagenette2-320/val/n03000684/n03000684_34011.JPEG,491,491,chain_saw,0.41796875,"[491, 410, 634, 830, 413]","[""chain_saw"", ""apiary"", ""lumbermill"", ""stretcher"", ""assault_rifle""]","[0.41796875, 0.18359375, 0.08203125, 0.05859375, 0.01171875]",True,True
b0180,data/raw/imagenette2-320/val/n03000684/n03000684_9752.JPEG,491,646,maze,0.1953125,"[646, 970, 671, 491, 428]","[""maze"", ""alp"", ""mountain_bike"", ""chain_saw"", ""barrow""]","[0.1953125, 0.0625, 0.05859375, 0.05078125, 0.03515625]",False,True
b0181,data/raw/imagenette2-320/val/n03000684/ILSVRC2012_val_00011951.JPEG,491,491,chain_saw,0.59765625,"[491, 477, 740, 414, 790]","[""chain_saw"", ""carpenter's_kit"", ""power_drill"", ""backpack"", ""shopping_basket""]","[0.59765625, 0.109375, 0.05078125, 0.0234375, 0.015625]",True,True
b0182,data/raw/imagenette2-320/val/n03000684/n03000684_13071.JPEG,491,794,shower_curtain,0.05859375,"[794, 456, 583, 862, 807]","[""shower_curtain"", ""bow"", ""guillotine"", ""torch"", ""solar_dish""]","[0.05859375, 0.046875, 0.03125, 0.01953125, 0.01953125]",False,False
b0183,data/raw/imagenette2-320/val/n03000684/n03000684_15441.JPEG,491,583,guillotine,0.1171875,"[583, 868, 458, 549, 787]","[""guillotine"", ""tray"", ""brass"", ""envelope"", ""shield""]","[0.1171875, 0.09375, 0.06640625, 0.05859375, 0.04296875]",False,False
b0184,data/raw/imagenette2-320/val/n03000684/n03000684_6160.JPEG,491,491,chain_saw,0.43359375,"[491, 674, 692, 621, 751]","[""chain_saw"", ""mousetrap"", ""packet"", ""lawn_mower"", ""racer""]","[0.43359375, 0.1015625, 0.0390625, 0.01953125, 0.01171875]",True,True
b0185,data/raw/imagenette2-320/val/n03000684/n03000684_27220.JPEG,491,491,chain_saw,0.6484375,"[491, 621, 286, 395, 730]","[""chain_saw"", ""lawn_mower"", ""cougar"", ""gar"", ""plow""]","[0.6484375, 0.01171875, 0.01171875, 0.01171875, 0.0078125]",True,True
b0186,data/raw/imagenette2-320/val/n03000684/n03000684_30092.JPEG,491,491,chain_saw,0.8828125,"[491, 492, 634, 519, 621]","[""chain_saw"", ""chest"", ""lumbermill"", ""crate"", ""lawn_mower""]","[0.8828125, 0.02734375, 0.015625, 0.00390625, 0.00390625]",True,True
b0187,data/raw/imagenette2-320/val/n03000684/n03000684_24332.JPEG,491,491,chain_saw,0.97265625,"[491, 803, 999, 328, 329]","[""chain_saw"", ""snowplow"", ""toilet_tissue"", ""sea_urchin"", ""sea_cucumber""]","[0.97265625, 0.00390625, 0.0, 0.0, 0.0]",True,True
b0188,data/raw/imagenette2-320/val/n03000684/n03000684_27981.JPEG,491,491,chain_saw,0.18359375,"[491, 825, 843, 621, 752]","[""chain_saw"", ""stone_wall"", ""swing"", ""lawn_mower"", ""racket""]","[0.18359375, 0.140625, 0.05078125, 0.046875, 0.0234375]",True,True
b0189,data/raw/imagenette2-320/val/n03000684/n03000684_272.JPEG,491,491,chain_saw,0.875,"[491, 758, 740, 217, 786]","[""chain_saw"", ""reel"", ""power_drill"", ""English_springer"", ""sewing_machine""]","[0.875, 0.01171875, 0.0078125, 0.00390625, 0.00390625]",True,True
b0190,data/raw/imagenette2-320/val/n03000684/n03000684_1821.JPEG,491,491,chain_saw,0.12109375,"[491, 570, 797, 818, 414]","[""chain_saw"", ""gasmask"", ""sleeping_bag"", ""spotlight"", ""backpack""]","[0.12109375, 0.06640625, 0.04296875, 0.02734375, 0.01953125]",True,True
b0191,data/raw/imagenette2-320/val/n03000684/n03000684_7161.JPEG,491,491,chain_saw,0.65625,"[491, 410, 996, 825, 596]","[""chain_saw"", ""apiary"", ""hen-of-the-woods"", ""stone_wall"", ""hatchet""]","[0.65625, 0.03515625, 0.015625, 0.0078125, 0.0078125]",True,True
b0192,data/raw/imagenette2-320/val/n03000684/n03000684_6710.JPEG,491,464,buckle,0.3203125,"[464, 491, 492, 803, 471]","[""buckle"", ""chain_saw"", ""chest"", ""snowplow"", ""cannon""]","[0.3203125, 0.11328125, 0.04296875, 0.0234375, 0.015625]",False,True
b0193,data/raw/imagenette2-320/val/n03000684/n03000684_29900.JPEG,491,634,lumbermill,0.16796875,"[634, 807, 726, 410, 703]","[""lumbermill"", ""solar_dish"", ""plane"", ""apiary"", ""park_bench""]","[0.16796875, 0.15625, 0.12890625, 0.046875, 0.046875]",False,False
b0194,data/raw/imagenette2-320/val/n03000684/n03000684_7790.JPEG,491,491,chain_saw,0.7890625,"[491, 830, 996, 373, 335]","[""chain_saw"", ""stretcher"", ""hen-of-the-woods"", ""macaque"", ""fox_squirrel""]","[0.7890625, 0.01171875, 0.0078125, 0.0078125, 0.0078125]",True,True
b0195,data/raw/imagenette2-320/val/n03000684/n03000684_2610.JPEG,491,491,chain_saw,0.89453125,"[491, 825, 410, 233, 634]","[""chain_saw"", ""stone_wall"", ""apiary"", ""Bouvier_des_Flandres"", ""lumbermill""]","[0.89453125, 0.0078125, 0.0078125, 0.00390625, 0.00390625]",True,True
b0196,data/raw/imagenette2-320/val/n03000684/n03000684_2922.JPEG,491,491,chain_saw,0.54296875,"[491, 912, 634, 830, 730]","[""chain_saw"", ""worm_fence"", ""lumbermill"", ""stretcher"", ""plow""]","[0.54296875, 0.12890625, 0.0390625, 0.02734375, 0.01953125]",True,True
b0197,data/raw/imagenette2-320/val/n03000684/n03000684_19272.JPEG,491,491,chain_saw,0.09375,"[491, 273, 173, 830, 277]","[""chain_saw"", ""dingo"", ""Ibizan_hound"", ""stretcher"", ""red_fox""]","[0.09375, 0.08203125, 0.05078125, 0.046875, 0.0390625]",True,True
b0198,data/raw/imagenette2-320/val/n03000684/n03000684_13402.JPEG,491,491,chain_saw,0.44140625,"[491, 596, 462, 410, 428]","[""chain_saw"", ""hatchet"", ""broom"", ""apiary"", ""barrow""]","[0.44140625, 0.0390625, 0.01953125, 0.01953125, 0.015625]",True,True
b0199,data/raw/imagenette2-320/val/n03000684/n03000684_31000.JPEG,491,795,ski,0.359375,"[795, 807, 491, 970, 701]","[""ski"", ""solar_dish"", ""chain_saw"", ""alp"", ""parachute""]","[0.359375, 0.22265625, 0.05859375, 0.03125, 0.0234375]",False,True
b0200,data/raw/imagenette2-320/val/n03028079/n03028079_29670.JPEG,497,442,bell_cote,0.41796875,"[442, 497, 663, 668, 483]","[""bell_cote"", ""church"", ""monastery"", ""mosque"", ""castle""]","[0.41796875, 0.296875, 0.0546875, 0.0234375, 0.015625]",False,True
b0201,data/raw/imagenette2-320/val/n03028079/ILSVRC2012_val_00019331.JPEG,497,884,vault,0.37890625,"[884, 442, 663, 873, 497]","[""vault"", ""bell_cote"", ""monastery"", ""triumphal_arch"", ""church""]","[0.37890625, 0.14453125, 0.1171875, 0.078125, 0.07421875]",False,True
b0202,data/raw/imagenette2-320/val/n03028079/n03028079_57572.JPEG,497,497,church,0.3359375,"[497, 663, 442, 698, 483]","[""church"", ""monastery"", ""bell_cote"", ""palace"", ""castle""]","[0.3359375, 0.1953125, 0.1796875, 0.03515625, 0.0234375]",True,True
b0203,data/raw/imagenette2-320/val/n03028079/n03028079_7882.JPEG,497,663,monastery,0.33984375,"[663, 442, 497, 483, 698]","[""monastery"", ""bell_cote"", ""church"", ""castle"", ""palace""]","[0.33984375, 0.296875, 0.140625, 0.05078125, 0.01171875]",False,True
b0204,data/raw/imagenette2-320/val/n03028079/n03028079_8360.JPEG,497,687,organ,0.55078125,"[687, 406, 884, 497, 663]","[""organ"", ""altar"", ""vault"", ""church"", ""monastery""]","[0.55078125, 0.1484375, 0.04296875, 0.0390625, 0.03125]",False,True
b0205,data/raw/imagenette2-320/val/n03028079/n03028079_11591.JPEG,497,497,church,0.60546875,"[497, 442, 663, 832, 682]","[""church"", ""bell_cote"", ""monastery"", ""stupa"", ""obelisk""]","[0.60546875, 0.1875, 0.03125, 0.015625, 0.01171875]",True,True
b0206,data/raw/imagenette2-320/val/n03028079/n03028079_8611.JPEG,497,442,bell_cote,0.5546875,"[442, 497, 970, 663, 449]","[""bell_cote"", ""church"", ""alp"", ""monastery"", ""boathouse""]","[0.5546875, 0.3671875, 0.01171875, 0.0078125, 0.00390625]",False,True
b0207,data/raw/imagenette2-320/val/n03028079/n03028079_41101.JPEG,497,562,fountain,0.24609375,"[562, 483, 975, 663, 442]","[""fountain"", ""castle"", ""lakeside"", ""monastery"", ""bell_cote""]","[0.24609375, 0.21484375, 0.09375, 0.08984375, 0.03515625]",False,False
b0208,data/raw/imagenette2-320/val/n03028079/n03028079_29412.JPEG,497,687,organ,0.1953125,"[687, 483, 442, 497, 699]","[""organ"", ""castle"", ""bell_cote"", ""church"", ""panpipe""]","[0.1953125, 0.11328125, 0.09765625, 0.09375, 0.02734375]",False,True
b0209,data/raw/imagenette2-320/val/n03028079/n03028079_56741.JPEG,497,663,monastery,0.23046875,"[663, 497, 698, 483, 406]","[""monastery"", ""church"", ""palace"", ""castle"", ""altar""]","[0.23046875, 0.1640625, 0.08984375, 0.04296875, 0.02734375]",False,True
b0210,data/raw/imagenette2-320/val/n03028079/n03028079_99351.JPEG,497,497,church,0.36328125,"[497, 663, 442, 698, 538]","[""church"", ""monastery"", ""bell_cote"", ""palace"", ""dome""]","[0.36328125, 0.2109375, 0.09765625, 0.09765625, 0.0234375]",True,True
b0211,data/raw/imagenette2-320/val/n03028079/ILSVRC2012_val_00019711.JPEG,497,442,bell_cote,0.5859375,"[442, 417, 858, 657, 538]","[""bell_cote"", ""balloon"", ""tile_roof"", ""missile"", ""dome""]","[0.5859375, 0.0703125, 0.0390625, 0.03515625, 0.03515625]",False,False
b0212,data/raw/imagenette2-320/val/n03028079/n03028079_14210.JPEG,497,497,church,0.421875,"[497, 406, 884, 663, 762]","[""church"", ""altar"", ""vault"", ""monastery"", ""restaurant""]","[0.421875, 0.15234375, 0.08203125, 0.02734375, 0.0234375]",True,True
b0213,data/raw/imagenette2-320/val/n03028079/n03028079_26291.JPEG,497,497,church,0.2578125,"[497, 406, 884, 663, 698]","[""church"", ""altar"", ""vault"", ""monastery"", ""palace""]","[0.2578125, 0.2578125, 0.16015625, 0.0859375, 0.03125]",True,True
b0214,data/raw/imagenette2-320/val/n03028079/n03028079_12802.JPEG,497,497,church,0.9765625,"[497, 442, 538, 327, 339]","[""church"", ""bell_cote"", ""dome"", ""starfish"", ""sorrel""]","[0.9765625, 0.00390625, 0.00390625, 0.0, 0.0]",True,True
b0215,data/raw/imagenette2-320/val/n03028079/n03028079_53551.JPEG,497,497,church,0.77734375,"[497, 442, 912, 425, 483]","[""church"", ""bell_cote"", ""worm_fence"", ""barn"", ""castle""]","[0.77734375, 0.06640625, 0.03515625, 0.02734375, 0.01171875]",True,True
b0216,data/raw/imagenette2-320/val/n03028079/n03028079_25680.JPEG,497,884,vault,0.48046875,"[884, 538, 873, 406, 721]","[""vault"", ""dome"", ""triumphal_arch"", ""altar"", ""pillow""]","[0.48046875, 0.1328125, 0.046875, 0.03125, 0.01953125]",False,False
b0217,data/raw/imagenette2-320/val/n03028079/n03028079_2951.JPEG,497,497,church,0.33984375,"[497, 884, 406, 687, 663]","[""church"", ""vault"", ""altar"", ""organ"", ""monastery""]","[0.33984375, 0.296875, 0.19921875, 0.02734375, 0.0078125]",True,True
b0218,data/raw/imagenette2-320/val/n03028079/n03028079_13331.JPEG,497,884,vault,0.46484375,"[884, 406, 663, 698, 497]","[""vault"", ""altar"", ""monastery"", ""palace"", ""church""]","[0.46484375, 0.25, 0.0625, 0.03515625, 0.0234375]",False,True
b0219,data/raw/imagenette2-320/val/n03028079/n03028079_10410.JPEG,497,812,space_shuttle,0.19140625,"[812, 483, 497, 449, 562]","[""space_shuttle"", ""castle"", ""church"", ""boathouse"", ""fountain""]","[0.19140625, 0.14453125, 0.07421875, 0.0625, 0.05078125]",False,True
b0220,data/raw/imagenette2-320/val/n03028079/n03028079_1332.JPEG,497,497,church,0.59765625,"[497, 442, 483, 663, 970]","[""church"", ""bell_cote"", ""castle"", ""monastery"", ""alp""]","[0.59765625, 0.1640625, 0.0546875, 0.046875, 0.01171875]",True,True
b0221,data/raw/imagenette2-320/val/n03028079/n03028079_8661.JPEG,497,442,bell_cote,0.83984375,"[442, 497, 663, 409, 538]","[""bell_cote"", ""church"", ""monastery"", ""analog_clock"", ""dome""]","[0.83984375, 0.0703125, 0.02734375, 0.00390625, 0.00390625]",False,True
b0222,data/raw/imagenette2-320/val/n03028079/n03028079_6860.JPEG,497,442,bell_cote,0.45703125,"[442, 497, 698, 663, 406]","[""bell_cote"", ""church"", ""palace"", ""monastery"", ""altar""]","[0.45703125, 0.17578125, 0.046875, 0.03125, 0.0234375]",False,True
b0223,data/raw/imagenette2-320/val/n03028079/n03028079_4292.JPEG,497,884,vault,0.82421875,"[884, 497, 538, 406, 663]","[""vault"", ""church"", ""dome"", ""altar"", ""monastery""]","[0.82421875, 0.07421875, 0.0234375, 0.0078125, 0.00390625]",False,True
b0224,data/raw/imagenette2-320/val/n03028079/n03028079_38692.JPEG,497,497,church,0.69140625,"[497, 483, 442, 663, 975]","[""church"", ""castle"", ""bell_cote"", ""monastery"", ""lakeside""]","[0.69140625, 0.203125, 0.04296875, 0.015625, 0.00390625]",True,True
b0225,data/raw/imagenette2-320/val/n03028079/n03028079_14600.JPEG,497,497,church,0.28515625,"[497, 698, 663, 483, 406]","[""church"", ""palace"", ""monastery"", ""castle"", ""altar""]","[0.28515625, 0.109375, 0.1015625, 0.046875, 0.03125]",True,True
b0226,data/raw/imagenette2-320/val/n03028079/n03028079_28352.JPEG,497,425,barn,0.44921875,"[425, 497, 449, 912, 442]","[""barn"", ""church"", ""boathouse"", ""worm_fence"", ""bell_cote""]","[0.44921875, 0.1328125, 0.07421875, 0.046875, 0.04296875]",False,True
b0227,data/raw/imagenette2-320/val/n03028079/ILSVRC2012_val_00028310.JPEG,497,698,palace,0.2734375,"[698, 483, 497, 663, 888]","[""palace"", ""castle"", ""church"", ""monastery"", ""viaduct""]","[0.2734375, 0.25390625, 0.10546875, 0.09765625, 0.0390625]",False,True
b0228,data/raw/imagenette2-320/val/n03028079/n03028079_26371.JPEG,497,497,church,0.45703125,"[497, 442, 663, 970, 884]","[""church"", ""bell_cote"", ""monastery"", ""alp"", ""vault""]","[0.45703125, 0.3984375, 0.05859375, 0.0078125, 0.0078125]",True,True
b0229,data/raw/imagenette2-320/val/n03028079/n03028079_7250.JPEG,497,497,church,0.47265625,"[497, 442, 663, 698, 483]","[""church"", ""bell_cote"", ""monastery"", ""palace"", ""castle""]","[0.47265625, 0.18359375, 0.078125, 0.02734375, 0.015625]",True,True
b0230,data/raw/imagenette2-320/val/n03028079/n03028079_8132.JPEG,497,538,dome,0.14453125,"[538, 431, 812, 497, 516]","[""dome"", ""bassinet"", ""space_shuttle"", ""church"", ""cradle""]","[0.14453125, 0.1171875, 0.06640625, 0.05859375, 0.046875]",False,True
b0231,data/raw/imagenette2-320/val/n03028079/n03028079_16960.JPEG,497,497,church,0.43359375,"[497, 442, 663, 884, 668]","[""church"", ""bell_cote"", ""monastery"", ""vault"", ""mosque""]","[0.43359375, 0.26953125, 0.14453125, 0.0234375, 0.01171875]",True,True
b0232,data/raw/imagenette2-320/val/n03028079/n03028079_20670.JPEG,497,497,church,0.265625,"[497, 442, 483, 970, 984]","[""church"", ""bell_cote"", ""castle"", ""alp"", ""rapeseed""]","[0.265625, 0.25, 0.08203125, 0.046875, 0.015625]",True,True
b0233,data/raw/imagenette2-320/val/n03028079/n03028079_28302.JPEG,497,497,church,0.90234375,"[497, 442, 437, 663, 970]","[""church"", ""bell_cote"", ""beacon"", ""monastery"", ""alp""]","[0.90234375, 0.02734375, 0.01953125, 0.015625, 0.00390625]",True,True
b0234,data/raw/imagenette2-320/val/n03028079/ILSVRC2012_val_00046232.JPEG,497,884,vault,0.18359375,"[884, 669, 794, 520, 750]","[""vault"", ""mosquito_net"", ""shower_curtain"", ""crib"", ""quilt""]","[0.18359375, 0.10546875, 0.08203125, 0.0703125, 0.0703125]",False,False
b0235,data/raw/imagenette2-320/val/n03028079/n03028079_26601.JPEG,497,442,bell_cote,0.703125,"[442, 497, 483, 663, 338]","[""bell_cote"", ""church"", ""castle"", ""monastery"", ""guinea_pig""]","[0.703125, 0.234375, 0.01171875, 0.0078125, 0.0]",False,True
b0236,data/raw/imagenette2-320/val/n03028079/n03028079_7881.JPEG,497,442,bell_cote,0.53125,"[442, 497, 663, 483, 698]","[""bell_cote"", ""church"", ""monastery"", ""castle"", ""palace""]","[0.53125, 0.1796875, 0.046875, 0.0390625, 0.01171875]",False,True
b0237,data/raw/imagenette2-320/val/n03028079/n03028079_7171.JPEG,497,698,palace,0.26171875,"[698, 663, 442, 483, 497]","[""palace"", ""monastery"", ""bell_cote"", ""castle"", ""church""]","[0.26171875, 0.1875, 0.09375, 0.04296875, 0.02734375]",False,True
b0238,data/raw/imagenette2-320/val/n03028079/n03028079_2342.JPEG,497,425,barn,0.734375,"[425, 853, 497, 663, 912]","[""barn"", ""thatch"", ""church"", ""monastery"", ""worm_fence""]","[0.734375, 0.078125, 0.03125, 0.015625, 0.01171875]",False,True
b0239,data/raw/imagenette2-320/val/n03028079/n03028079_6720.JPEG,497,497,church,0.26953125,"[497, 483, 663, 442, 698]","[""church"", ""castle"", ""monastery"", ""bell_cote"", ""palace""]","[0.26953125, 0.16796875, 0.15625, 0.09765625, 0.05078125]",True,True
b0240,data/raw/imagenette2-320/val/n03028079/n03028079_3972.JPEG,497,899,water_jug,0.2109375,"[899, 725, 884, 743, 849]","[""water_jug"", ""pitcher"", ""vault"", ""prison"", ""teapot""]","[0.2109375, 0.18359375, 0.16015625, 0.0625, 0.0625]",False,False
b0241,data/raw/imagenette2-320/val/n03028079/n03028079_4572.JPEG,497,663,monastery,0.33203125,"[663, 497, 698, 442, 538]","[""monastery"", ""church"", ""palace"", ""bell_cote"", ""dome""]","[0.33203125, 0.15625, 0.078125, 0.03515625, 0.01953125]",False,True
b0242,data/raw/imagenette2-320/val/n03028079/n03028079_41342.JPEG,497,538,dome,0.68359375,"[538, 884, 497, 640, 447]","[""dome"", ""vault"", ""church"", ""manhole_cover"", ""binoculars""]","[0.68359375, 0.09375, 0.015625, 0.015625, 0.0078125]",False,True
b0243,data/raw/imagenette2-320/val/n03028079/n03028079_26110.JPEG,497,668,mosque,0.33203125,"[668, 663, 538, 497, 698]","[""mosque"", ""monastery"", ""dome"", ""church"", ""palace""]","[0.33203125, 0.234375, 0.14453125, 0.078125, 0.0390625]",False,True
b0244,data/raw/imagenette2-320/val/n03028079/n03028079_16361.JPEG,497,442,bell_cote,0.37890625,"[442, 663, 497, 483, 698]","[""bell_cote"", ""monastery"", ""church"", ""castle"", ""palace""]","[0.37890625, 0.25390625, 0.234375, 0.05078125, 0.015625]",False,True
b0245,data/raw/imagenette2-320/val/n03028079/n03028079_13002.JPEG,497,497,church,0.40625,"[497, 442, 663, 437, 698]","[""church"", ""bell_cote"", ""monastery"", ""beacon"", ""palace""]","[0.40625, 0.328125, 0.13671875, 0.01171875, 0.0078125]",True,True
b0246,data/raw/imagenette2-320/val/n03028079/ILSVRC2012_val_00007400.JPEG,497,406,altar,0.7578125,"[406, 884, 497, 663, 687]","[""altar"", ""vault"", ""church"", ""monastery"", ""organ""]","[0.7578125, 0.07421875, 0.03515625, 0.0234375, 0.0078125]",False,True
b0247,data/raw/imagenette2-320/val/n03028079/n03028079_5261.JPEG,497,663,monastery,0.43359375,"[663, 442, 500, 972, 970]","[""monastery"", ""bell_cote"", ""cliff_dwelling"", ""cliff"", ""alp""]","[0.43359375, 0.16796875, 0.07421875, 0.0703125, 0.046875]",False,False
b0248,data/raw/imagenette2-320/val/n03028079/n03028079_26390.JPEG,497,663,monastery,0.51171875,"[663, 497, 698, 483, 442]","[""monastery"", ""church"", ""palace"", ""castle"", ""bell_cote""]","[0.51171875, 0.18359375, 0.06640625, 0.04296875, 0.03125]",False,True
b0249,data/raw/imagenette2-320/val/n03028079/n03028079_13021.JPEG,497,442,bell_cote,0.51953125,"[442, 497, 663, 483, 698]","[""bell_cote"", ""church"", ""monastery"", ""castle"", ""palace""]","[0.51953125, 0.28125, 0.05859375, 0.015625, 0.0078125]",False,True
b0250,data/raw/imagenette2-320/val/n03394916/n03394916_39220.JPEG,566,513,cornet,0.25390625,"[513, 875, 566, 683, 558]","[""cornet"", ""trombone"", ""French_horn"", ""oboe"", ""flute""]","[0.25390625, 0.16796875, 0.16796875, 0.14453125, 0.0703125]",False,True
b0251,data/raw/imagenette2-320/val/n03394916/n03394916_47211.JPEG,566,566,French_horn,0.60546875,"[566, 875, 513, 683, 776]","[""French_horn"", ""trombone"", ""cornet"", ""oboe"", ""sax""]","[0.60546875, 0.125, 0.109375, 0.05078125, 0.046875]",True,True
b0252,data/raw/imagenette2-320/val/n03394916/n03394916_32800.JPEG,566,566,French_horn,0.34765625,"[566, 513, 875, 776, 683]","[""French_horn"", ""cornet"", ""trombone"", ""sax"", ""oboe""]","[0.34765625, 0.19921875, 0.1328125, 0.05859375, 0.01953125]",True,True
b0253,data/raw/imagenette2-320/val/n03394916/n03394916_3522.JPEG,566,584,hair_slide,0.12890625,"[584, 772, 126, 692, 524]","[""hair_slide"", ""safety_pin"", ""isopod"", ""packet"", ""cuirass""]","[0.12890625, 0.03515625, 0.0234375, 0.01953125, 0.01953125]",False,False
b0254,data/raw/imagenette2-320/val/n03394916/n03394916_36771.JPEG,566,566,French_horn,0.88671875,"[566, 513, 875, 683, 432]","[""French_horn"", ""cornet"", ""trombone"", ""oboe"", ""bassoon""]","[0.88671875, 0.0234375, 0.0078125, 0.00390625, 0.00390625]",True,True
b0255,data/raw/imagenette2-320/val/n03394916/n03394916_45631.JPEG,566,566,French_horn,0.92578125,"[566, 513, 776, 999, 333]","[""French_horn"", ""cornet"", ""sax"", ""toilet_tissue"", ""hamster""]","[0.92578125, 0.01171875, 0.0078125, 0.0, 0.0]",True,True
b0256,data/raw/imagenette2-320/val/n03394916/n03394916_9851.JPEG,566,566,French_horn,0.96875,"[566, 513, 999, 335, 330]","[""French_horn"", ""cornet"", ""toilet_tissue"", ""fox_squirrel"", ""wood_rabbit""]","[0.96875, 0.0078125, 0.0, 0.0, 0.0]",True,True
b0257,data/raw/imagenette2-320/val/n03394916/n03394916_25580.JPEG,566,566,French_horn,0.34375,"[566, 513, 875, 683, 558]","[""French_horn"", ""cornet"", ""trombone"", ""oboe"", ""flute""]","[0.34375, 0.140625, 0.11328125, 0.078125, 0.0703125]",True,True
b0258,data/raw/imagenette2-320/val/n03394916/n03394916_35292.JPEG,566,566,French_horn,0.89453125,"[566, 432, 513, 683, 875]","[""French_horn"", ""bassoon"", ""cornet"", ""oboe"", ""trombone""]","[0.89453125, 0.0078125, 0.0078125, 0.00390625, 0.00390625]",True,True
b0259,data/raw/imagenette2-320/val/n03394916/n03394916_44882.JPEG,566,566,French_horn,0.3125,"[566, 601, 697, 452, 841]","[""French_horn"", ""hoopskirt"", ""pajama"", ""bonnet"", ""sweatshirt""]","[0.3125, 0.07421875, 0.02734375, 0.0234375, 0.0234375]",True,True
b0260,data/raw/imagenette2-320/val/n03394916/n03394916_32931.JPEG,566,566,French_horn,0.8828125,"[566, 875, 513, 776, 334]","[""French_horn"", ""trombone"", ""cornet"", ""sax"", ""porcupine""]","[0.8828125, 0.02734375, 0.01953125, 0.01953125, 0.0]",True,True
b0261,data/raw/imagenette2-320/val/n03394916/n03394916_29412.JPEG,566,566,French_horn,0.98828125,"[566, 999, 327, 340, 339]","[""French_horn"", ""toilet_tissue"", ""starfish"", ""zebra"", ""sorrel""]","[0.98828125, 0.0, 0.0, 0.0, 0.0]",True,True
b0262,data/raw/imagenette2-320/val/n03394916/n03394916_47212.JPEG,566,566,French_horn,0.98046875,"[566, 999, 327, 340, 339]","[""French_horn"", ""toilet_tissue"", ""starfish"", ""zebra"", ""sorrel""]","[0.98046875, 0.0, 0.0, 0.0, 0.0]",True,True
b0263,data/raw/imagenette2-320/val/n03394916/n03394916_69060.JPEG,566,513,cornet,0.3984375,"[513, 566, 875, 683, 558]","[""cornet"", ""French_horn"", ""trombone"", ""oboe"", ""flute""]","[0.3984375, 0.34765625, 0.08203125, 0.02734375, 0.02734375]",False,True
b0264,data/raw/imagenette2-320/val/n03394916/n03394916_14162.JPEG,566,566,French_horn,0.9453125,"[566, 513, 999, 335, 330]","[""French_horn"", ""cornet"", ""toilet_tissue"", ""fox_squirrel"", ""wood_rabbit""]","[0.9453125, 0.015625, 0.0, 0.0, 0.0]",True,True
b0265,data/raw/imagenette2-320/val/n03394916/n03394916_33262.JPEG,566,566,French_horn,0.08984375,"[566, 558, 819, 854, 513]","[""French_horn"", ""flute"", ""stage"", ""theater_curtain"", ""cornet""]","[0.08984375, 0.07421875, 0.046875, 0.03515625, 0.03125]",True,True
b0266,data/raw/imagenette2-320/val/n03394916/n03394916_42550.JPEG,566,566,French_horn,0.94921875,"[566, 513, 545, 846, 875]","[""French_horn"", ""cornet"", ""electric_fan"", ""table_lamp"", ""trombone""]","[0.94921875, 0.015625, 0.01171875, 0.00390625, 0.00390625]",True,True
b0267,data/raw/imagenette2-320/val/n03394916/n03394916_46931.JPEG,566,566,French_horn,0.9921875,"[566, 999, 327, 340, 339]","[""French_horn"", ""toilet_tissue"", ""starfish"", ""zebra"", ""sorrel""]","[0.9921875, 0.0, 0.0, 0.0, 0.0]",True,True
b0268,data/raw/imagenette2-320/val/n03394916/n03394916_47110.JPEG,566,892,wall_clock,0.1484375,"[892, 696, 677, 600, 702]","[""wall_clock"", ""paintbrush"", ""nail"", ""hook"", ""parallel_bars""]","[0.1484375, 0.03125, 0.0234375, 0.01953125, 0.015625]",False,False
b0269,data/raw/imagenette2-320/val/n03394916/n03394916_38702.JPEG,566,513,cornet,0.4765625,"[513, 566, 875, 776, 432]","[""cornet"", ""French_horn"", ""trombone"", ""sax"", ""bassoon""]","[0.4765625, 0.33984375, 0.0625, 0.0546875, 0.00390625]",False,True
b0270,data/raw/imagenette2-320/val/n03394916/n03394916_51571.JPEG,566,566,French_horn,0.91796875,"[566, 513, 999, 335, 330]","[""French_horn"", ""cornet"", ""toilet_tissue"", ""fox_squirrel"", ""wood_rabbit""]","[0.91796875, 0.00390625, 0.0, 0.0, 0.0]",True,True
b0271,data/raw/imagenette2-320/val/n03394916/ILSVRC2012_val_00011691.JPEG,566,107,jellyfish,0.36328125,"[107, 776, 650, 819, 641]","[""jellyfish"", ""sax"", ""microphone"", ""stage"", ""maraca""]","[0.36328125, 0.04296875, 0.03515625, 0.03125, 0.015625]",False,False
b0272,data/raw/imagenette2-320/val/n03394916/n03394916_43381.JPEG,566,566,French_horn,0.9453125,"[566, 513, 999, 335, 330]","[""French_horn"", ""cornet"", ""toilet_tissue"", ""fox_squirrel"", ""wood_rabbit""]","[0.9453125, 0.01171875, 0.0, 0.0, 0.0]",True,True
b0273,data/raw/imagenette2-320/val/n03394916/n03394916_38340.JPEG,566,566,French_horn,0.94921875,"[566, 513, 999, 335, 330]","[""French_horn"", ""cornet"", ""toilet_tissue"", ""fox_squirrel"", ""wood_rabbit""]","[0.94921875, 0.01171875, 0.0, 0.0, 0.0]",True,True
b0274,data/raw/imagenette2-320/val/n03394916/n03394916_33771.JPEG,566,566,French_horn,0.9609375,"[566, 676, 999, 328, 340]","[""French_horn"", ""muzzle"", ""toilet_tissue"", ""sea_urchin"", ""zebra""]","[0.9609375, 0.00390625, 0.0, 0.0, 0.0]",True,True
b0275,data/raw/imagenette2-320/val/n03394916/n03394916_26260.JPEG,566,566,French_horn,0.7890625,"[566, 513, 875, 776, 683]","[""French_horn"", ""cornet"", ""trombone"", ""sax"", ""oboe""]","[0.7890625, 0.078125, 0.01171875, 0.00390625, 0.00390625]",True,True
b0276,data/raw/imagenette2-320/val/n03394916/n03394916_33462.JPEG,566,566,French_horn,0.9296875,"[566, 513, 875, 999, 334]","[""French_horn"", ""cornet"", ""trombone"", ""toilet_tissue"", ""porcupine""]","[0.9296875, 0.02734375, 0.00390625, 0.0, 0.0]",True,True
b0277,data/raw/imagenette2-320/val/n03394916/n03394916_59361.JPEG,566,566,French_horn,0.953125,"[566, 513, 999, 335, 330]","[""French_horn"", ""cornet"", ""toilet_tissue"", ""fox_squirrel"", ""wood_rabbit""]","[0.953125, 0.0078125, 0.0, 0.0, 0.0]",True,True
b0278,data/raw/imagenette2-320/val/n03394916/ILSVRC2012_val_00037592.JPEG,566,566,French_horn,0.953125,"[566, 513, 776, 999, 333]","[""French_horn"", ""cornet"", ""sax"", ""toilet_tissue"", ""hamster""]","[0.953125, 0.0078125, 0.00390625, 0.0, 0.0]",True,True
b0279,data/raw/imagenette2-320/val/n03394916/n03394916_30222.JPEG,566,513,cornet,0.3125,"[513, 566, 683, 822, 875]","[""cornet"", ""French_horn"", ""oboe"", ""steel_drum"", ""trombone""]","[0.3125, 0.16796875, 0.10546875, 0.03125, 0.02734375]",False,True
b0280,data/raw/imagenette2-320/val/n03394916/n03394916_35740.JPEG,566,566,French_horn,0.89453125,"[566, 513, 878, 810, 683]","[""French_horn"", ""cornet"", ""typewriter_keyboard"", ""space_bar"", ""oboe""]","[0.89453125, 0.0078125, 0.00390625, 0.00390625, 0.00390625]",True,True
b0281,data/raw/imagenette2-320/val/n03394916/n03394916_38221.JPEG,566,566,French_horn,0.84375,"[566, 875, 513, 432, 999]","[""French_horn"", ""trombone"", ""cornet"", ""bassoon"", ""toilet_tissue""]","[0.84375, 0.01953125, 0.01171875, 0.00390625, 0.0]",True,True
b0282,data/raw/imagenette2-320/val/n03394916/n03394916_4301.JPEG,566,566,French_horn,0.91796875,"[566, 875, 513, 683, 432]","[""French_horn"", ""trombone"", ""cornet"", ""oboe"", ""bassoon""]","[0.91796875, 0.015625, 0.015625, 0.00390625, 0.00390625]",True,True
b0283,data/raw/imagenette2-320/val/n03394916/n03394916_17100.JPEG,566,566,French_horn,0.875,"[566, 513, 999, 335, 330]","[""French_horn"", ""cornet"", ""toilet_tissue"", ""fox_squirrel"", ""wood_rabbit""]","[0.875, 0.03125, 0.0, 0.0, 0.0]",True,True
b0284,data/raw/imagenette2-320/val/n03394916/n03394916_60232.JPEG,566,566,French_horn,0.9453125,"[566, 513, 875, 999, 334]","[""French_horn"", ""cornet"", ""trombone"", ""toilet_tissue"", ""porcupine""]","[0.9453125, 0.03125, 0.00390625, 0.0, 0.0]",True,True
b0285,data/raw/imagenette2-320/val/n03394916/n03394916_59430.JPEG,566,566,French_horn,0.80859375,"[566, 513, 875, 776, 334]","[""French_horn"", ""cornet"", ""trombone"", ""sax"", ""porcupine""]","[0.80859375, 0.14453125, 0.015625, 0.00390625, 0.0]",True,True
b0286,data/raw/imagenette2-320/val/n03394916/n03394916_30162.JPEG,566,566,French_horn,0.9140625,"[566, 513, 875, 776, 334]","[""French_horn"", ""cornet"", ""trombone"", ""sax"", ""porcupine""]","[0.9140625, 0.03515625, 0.00390625, 0.00390625, 0.0]",True,True
b0287,data/raw/imagenette2-320/val/n03394916/n03394916_29722.JPEG,566,513,cornet,0.265625,"[513, 566, 875, 432, 683]","[""cornet"", ""French_horn"", ""trombone"", ""bassoon"", ""oboe""]","[0.265625, 0.25, 0.21484375, 0.14453125, 0.03515625]",False,True
b0288,data/raw/imagenette2-320/val/n03394916/n03394916_11571.JPEG,566,566,French_horn,0.7890625,"[566, 513, 589, 776, 584]","[""French_horn"", ""cornet"", ""hand_blower"", ""sax"", ""hair_slide""]","[0.7890625, 0.0546875, 0.01171875, 0.0078125, 0.0078125]",True,True
b0289,data/raw/imagenette2-320/val/n03394916/n03394916_36532.JPEG,566,566,French_horn,0.94921875,"[566, 783, 513, 677, 878]","[""French_horn"", ""screw"", ""cornet"", ""nail"", ""typewriter_keyboard""]","[0.94921875, 0.01171875, 0.0078125, 0.0078125, 0.00390625]",True,True
b0290,data/raw/imagenette2-320/val/n03394916/n03394916_37261.JPEG,566,566,French_horn,0.4375,"[566, 513, 683, 875, 432]","[""French_horn"", ""cornet"", ""oboe"", ""trombone"", ""bassoon""]","[0.4375, 0.25390625, 0.08984375, 0.0703125, 0.02734375]",True,True
b0291,data/raw/imagenette2-320/val/n03394916/n03394916_36420.JPEG,566,566,French_horn,0.3984375,"[566, 875, 513, 776, 532]","[""French_horn"", ""trombone"", ""cornet"", ""sax"", ""dining_table""]","[0.3984375, 0.21484375, 0.03515625, 0.0234375, 0.0234375]",True,True
b0292,data/raw/imagenette2-320/val/n03394916/n03394916_30671.JPEG,566,566,French_horn,0.3125,"[566, 875, 513, 807, 776]","[""French_horn"", ""trombone"", ""cornet"", ""solar_dish"", ""sax""]","[0.3125, 0.2578125, 0.1484375, 0.0234375, 0.0078125]",True,True
b0293,data/raw/imagenette2-320/val/n03394916/n03394916_24532.JPEG,566,566,French_horn,0.9921875,"[566, 513, 999, 335, 330]","[""French_horn"", ""cornet"", ""toilet_tissue"", ""fox_squirrel"", ""wood_rabbit""]","[0.9921875, 0.00390625, 0.0, 0.0, 0.0]",True,True
b0294,data/raw/imagenette2-320/val/n03394916/n03394916_59452.JPEG,566,566,French_horn,0.80859375,"[566, 513, 776, 875, 432]","[""French_horn"", ""cornet"", ""sax"", ""trombone"", ""bassoon""]","[0.80859375, 0.109375, 0.0234375, 0.0078125, 0.00390625]",True,True
b0295,data/raw/imagenette2-320/val/n03394916/n03394916_9451.JPEG,566,566,French_horn,0.96484375,"[566, 513, 999, 335, 330]","[""French_horn"", ""cornet"", ""toilet_tissue"", ""fox_squirrel"", ""wood_rabbit""]","[0.96484375, 0.00390625, 0.0, 0.0, 0.0]",True,True
b0296,data/raw/imagenette2-320/val/n03394916/n03394916_43422.JPEG,566,566,French_horn,0.953125,"[566, 875, 513, 999, 334]","[""French_horn"", ""trombone"", ""cornet"", ""toilet_tissue"", ""porcupine""]","[0.953125, 0.00390625, 0.00390625, 0.0, 0.0]",True,True
b0297,data/raw/imagenette2-320/val/n03394916/ILSVRC2012_val_00004301.JPEG,566,566,French_horn,0.9609375,"[566, 513, 875, 776, 334]","[""French_horn"", ""cornet"", ""trombone"", ""sax"", ""porcupine""]","[0.9609375, 0.00390625, 0.00390625, 0.00390625, 0.0]",True,True
b0298,data/raw/imagenette2-320/val/n03394916/n03394916_23071.JPEG,566,566,French_horn,0.87890625,"[566, 513, 875, 776, 683]","[""French_horn"", ""cornet"", ""trombone"", ""sax"", ""oboe""]","[0.87890625, 0.01171875, 0.0078125, 0.00390625, 0.00390625]",True,True
b0299,data/raw/imagenette2-320/val/n03394916/n03394916_31871.JPEG,566,420,banjo,0.09375,"[420, 513, 413, 875, 683]","[""banjo"", ""cornet"", ""assault_rifle"", ""trombone"", ""oboe""]","[0.09375, 0.05859375, 0.0546875, 0.04296875, 0.0390625]",False,False
b0300,data/raw/imagenette2-320/val/n03417042/n03417042_28702.JPEG,569,569,garbage_truck,0.92578125,"[569, 690, 867, 603, 408]","[""garbage_truck"", ""oxcart"", ""trailer_truck"", ""horse_cart"", ""amphibian""]","[0.92578125, 0.03125, 0.0078125, 0.00390625, 0.00390625]",True,True
b0301,data/raw/imagenette2-320/val/n03417042/n03417042_90.JPEG,569,569,garbage_truck,0.96875,"[569, 867, 999, 329, 330]","[""garbage_truck"", ""trailer_truck"", ""toilet_tissue"", ""sea_cucumber"", ""wood_rabbit""]","[0.96875, 0.01171875, 0.0, 0.0, 0.0]",True,True
b0302,data/raw/imagenette2-320/val/n03417042/n03417042_130.JPEG,569,807,solar_dish,0.265625,"[807, 866, 733, 595, 517]","[""solar_dish"", ""tractor"", ""pole"", ""harvester"", ""crane""]","[0.265625, 0.21484375, 0.078125, 0.046875, 0.04296875]",False,False
b0303,data/raw/imagenette2-320/val/n03417042/n03417042_9240.JPEG,569,586,half_track,0.2734375,"[586, 609, 595, 864, 856]","[""half_track"", ""jeep"", ""harvester"", ""tow_truck"", ""thresher""]","[0.2734375, 0.12890625, 0.11328125, 0.0703125, 0.0703125]",False,False
b0304,data/raw/imagenette2-320/val/n03417042/n03417042_5631.JPEG,569,569,garbage_truck,0.90625,"[569, 595, 867, 866, 864]","[""garbage_truck"", ""harvester"", ""trailer_truck"", ""tractor"", ""tow_truck""]","[0.90625, 0.015625, 0.00390625, 0.00390625, 0.00390625]",True,True
b0305,data/raw/imagenette2-320/val/n03417042/n03417042_7521.JPEG,569,803,snowplow,0.234375,"[803, 569, 807, 970, 913]","[""snowplow"", ""garbage_truck"", ""solar_dish"", ""alp"", ""wreck""]","[0.234375, 0.16796875, 0.05078125, 0.03515625, 0.03125]",False,True
b0306,data/raw/imagenette2-320/val/n03417042/n03417042_10121.JPEG,569,569,garbage_truck,0.9921875,"[569, 999, 327, 340, 339]","[""garbage_truck"", ""toilet_tissue"", ""starfish"", ""zebra"", ""sorrel""]","[0.9921875, 0.0, 0.0, 0.0, 0.0]",True,True
b0307,data/raw/imagenette2-320/val/n03417042/n03417042_9021.JPEG,569,569,garbage_truck,0.953125,"[569, 407, 867, 866, 864]","[""garbage_truck"", ""ambulance"", ""trailer_truck"", ""tractor"", ""tow_truck""]","[0.953125, 0.00390625, 0.00390625, 0.00390625, 0.00390625]",True,True
b0308,data/raw/imagenette2-320/val/n03417042/n03417042_12711.JPEG,569,569,garbage_truck,0.74609375,"[569, 867, 866, 675, 803]","[""garbage_truck"", ""trailer_truck"", ""tractor"", ""moving_van"", ""snowplow""]","[0.74609375, 0.1640625, 0.015625, 0.01171875, 0.01171875]",True,True
b0309,data/raw/imagenette2-320/val/n03417042/n03417042_4462.JPEG,569,586,half_track,0.37890625,"[586, 569, 847, 856, 471]","[""half_track"", ""garbage_truck"", ""tank"", ""thresher"", ""cannon""]","[0.37890625, 0.19140625, 0.05078125, 0.0390625, 0.02734375]",False,True
b0310,data/raw/imagenette2-320/val/n03417042/n03417042_3862.JPEG,569,569,garbage_truck,0.09375,"[569, 586, 847, 660, 408]","[""garbage_truck"", ""half_track"", ""tank"", ""mobile_home"", ""amphibian""]","[0.09375, 0.046875, 0.04296875, 0.03515625, 0.03125]",True,True
b0311,data/raw/imagenette2-320/val/n03417042/n03417042_12601.JPEG,569,569,garbage_truck,0.4453125,"[569, 586, 856, 595, 408]","[""garbage_truck"", ""half_track"", ""thresher"", ""harvester"", ""amphibian""]","[0.4453125, 0.2578125, 0.0703125, 0.03515625, 0.01953125]",True,True
b0312,data/raw/imagenette2-320/val/n03417042/n03417042_9480.JPEG,569,569,garbage_truck,0.9375,"[569, 675, 867, 803, 517]","[""garbage_truck"", ""moving_van"", ""trailer_truck"", ""snowplow"", ""crane""]","[0.9375, 0.01171875, 0.01171875, 0.0078125, 0.00390625]",True,True
b0313,data/raw/imagenette2-320/val/n03417042/ILSVRC2012_val_00008430.JPEG,569,569,garbage_truck,0.87109375,"[569, 555, 675, 867, 609]","[""garbage_truck"", ""fire_engine"", ""moving_van"", ""trailer_truck"", ""jeep""]","[0.87109375, 0.0546875, 0.03125, 0.01171875, 0.00390625]",True,True
b0314,data/raw/imagenette2-320/val/n03417042/n03417042_7061.JPEG,569,569,garbage_truck,0.296875,"[569, 864, 654, 867, 866]","[""garbage_truck"", ""tow_truck"", ""minibus"", ""trailer_truck"", ""tractor""]","[0.296875, 0.15234375, 0.140625, 0.06640625, 0.04296875]",True,True
b0315,data/raw/imagenette2-320/val/n03417042/n03417042_1790.JPEG,569,569,garbage_truck,0.9921875,"[569, 999, 327, 340, 339]","[""garbage_truck"", ""toilet_tissue"", ""starfish"", ""zebra"", ""sorrel""]","[0.9921875, 0.0, 0.0, 0.0, 0.0]",True,True
b0316,data/raw/imagenette2-320/val/n03417042/n03417042_23802.JPEG,569,569,garbage_truck,0.9921875,"[569, 999, 327, 340, 339]","[""garbage_truck"", ""toilet_tissue"", ""starfish"", ""zebra"", ""sorrel""]","[0.9921875, 0.0, 0.0, 0.0, 0.0]",True,True
b0317,data/raw/imagenette2-320/val/n03417042/n03417042_2231.JPEG,569,569,garbage_truck,0.5234375,"[569, 867, 675, 866, 803]","[""garbage_truck"", ""trailer_truck"", ""moving_van"", ""tractor"", ""snowplow""]","[0.5234375, 0.1640625, 0.15234375, 0.01953125, 0.015625]",True,True
b0318,data/raw/imagenette2-320/val/n03417042/n03417042_20382.JPEG,569,569,garbage_truck,0.94921875,"[569, 867, 856, 517, 471]","[""garbage_truck"", ""trailer_truck"", ""thresher"", ""crane"", ""cannon""]","[0.94921875, 0.0078125, 0.0078125, 0.00390625, 0.00390625]",True,True
b0319,data/raw/imagenette2-320/val/n03417042/n03417042_1211.JPEG,569,569,garbage_truck,0.89453125,"[569, 867, 561, 675, 517]","[""garbage_truck"", ""trailer_truck"", ""forklift"", ""moving_van"", ""crane""]","[0.89453125, 0.046875, 0.01171875, 0.0078125, 0.00390625]",True,True
b0320,data/raw/imagenette2-320/val/n03417042/n03417042_10442.JPEG,569,569,garbage_truck,0.55078125,"[569, 867, 555, 690, 866]","[""garbage_truck"", ""trailer_truck"", ""fire_engine"", ""oxcart"", ""tractor""]","[0.55078125, 0.1015625, 0.05859375, 0.03515625, 0.02734375]",True,True
b0321,data/raw/imagenette2-320/val/n03417042/n03417042_27982.JPEG,569,569,garbage_truck,0.89453125,"[569, 561, 555, 867, 609]","[""garbage_truck"", ""forklift"", ""fire_engine"", ""trailer_truck"", ""jeep""]","[0.89453125, 0.01953125, 0.015625, 0.0078125, 0.00390625]",True,True
b0322,data/raw/imagenette2-320/val/n03417042/n03417042_9052.JPEG,569,569,garbage_truck,0.80859375,"[569, 864, 867, 803, 517]","[""garbage_truck"", ""tow_truck"", ""trailer_truck"", ""snowplow"", ""crane""]","[0.80859375, 0.10546875, 0.0390625, 0.01171875, 0.0078125]",True,True
b0323,data/raw/imagenette2-320/val/n03417042/n03417042_18042.JPEG,569,569,garbage_truck,0.91015625,"[569, 595, 675, 867, 407]","[""garbage_truck"", ""harvester"", ""moving_van"", ""trailer_truck"", ""ambulance""]","[0.91015625, 0.015625, 0.0078125, 0.0078125, 0.00390625]",True,True
b0324,data/raw/imagenette2-320/val/n03417042/n03417042_9601.JPEG,569,569,garbage_truck,0.953125,"[569, 867, 864, 675, 999]","[""garbage_truck"", ""trailer_truck"", ""tow_truck"", ""moving_van"", ""toilet_tissue""]","[0.953125, 0.0234375, 0.01171875, 0.00390625, 0.0]",True,True
b0325,data/raw/imagenette2-320/val/n03417042/n03417042_22532.JPEG,569,569,garbage_truck,0.8828125,"[569, 864, 517, 867, 866]","[""garbage_truck"", ""tow_truck"", ""crane"", ""trailer_truck"", ""tractor""]","[0.8828125, 0.046875, 0.015625, 0.00390625, 0.00390625]",True,True
b0326,data/raw/imagenette2-320/val/n03417042/n03417042_2812.JPEG,569,569,garbage_truck,0.30078125,"[569, 830, 612, 583, 866]","[""garbage_truck"", ""stretcher"", ""jinrikisha"", ""guillotine"", ""tractor""]","[0.30078125, 0.0390625, 0.03515625, 0.02734375, 0.015625]",True,True
b0327,data/raw/imagenette2-320/val/n03417042/n03417042_28062.JPEG,569,569,garbage_truck,0.81640625,"[569, 867, 866, 517, 856]","[""garbage_truck"", ""trailer_truck"", ""tractor"", ""crane"", ""thresher""]","[0.81640625, 0.0703125, 0.01953125, 0.01171875, 0.0078125]",True,True
b0328,data/raw/imagenette2-320/val/n03417042/ILSVRC2012_val_00022172.JPEG,569,569,garbage_truck,0.984375,"[569, 867, 999, 329, 330]","[""garbage_truck"", ""trailer_truck"", ""toilet_tissue"", ""sea_cucumber"", ""wood_rabbit""]","[0.984375, 0.0078125, 0.0, 0.0, 0.0]",True,True
b0329,data/raw/imagenette2-320/val/n03417042/n03417042_11611.JPEG,569,569,garbage_truck,0.93359375,"[569, 867, 675, 999, 329]","[""garbage_truck"", ""trailer_truck"", ""moving_van"", ""toilet_tissue"", ""sea_cucumber""]","[0.93359375, 0.02734375, 0.01953125, 0.0, 0.0]",True,True
b0330,data/raw/imagenette2-320/val/n03417042/n03417042_16370.JPEG,569,569,garbage_truck,0.96484375,"[569, 595, 408, 999, 329]","[""garbage_truck"", ""harvester"", ""amphibian"", ""toilet_tissue"", ""sea_cucumber""]","[0.96484375, 0.00390625, 0.00390625, 0.0, 0.0]",True,True
b0331,data/raw/imagenette2-320/val/n03417042/n03417042_4560.JPEG,569,569,garbage_truck,0.69921875,"[569, 864, 408, 609, 867]","[""garbage_truck"", ""tow_truck"", ""amphibian"", ""jeep"", ""trailer_truck""]","[0.69921875, 0.125, 0.02734375, 0.015625, 0.01171875]",True,True
b0332,data/raw/imagenette2-320/val/n03417042/n03417042_1770.JPEG,569,569,garbage_truck,0.3671875,"[569, 603, 690, 586, 408]","[""garbage_truck"", ""horse_cart"", ""oxcart"", ""half_track"", ""amphibian""]","[0.3671875, 0.3203125, 0.1171875, 0.0625, 0.01171875]",True,True
b0333,data/raw/imagenette2-320/val/n03417042/n03417042_6442.JPEG,569,569,garbage_truck,0.29296875,"[569, 864, 407, 609, 561]","[""garbage_truck"", ""tow_truck"", ""ambulance"", ""jeep"", ""forklift""]","[0.29296875, 0.0703125, 0.0390625, 0.0390625, 0.02734375]",True,True
b0334,data/raw/imagenette2-320/val/n03417042/n03417042_18582.JPEG,569,569,garbage_truck,0.9140625,"[569, 867, 675, 517, 999]","[""garbage_truck"", ""trailer_truck"", ""moving_van"", ""crane"", ""toilet_tissue""]","[0.9140625, 0.02734375, 0.0234375, 0.00390625, 0.0]",True,True
b0335,data/raw/imagenette2-320/val/n03417042/n03417042_7021.JPEG,569,569,garbage_truck,0.96875,"[569, 856, 866, 555, 864]","[""garbage_truck"", ""thresher"", ""tractor"", ""fire_engine"", ""tow_truck""]","[0.96875, 0.00390625, 0.00390625, 0.00390625, 0.00390625]",True,True
b0336,data/raw/imagenette2-320/val/n03417042/ILSVRC2012_val_00024560.JPEG,569,471,cannon,0.296875,"[471, 569, 867, 586, 866]","[""cannon"", ""garbage_truck"", ""trailer_truck"", ""half_track"", ""tractor""]","[0.296875, 0.1328125, 0.12109375, 0.0859375, 0.07421875]",False,True
b0337,data/raw/imagenette2-320/val/n03417042/n03417042_4491.JPEG,569,569,garbage_truck,0.359375,"[569, 498, 582, 424, 865]","[""garbage_truck"", ""cinema"", ""grocery_store"", ""barbershop"", ""toyshop""]","[0.359375, 0.04296875, 0.03515625, 0.03125, 0.03125]",True,True
b0338,data/raw/imagenette2-320/val/n03417042/n03417042_9311.JPEG,569,569,garbage_truck,0.98046875,"[569, 612, 412, 335, 330]","[""garbage_truck"", ""jinrikisha"", ""ashcan"", ""fox_squirrel"", ""wood_rabbit""]","[0.98046875, 0.00390625, 0.00390625, 0.0, 0.0]",True,True
b0339,data/raw/imagenette2-320/val/n03417042/n03417042_6602.JPEG,569,569,garbage_truck,0.94140625,"[569, 847, 561, 408, 864]","[""garbage_truck"", ""tank"", ""forklift"", ""amphibian"", ""tow_truck""]","[0.94140625, 0.01171875, 0.0078125, 0.00390625, 0.00390625]",True,True
b0340,data/raw/imagenette2-320/val/n03417042/n03417042_3171.JPEG,569,864,tow_truck,0.36328125,"[864, 569, 803, 866, 730]","[""tow_truck"", ""garbage_truck"", ""snowplow"", ""tractor"", ""plow""]","[0.36328125, 0.27734375, 0.06640625, 0.05859375, 0.05859375]",False,True
b0341,data/raw/imagenette2-320/val/n03417042/n03417042_10150.JPEG,569,569,garbage_truck,0.98828125,"[569, 999, 327, 340, 339]","[""garbage_truck"", ""toilet_tissue"", ""starfish"", ""zebra"", ""sorrel""]","[0.98828125, 0.0, 0.0, 0.0, 0.0]",True,True
b0342,data/raw/imagenette2-320/val/n03417042/n03417042_1311.JPEG,569,728,plastic_bag,0.15234375,"[728, 692, 569, 549, 781]","[""plastic_bag"", ""packet"", ""garbage_truck"", ""envelope"", ""scoreboard""]","[0.15234375, 0.109375, 0.0859375, 0.03125, 0.0234375]",False,True
b0343,data/raw/imagenette2-320/val/n03417042/n03417042_8700.JPEG,569,803,snowplow,0.23046875,"[803, 569, 864, 609, 407]","[""snowplow"", ""garbage_truck"", ""tow_truck"", ""jeep"", ""ambulance""]","[0.23046875, 0.19921875, 0.08984375, 0.05859375, 0.046875]",False,True
b0344,data/raw/imagenette2-320/val/n03417042/n03417042_20021.JPEG,569,569,garbage_truck,0.8515625,"[569, 864, 867, 586, 609]","[""garbage_truck"", ""tow_truck"", ""trailer_truck"", ""half_track"", ""jeep""]","[0.8515625, 0.01953125, 0.015625, 0.01171875, 0.0078125]",True,True
b0345,data/raw/imagenette2-320/val/n03417042/n03417042_8121.JPEG,569,569,garbage_truck,0.97265625,"[569, 408, 575, 999, 328]","[""garbage_truck"", ""amphibian"", ""golfcart"", ""toilet_tissue"", ""sea_urchin""]","[0.97265625, 0.00390625, 0.00390625, 0.0, 0.0]",True,True
b0346,data/raw/imagenette2-320/val/n03417042/n03417042_30.JPEG,569,569,garbage_truck,0.765625,"[569, 675, 867, 864, 654]","[""garbage_truck"", ""moving_van"", ""trailer_truck"", ""tow_truck"", ""minibus""]","[0.765625, 0.09375, 0.02734375, 0.0234375, 0.01953125]",True,True
b0347,data/raw/imagenette2-320/val/n03417042/n03417042_24980.JPEG,569,569,garbage_truck,0.98046875,"[569, 856, 660, 999, 339]","[""garbage_truck"", ""thresher"", ""mobile_home"", ""toilet_tissue"", ""sorrel""]","[0.98046875, 0.00390625, 0.00390625, 0.0, 0.0]",True,True
b0348,data/raw/imagenette2-320/val/n03417042/n03417042_27151.JPEG,569,569,garbage_truck,0.9921875,"[569, 867, 999, 329, 330]","[""garbage_truck"", ""trailer_truck"", ""toilet_tissue"", ""sea_cucumber"", ""wood_rabbit""]","[0.9921875, 0.00390625, 0.0, 0.0, 0.0]",True,True
b0349,data/raw/imagenette2-320/val/n03417042/ILSVRC2012_val_00028190.JPEG,569,569,garbage_truck,0.94921875,"[569, 867, 866, 864, 595]","[""garbage_truck"", ""trailer_truck"", ""tractor"", ""tow_truck"", ""harvester""]","[0.94921875, 0.00390625, 0.00390625, 0.00390625, 0.00390625]",True,True
b0350,data/raw/imagenette2-320/val/n03425413/n03425413_430.JPEG,571,650,microphone,0.09765625,"[650, 870, 571, 875, 456]","[""microphone"", ""tricycle"", ""gas_pump"", ""trombone"", ""bow""]","[0.09765625, 0.0546875, 0.046875, 0.0390625, 0.02734375]",False,True
b0351,data/raw/imagenette2-320/val/n03425413/n03425413_8641.JPEG,571,691,oxygen_mask,0.18359375,"[691, 588, 411, 777, 414]","[""oxygen_mask"", ""hamper"", ""apron"", ""scabbard"", ""backpack""]","[0.18359375, 0.05078125, 0.04296875, 0.0390625, 0.03515625]",False,False
b0352,data/raw/imagenette2-320/val/n03425413/n03425413_15792.JPEG,571,571,gas_pump,0.9296875,"[571, 778, 637, 704, 999]","[""gas_pump"", ""scale"", ""mailbox"", ""parking_meter"", ""toilet_tissue""]","[0.9296875, 0.0078125, 0.00390625, 0.00390625, 0.0]",True,True
b0353,data/raw/imagenette2-320/val/n03425413/n03425413_3602.JPEG,571,571,gas_pump,0.19140625,"[571, 675, 919, 864, 867]","[""gas_pump"", ""moving_van"", ""street_sign"", ""tow_truck"", ""trailer_truck""]","[0.19140625, 0.109375, 0.078125, 0.07421875, 0.05078125]",True,True
b0354,data/raw/imagenette2-320/val/n03425413/n03425413_27300.JPEG,571,571,gas_pump,0.796875,"[571, 707, 480, 886, 407]","[""gas_pump"", ""pay-phone"", ""cash_machine"", ""vending_machine"", ""ambulance""]","[0.796875, 0.03515625, 0.01953125, 0.015625, 0.0078125]",True,True
b0355,data/raw/imagenette2-320/val/n03425413/n03425413_15070.JPEG,571,571,gas_pump,0.80859375,"[571, 609, 612, 637, 412]","[""gas_pump"", ""jeep"", ""jinrikisha"", ""mailbox"", ""ashcan""]","[0.80859375, 0.01953125, 0.015625, 0.01171875, 0.01171875]",True,True
b0356,data/raw/imagenette2-320/val/n03425413/n03425413_7292.JPEG,571,571,gas_pump,0.86328125,"[571, 637, 707, 886, 448]","[""gas_pump"", ""mailbox"", ""pay-phone"", ""vending_machine"", ""birdhouse""]","[0.86328125, 0.078125, 0.00390625, 0.00390625, 0.00390625]",True,True
b0357,data/raw/imagenette2-320/val/n03425413/n03425413_14952.JPEG,571,571,gas_pump,0.9921875,"[571, 999, 327, 340, 339]","[""gas_pump"", ""toilet_tissue"", ""starfish"", ""zebra"", ""sorrel""]","[0.9921875, 0.0, 0.0, 0.0, 0.0]",True,True
b0358,data/raw/imagenette2-320/val/n03425413/n03425413_9241.JPEG,571,571,gas_pump,0.97265625,"[571, 886, 999, 333, 329]","[""gas_pump"", ""vending_machine"", ""toilet_tissue"", ""hamster"", ""sea_cucumber""]","[0.97265625, 0.00390625, 0.0, 0.0, 0.0]",True,True
b0359,data/raw/imagenette2-320/val/n03425413/n03425413_10022.JPEG,571,571,gas_pump,0.76171875,"[571, 637, 704, 480, 886]","[""gas_pump"", ""mailbox"", ""parking_meter"", ""cash_machine"", ""vending_machine""]","[0.76171875, 0.01953125, 0.01171875, 0.0078125, 0.0078125]",True,True
b0360,data/raw/imagenette2-320/val/n03425413/ILSVRC2012_val_00009821.JPEG,571,571,gas_pump,0.953125,"[571, 800, 999, 327, 339]","[""gas_pump"", ""slot"", ""toilet_tissue"", ""starfish"", ""sorrel""]","[0.953125, 0.00390625, 0.0, 0.0, 0.0]",True,True
b0361,data/raw/imagenette2-320/val/n03425413/n03425413_21592.JPEG,571,571,gas_pump,0.4140625,"[571, 886, 800, 498, 670]","[""gas_pump"", ""vending_machine"", ""slot"", ""cinema"", ""motor_scooter""]","[0.4140625, 0.04296875, 0.0390625, 0.015625, 0.01171875]",True,True
b0362,data/raw/imagenette2-320/val/n03425413/n03425413_4792.JPEG,571,571,gas_pump,0.9765625,"[571, 704, 999, 327, 339]","[""gas_pump"", ""parking_meter"", ""toilet_tissue"", ""starfish"", ""sorrel""]","[0.9765625, 0.01171875, 0.0, 0.0, 0.0]",True,True
b0363,data/raw/imagenette2-320/val/n03425413/n03425413_13811.JPEG,571,571,gas_pump,0.2421875,"[571, 707, 919, 412, 458]","[""gas_pump"", ""pay-phone"", ""street_sign"", ""ashcan"", ""brass""]","[0.2421875, 0.0546875, 0.0546875, 0.046875, 0.03125]",True,True
b0364,data/raw/imagenette2-320/val/n03425413/n03425413_14672.JPEG,571,458,brass,0.3125,"[458, 919, 921, 640, 539]","[""brass"", ""street_sign"", ""book_jacket"", ""manhole_cover"", ""doormat""]","[0.3125, 0.06640625, 0.05078125, 0.03125, 0.02734375]",False,False
b0365,data/raw/imagenette2-320/val/n03425413/n03425413_7730.JPEG,571,571,gas_pump,0.32421875,"[571, 830, 428, 707, 807]","[""gas_pump"", ""stretcher"", ""barrow"", ""pay-phone"", ""solar_dish""]","[0.32421875, 0.08203125, 0.04296875, 0.01953125, 0.015625]",True,True
b0366,data/raw/imagenette2-320/val/n03425413/n03425413_19250.JPEG,571,571,gas_pump,0.9765625,"[571, 886, 999, 333, 329]","[""gas_pump"", ""vending_machine"", ""toilet_tissue"", ""hamster"", ""sea_cucumber""]","[0.9765625, 0.00390625, 0.0, 0.0, 0.0]",True,True
b0367,data/raw/imagenette2-320/val/n03425413/n03425413_13702.JPEG,571,571,gas_pump,0.96875,"[571, 778, 886, 637, 412]","[""gas_pump"", ""scale"", ""vending_machine"", ""mailbox"", ""ashcan""]","[0.96875, 0.00390625, 0.00390625, 0.00390625, 0.00390625]",True,True
b0368,data/raw/imagenette2-320/val/n03425413/n03425413_21202.JPEG,571,482,cassette_player,0.2421875,"[482, 848, 481, 707, 477]","[""cassette_player"", ""tape_player"", ""cassette"", ""pay-phone"", ""carpenter's_kit""]","[0.2421875, 0.09765625, 0.06640625, 0.05859375, 0.0546875]",False,False
b0369,data/raw/imagenette2-320/val/n03425413/n03425413_28542.JPEG,571,571,gas_pump,0.84765625,"[571, 707, 975, 800, 807]","[""gas_pump"", ""pay-phone"", ""lakeside"", ""slot"", ""solar_dish""]","[0.84765625, 0.02734375, 0.015625, 0.0078125, 0.0078125]",True,True
b0370,data/raw/imagenette2-320/val/n03425413/n03425413_32871.JPEG,571,571,gas_pump,0.3671875,"[571, 707, 886, 480, 860]","[""gas_pump"", ""pay-phone"", ""vending_machine"", ""cash_machine"", ""tobacco_shop""]","[0.3671875, 0.2421875, 0.09375, 0.0390625, 0.015625]",True,True
b0371,data/raw/imagenette2-320/val/n03425413/n03425413_4661.JPEG,571,771,safe,0.16796875,"[771, 519, 743, 526, 760]","[""safe"", ""crate"", ""prison"", ""desk"", ""refrigerator""]","[0.16796875, 0.15625, 0.08984375, 0.0390625, 0.0390625]",False,False
b0372,data/raw/imagenette2-320/val/n03425413/n03425413_10410.JPEG,571,571,gas_pump,0.30078125,"[571, 760, 771, 886, 894]","[""gas_pump"", ""refrigerator"", ""safe"", ""vending_machine"", ""wardrobe""]","[0.30078125, 0.24609375, 0.1171875, 0.0546875, 0.03515625]",True,True
b0373,data/raw/imagenette2-320/val/n03425413/n03425413_20301.JPEG,571,571,gas_pump,0.2265625,"[571, 583, 580, 428, 950]","[""gas_pump"", ""guillotine"", ""greenhouse"", ""barrow"", ""orange""]","[0.2265625, 0.2265625, 0.171875, 0.109375, 0.0390625]",True,True
b0374,data/raw/imagenette2-320/val/n03425413/n03425413_10621.JPEG,571,571,gas_pump,0.99609375,"[571, 999, 327, 340, 339]","[""gas_pump"", ""toilet_tissue"", ""starfish"", ""zebra"", ""sorrel""]","[0.99609375, 0.0, 0.0, 0.0, 0.0]",True,True
b0375,data/raw/imagenette2-320/val/n03425413/n03425413_13200.JPEG,571,571,gas_pump,0.9921875,"[571, 999, 327, 340, 339]","[""gas_pump"", ""toilet_tissue"", ""starfish"", ""zebra"", ""sorrel""]","[0.9921875, 0.0, 0.0, 0.0, 0.0]",True,True
b0376,data/raw/imagenette2-320/val/n03425413/n03425413_12722.JPEG,571,571,gas_pump,0.66796875,"[571, 743, 637, 707, 660]","[""gas_pump"", ""prison"", ""mailbox"", ""pay-phone"", ""mobile_home""]","[0.66796875, 0.03125, 0.02734375, 0.0234375, 0.01171875]",True,True
b0377,data/raw/imagenette2-320/val/n03425413/n03425413_16661.JPEG,571,634,lumbermill,0.40234375,"[634, 561, 971, 427, 583]","[""lumbermill"", ""forklift"", ""bubble"", ""barrel"", ""guillotine""]","[0.40234375, 0.05078125, 0.046875, 0.03515625, 0.0234375]",False,False
b0378,data/raw/imagenette2-320/val/n03425413/n03425413_15332.JPEG,571,571,gas_pump,0.85546875,"[571, 695, 844, 535, 753]","[""gas_pump"", ""padlock"", ""switch"", ""disk_brake"", ""radiator""]","[0.85546875, 0.0234375, 0.01171875, 0.0078125, 0.0078125]",True,True
b0379,data/raw/imagenette2-320/val/n03425413/n03425413_21211.JPEG,571,860,tobacco_shop,0.11328125,"[860, 864, 654, 867, 751]","[""tobacco_shop"", ""tow_truck"", ""minibus"", ""trailer_truck"", ""racer""]","[0.11328125, 0.0546875, 0.0546875, 0.0390625, 0.03515625]",False,False
b0380,data/raw/imagenette2-320/val/n03425413/n03425413_15131.JPEG,571,425,barn,0.32421875,"[425, 660, 571, 449, 853]","[""barn"", ""mobile_home"", ""gas_pump"", ""boathouse"", ""thatch""]","[0.32421875, 0.17578125, 0.1328125, 0.0625, 0.015625]",False,True
b0381,data/raw/imagenette2-320/val/n03425413/n03425413_13170.JPEG,571,498,cinema,0.2265625,"[498, 424, 571, 762, 707]","[""cinema"", ""barbershop"", ""gas_pump"", ""restaurant"", ""pay-phone""]","[0.2265625, 0.0703125, 0.06640625, 0.0390625, 0.0390625]",False,True
b0382,data/raw/imagenette2-320/val/n03425413/n03425413_70.JPEG,571,422,barbell,0.125,"[422, 862, 571, 919, 543]","[""barbell"", ""torch"", ""gas_pump"", ""street_sign"", ""dumbbell""]","[0.125, 0.09375, 0.03515625, 0.03515625, 0.02734375]",False,True
b0383,data/raw/imagenette2-320/val/n03425413/ILSVRC2012_val_00000732.JPEG,571,480,cash_machine,0.80078125,"[480, 571, 886, 620, 692]","[""cash_machine"", ""gas_pump"", ""vending_machine"", ""laptop"", ""packet""]","[0.80078125, 0.0546875, 0.015625, 0.00390625, 0.00390625]",False,True
b0384,data/raw/imagenette2-320/val/n03425413/n03425413_6540.JPEG,571,571,gas_pump,0.98828125,"[571, 999, 327, 340, 339]","[""gas_pump"", ""toilet_tissue"", ""starfish"", ""zebra"", ""sorrel""]","[0.98828125, 0.0, 0.0, 0.0, 0.0]",True,True
b0385,data/raw/imagenette2-320/val/n03425413/n03425413_16712.JPEG,571,535,disk_brake,0.37890625,"[535, 670, 571, 686, 518]","[""disk_brake"", ""motor_scooter"", ""gas_pump"", ""oil_filter"", ""crash_helmet""]","[0.37890625, 0.10546875, 0.05859375, 0.03125, 0.0234375]",False,True
b0386,data/raw/imagenette2-320/val/n03425413/n03425413_1610.JPEG,571,571,gas_pump,0.63671875,"[571, 519, 423, 870, 612]","[""gas_pump"", ""crate"", ""barber_chair"", ""tricycle"", ""jinrikisha""]","[0.63671875, 0.03125, 0.015625, 0.01171875, 0.0078125]",True,True
b0387,data/raw/imagenette2-320/val/n03425413/n03425413_8670.JPEG,571,571,gas_pump,0.48828125,"[571, 707, 583, 674, 843]","[""gas_pump"", ""pay-phone"", ""guillotine"", ""mousetrap"", ""swing""]","[0.48828125, 0.08203125, 0.0625, 0.03125, 0.0234375]",True,True
b0388,data/raw/imagenette2-320/val/n03425413/n03425413_12711.JPEG,571,571,gas_pump,0.3359375,"[571, 637, 480, 778, 412]","[""gas_pump"", ""mailbox"", ""cash_machine"", ""scale"", ""ashcan""]","[0.3359375, 0.078125, 0.06640625, 0.0625, 0.05859375]",True,True
b0389,data/raw/imagenette2-320/val/n03425413/n03425413_1911.JPEG,571,571,gas_pump,0.97265625,"[571, 778, 800, 999, 328]","[""gas_pump"", ""scale"", ""slot"", ""toilet_tissue"", ""sea_urchin""]","[0.97265625, 0.00390625, 0.00390625, 0.0, 0.0]",True,True
b0390,data/raw/imagenette2-320/val/n03425413/n03425413_8302.JPEG,571,571,gas_pump,0.87890625,"[571, 437, 747, 494, 862]","[""gas_pump"", ""beacon"", ""punching_bag"", ""chime"", ""torch""]","[0.87890625, 0.03125, 0.0078125, 0.00390625, 0.00390625]",True,True
b0391,data/raw/imagenette2-320/val/n03425413/n03425413_21032.JPEG,571,535,disk_brake,0.421875,"[535, 571, 543, 686, 665]","[""disk_brake"", ""gas_pump"", ""dumbbell"", ""oil_filter"", ""moped""]","[0.421875, 0.12109375, 0.02734375, 0.01953125, 0.01953125]",False,True
b0392,data/raw/imagenette2-320/val/n03425413/n03425413_16220.JPEG,571,480,cash_machine,0.34765625,"[480, 886, 571, 617, 411]","[""cash_machine"", ""vending_machine"", ""gas_pump"", ""lab_coat"", ""apron""]","[0.34765625, 0.05859375, 0.04296875, 0.0234375, 0.01953125]",False,True
b0393,data/raw/imagenette2-320/val/n03425413/n03425413_691.JPEG,571,571,gas_pump,0.87890625,"[571, 707, 886, 637, 583]","[""gas_pump"", ""pay-phone"", ""vending_machine"", ""mailbox"", ""guillotine""]","[0.87890625, 0.01171875, 0.01171875, 0.0078125, 0.00390625]",True,True
b0394,data/raw/imagenette2-320/val/n03425413/ILSVRC2012_val_00004860.JPEG,571,571,gas_pump,0.390625,"[571, 412, 860, 778, 480]","[""gas_pump"", ""ashcan"", ""tobacco_shop"", ""scale"", ""cash_machine""]","[0.390625, 0.1484375, 0.0546875, 0.015625, 0.01171875]",True,True
b0395,data/raw/imagenette2-320/val/n03425413/n03425413_2141.JPEG,571,571,gas_pump,0.296875,"[571, 865, 412, 886, 860]","[""gas_pump"", ""toyshop"", ""ashcan"", ""vending_machine"", ""tobacco_shop""]","[0.296875, 0.05078125, 0.0390625, 0.03125, 0.02734375]",True,True
b0396,data/raw/imagenette2-320/val/n03425413/n03425413_5732.JPEG,571,478,carton,0.24609375,"[478, 481, 519, 728, 692]","[""carton"", ""cassette"", ""crate"", ""plastic_bag"", ""packet""]","[0.24609375, 0.1640625, 0.03515625, 0.03515625, 0.03125]",False,False
b0397,data/raw/imagenette2-320/val/n03425413/n03425413_9051.JPEG,571,475,car_mirror,0.59765625,"[475, 812, 660, 634, 471]","[""car_mirror"", ""space_shuttle"", ""mobile_home"", ""lumbermill"", ""cannon""]","[0.59765625, 0.0234375, 0.01953125, 0.015625, 0.01171875]",False,False
b0398,data/raw/imagenette2-320/val/n03425413/n03425413_12712.JPEG,571,441,beer_glass,0.16015625,"[441, 412, 534, 503, 438]","[""beer_glass"", ""ashcan"", ""dishwasher"", ""cocktail_shaker"", ""beaker""]","[0.16015625, 0.11328125, 0.03515625, 0.0234375, 0.01953125]",False,False
b0399,data/raw/imagenette2-320/val/n03425413/n03425413_16992.JPEG,571,571,gas_pump,0.83984375,"[571, 886, 480, 778, 707]","[""gas_pump"", ""vending_machine"", ""cash_machine"", ""scale"", ""pay-phone""]","[0.83984375, 0.0078125, 0.0078125, 0.00390625, 0.00390625]",True,True
b0400,data/raw/imagenette2-320/val/n03445777/n03445777_3981.JPEG,574,574,golf_ball,0.80859375,"[574, 429, 405, 768, 86]","[""golf_ball"", ""baseball"", ""airship"", ""rugby_ball"", ""partridge""]","[0.80859375, 0.0078125, 0.0078125, 0.0078125, 0.0078125]",True,True
b0401,data/raw/imagenette2-320/val/n03445777/n03445777_9340.JPEG,574,574,golf_ball,0.98046875,"[574, 429, 852, 999, 333]","[""golf_ball"", ""baseball"", ""tennis_ball"", ""toilet_tissue"", ""hamster""]","[0.98046875, 0.0078125, 0.00390625, 0.0, 0.0]",True,True
b0402,data/raw/imagenette2-320/val/n03445777/n03445777_3391.JPEG,574,429,baseball,0.125,"[429, 522, 574, 361, 217]","[""baseball"", ""croquet_ball"", ""golf_ball"", ""skunk"", ""English_springer""]","[0.125, 0.08984375, 0.0703125, 0.05859375, 0.04296875]",False,True
b0403,data/raw/imagenette2-320/val/n03445777/n03445777_7091.JPEG,574,574,golf_ball,0.9609375,"[574, 999, 327, 340, 339]","[""golf_ball"", ""toilet_tissue"", ""starfish"", ""zebra"", ""sorrel""]","[0.9609375, 0.0, 0.0, 0.0, 0.0]",True,True
b0404,data/raw/imagenette2-320/val/n03445777/n03445777_16331.JPEG,574,574,golf_ball,0.203125,"[574, 895, 758, 843, 676]","[""golf_ball"", ""warplane"", ""reel"", ""swing"", ""muzzle""]","[0.203125, 0.09765625, 0.078125, 0.05859375, 0.0546875]",True,True
b0405,data/raw/imagenette2-320/val/n03445777/n03445777_5592.JPEG,574,574,golf_ball,0.47265625,"[574, 825, 599, 509, 582]","[""golf_ball"", ""stone_wall"", ""honeycomb"", ""confectionery"", ""grocery_store""]","[0.47265625, 0.06640625, 0.0546875, 0.0234375, 0.01953125]",True,True
b0406,data/raw/imagenette2-320/val/n03445777/n03445777_12920.JPEG,574,574,golf_ball,0.9609375,"[574, 999, 327, 340, 339]","[""golf_ball"", ""toilet_tissue"", ""starfish"", ""zebra"", ""sorrel""]","[0.9609375, 0.0, 0.0, 0.0, 0.0]",True,True
b0407,data/raw/imagenette2-320/val/n03445777/n03445777_4211.JPEG,574,574,golf_ball,0.921875,"[574, 807, 999, 327, 339]","[""golf_ball"", ""solar_dish"", ""toilet_tissue"", ""starfish"", ""sorrel""]","[0.921875, 0.00390625, 0.0, 0.0, 0.0]",True,True
b0408,data/raw/imagenette2-320/val/n03445777/n03445777_9120.JPEG,574,574,golf_ball,0.8203125,"[574, 722, 429, 522, 768]","[""golf_ball"", ""ping-pong_ball"", ""baseball"", ""croquet_ball"", ""rugby_ball""]","[0.8203125, 0.03125, 0.01171875, 0.00390625, 0.00390625]",True,True
b0409,data/raw/imagenette2-320/val/n03445777/n03445777_340.JPEG,574,574,golf_ball,0.73046875,"[574, 852, 948, 429, 722]","[""golf_ball"", ""tennis_ball"", ""Granny_Smith"", ""baseball"", ""ping-pong_ball""]","[0.73046875, 0.03125, 0.0078125, 0.00390625, 0.00390625]",True,True
b0410,data/raw/imagenette2-320/val/n03445777/n03445777_20400.JPEG,574,574,golf_ball,0.96875,"[574, 999, 327, 340, 339]","[""golf_ball"", ""toilet_tissue"", ""starfish"", ""zebra"", ""sorrel""]","[0.96875, 0.0, 0.0, 0.0, 0.0]",True,True
b0411,data/raw/imagenette2-320/val/n03445777/n03445777_3090.JPEG,574,574,golf_ball,0.953125,"[574, 429, 999, 327, 339]","[""golf_ball"", ""baseball"", ""toilet_tissue"", ""starfish"", ""sorrel""]","[0.953125, 0.00390625, 0.0, 0.0, 0.0]",True,True
b0412,data/raw/imagenette2-320/val/n03445777/n03445777_1152.JPEG,574,574,golf_ball,0.9765625,"[574, 429, 999, 327, 339]","[""golf_ball"", ""baseball"", ""toilet_tissue"", ""starfish"", ""sorrel""]","[0.9765625, 0.00390625, 0.0, 0.0, 0.0]",True,True
b0413,data/raw/imagenette2-320/val/n03445777/n03445777_7442.JPEG,574,574,golf_ball,0.9765625,"[574, 999, 327, 340, 339]","[""golf_ball"", ""toilet_tissue"", ""starfish"", ""zebra"", ""sorrel""]","[0.9765625, 0.0, 0.0, 0.0, 0.0]",True,True
b0414,data/raw/imagenette2-320/val/n03445777/n03445777_7580.JPEG,574,574,golf_ball,0.6328125,"[574, 805, 733, 758, 723]","[""golf_ball"", ""soccer_ball"", ""pole"", ""reel"", ""pinwheel""]","[0.6328125, 0.046875, 0.02734375, 0.01953125, 0.015625]",True,True
b0415,data/raw/imagenette2-320/val/n03445777/n03445777_10760.JPEG,574,574,golf_ball,0.90625,"[574, 543, 522, 429, 805]","[""golf_ball"", ""dumbbell"", ""croquet_ball"", ""baseball"", ""soccer_ball""]","[0.90625, 0.00390625, 0.00390625, 0.00390625, 0.00390625]",True,True
b0416,data/raw/imagenette2-320/val/n03445777/n03445777_10632.JPEG,574,574,golf_ball,0.9375,"[574, 999, 327, 340, 339]","[""golf_ball"", ""toilet_tissue"", ""starfish"", ""zebra"", ""sorrel""]","[0.9375, 0.0, 0.0, 0.0, 0.0]",True,True
b0417,data/raw/imagenette2-320/val/n03445777/n03445777_7652.JPEG,574,574,golf_ball,0.44921875,"[574, 722, 522, 769, 852]","[""golf_ball"", ""ping-pong_ball"", ""croquet_ball"", ""rule"", ""tennis_ball""]","[0.44921875, 0.078125, 0.0234375, 0.015625, 0.01171875]",True,True
b0418,data/raw/imagenette2-320/val/n03445777/n03445777_7691.JPEG,574,574,golf_ball,0.96875,"[574, 999, 327, 340, 339]","[""golf_ball"", ""toilet_tissue"", ""starfish"", ""zebra"", ""sorrel""]","[0.96875, 0.0, 0.0, 0.0, 0.0]",True,True
b0419,data/raw/imagenette2-320/val/n03445777/n03445777_11150.JPEG,574,574,golf_ball,0.73046875,"[574, 855, 677, 650, 722]","[""golf_ball"", ""thimble"", ""nail"", ""microphone"", ""ping-pong_ball""]","[0.73046875, 0.1171875, 0.0078125, 0.00390625, 0.00390625]",True,True
b0420,data/raw/imagenette2-320/val/n03445777/n03445777_3612.JPEG,574,574,golf_ball,0.75,"[574, 720, 722, 543, 584]","[""golf_ball"", ""pill_bottle"", ""ping-pong_ball"", ""dumbbell"", ""hair_slide""]","[0.75, 0.1015625, 0.01171875, 0.0078125, 0.0078125]",True,True
b0421,data/raw/imagenette2-320/val/n03445777/n03445777_3471.JPEG,574,574,golf_ball,0.828125,"[574, 429, 722, 522, 852]","[""golf_ball"", ""baseball"", ""ping-pong_ball"", ""croquet_ball"", ""tennis_ball""]","[0.828125, 0.0390625, 0.01171875, 0.00390625, 0.00390625]",True,True
b0422,data/raw/imagenette2-320/val/n03445777/n03445777_16392.JPEG,574,574,golf_ball,0.9765625,"[574, 999, 327, 340, 339]","[""golf_ball"", ""toilet_tissue"", ""starfish"", ""zebra"", ""sorrel""]","[0.9765625, 0.0, 0.0, 0.0, 0.0]",True,True
b0423,data/raw/imagenette2-320/val/n03445777/n03445777_8790.JPEG,574,574,golf_ball,0.94921875,"[574, 429, 999, 327, 339]","[""golf_ball"", ""baseball"", ""toilet_tissue"", ""starfish"", ""sorrel""]","[0.94921875, 0.00390625, 0.0, 0.0, 0.0]",True,True
b0424,data/raw/imagenette2-320/val/n03445777/n03445777_11122.JPEG,574,574,golf_ball,0.8203125,"[574, 429, 722, 720, 700]","[""golf_ball"", ""baseball"", ""ping-pong_ball"", ""pill_bottle"", ""paper_towel""]","[0.8203125, 0.03515625, 0.01171875, 0.0078125, 0.00390625]",True,True
b0425,data/raw/imagenette2-320/val/n03445777/n03445777_4371.JPEG,574,574,golf_ball,0.90234375,"[574, 999, 327, 340, 339]","[""golf_ball"", ""toilet_tissue"", ""starfish"", ""zebra"", ""sorrel""]","[0.90234375, 0.0, 0.0, 0.0, 0.0]",True,True
b0426,data/raw/imagenette2-320/val/n03445777/n03445777_4930.JPEG,574,574,golf_ball,0.97265625,"[574, 852, 429, 999, 333]","[""golf_ball"", ""tennis_ball"", ""baseball"", ""toilet_tissue"", ""hamster""]","[0.97265625, 0.00390625, 0.00390625, 0.0, 0.0]",True,True
b0427,data/raw/imagenette2-320/val/n03445777/n03445777_13462.JPEG,574,574,golf_ball,0.9296875,"[574, 999, 327, 340, 339]","[""golf_ball"", ""toilet_tissue"", ""starfish"", ""zebra"", ""sorrel""]","[0.9296875, 0.0, 0.0, 0.0, 0.0]",True,True
b0428,data/raw/imagenette2-320/val/n03445777/n03445777_1971.JPEG,574,574,golf_ball,0.734375,"[574, 712, 883, 927, 818]","[""golf_ball"", ""Petri_dish"", ""vase"", ""trifle"", ""spotlight""]","[0.734375, 0.0078125, 0.00390625, 0.00390625, 0.00390625]",True,True
b0429,data/raw/imagenette2-320/val/n03445777/n03445777_6360.JPEG,574,574,golf_ball,0.875,"[574, 852, 429, 722, 994]","[""golf_ball"", ""tennis_ball"", ""baseball"", ""ping-pong_ball"", ""stinkhorn""]","[0.875, 0.0234375, 0.0078125, 0.0078125, 0.0078125]",True,True
b0430,data/raw/imagenette2-320/val/n03445777/n03445777_3410.JPEG,574,574,golf_ball,0.91796875,"[574, 999, 327, 340, 339]","[""golf_ball"", ""toilet_tissue"", ""starfish"", ""zebra"", ""sorrel""]","[0.91796875, 0.0, 0.0, 0.0, 0.0]",True,True
b0431,data/raw/imagenette2-320/val/n03445777/n03445777_2251.JPEG,574,574,golf_ball,0.63671875,"[574, 522, 621, 981, 429]","[""golf_ball"", ""croquet_ball"", ""lawn_mower"", ""ballplayer"", ""baseball""]","[0.63671875, 0.1640625, 0.0703125, 0.03125, 0.015625]",True,True
b0432,data/raw/imagenette2-320/val/n03445777/n03445777_1962.JPEG,574,574,golf_ball,0.9921875,"[574, 999, 327, 340, 339]","[""golf_ball"", ""toilet_tissue"", ""starfish"", ""zebra"", ""sorrel""]","[0.9921875, 0.0, 0.0, 0.0, 0.0]",True,True
b0433,data/raw/imagenette2-320/val/n03445777/n03445777_5590.JPEG,574,574,golf_ball,0.8984375,"[574, 930, 544, 961, 828]","[""golf_ball"", ""French_loaf"", ""Dutch_oven"", ""dough"", ""strainer""]","[0.8984375, 0.00390625, 0.00390625, 0.00390625, 0.00390625]",True,True
b0434,data/raw/imagenette2-320/val/n03445777/n03445777_13490.JPEG,574,574,golf_ball,0.9140625,"[574, 999, 327, 340, 339]","[""golf_ball"", ""toilet_tissue"", ""starfish"", ""zebra"", ""sorrel""]","[0.9140625, 0.0, 0.0, 0.0, 0.0]",True,True
b0435,data/raw/imagenette2-320/val/n03445777/n03445777_7011.JPEG,574,574,golf_ball,0.97265625,"[574, 999, 327, 340, 339]","[""golf_ball"", ""toilet_tissue"", ""starfish"", ""zebra"", ""sorrel""]","[0.97265625, 0.0, 0.0, 0.0, 0.0]",True,True
b0436,data/raw/imagenette2-320/val/n03445777/n03445777_9740.JPEG,574,574,golf_ball,0.9765625,"[574, 999, 327, 340, 339]","[""golf_ball"", ""toilet_tissue"", ""starfish"", ""zebra"", ""sorrel""]","[0.9765625, 0.0, 0.0, 0.0, 0.0]",True,True
b0437,data/raw/imagenette2-320/val/n03445777/n03445777_7181.JPEG,574,574,golf_ball,0.9375,"[574, 999, 327, 340, 339]","[""golf_ball"", ""toilet_tissue"", ""starfish"", ""zebra"", ""sorrel""]","[0.9375, 0.0, 0.0, 0.0, 0.0]",True,True
b0438,data/raw/imagenette2-320/val/n03445777/n03445777_5812.JPEG,574,574,golf_ball,0.984375,"[574, 999, 327, 340, 339]","[""golf_ball"", ""toilet_tissue"", ""starfish"", ""zebra"", ""sorrel""]","[0.984375, 0.0, 0.0, 0.0, 0.0]",True,True
b0439,data/raw/imagenette2-320/val/n03445777/n03445777_18631.JPEG,574,574,golf_ball,0.94921875,"[574, 429, 999, 327, 339]","[""golf_ball"", ""baseball"", ""toilet_tissue"", ""starfish"", ""sorrel""]","[0.94921875, 0.00390625, 0.0, 0.0, 0.0]",True,True
b0440,data/raw/imagenette2-320/val/n03445777/n03445777_5031.JPEG,574,574,golf_ball,0.9375,"[574, 429, 999, 327, 339]","[""golf_ball"", ""baseball"", ""toilet_tissue"", ""starfish"", ""sorrel""]","[0.9375, 0.00390625, 0.0, 0.0, 0.0]",True,True
b0441,data/raw/imagenette2-320/val/n03445777/n03445777_7372.JPEG,574,574,golf_ball,0.890625,"[574, 722, 999, 328, 340]","[""golf_ball"", ""ping-pong_ball"", ""toilet_tissue"", ""sea_urchin"", ""zebra""]","[0.890625, 0.00390625, 0.0, 0.0, 0.0]",True,True
b0442,data/raw/imagenette2-320/val/n03445777/n03445777_832.JPEG,574,574,golf_ball,0.92578125,"[574, 722, 999, 328, 340]","[""golf_ball"", ""ping-pong_ball"", ""toilet_tissue"", ""sea_urchin"", ""zebra""]","[0.92578125, 0.00390625, 0.0, 0.0, 0.0]",True,True
b0443,data/raw/imagenette2-320/val/n03445777/n03445777_6451.JPEG,574,574,golf_ball,0.9453125,"[574, 363, 86, 999, 334]","[""golf_ball"", ""armadillo"", ""partridge"", ""toilet_tissue"", ""porcupine""]","[0.9453125, 0.0078125, 0.00390625, 0.0, 0.0]",True,True
b0444,data/raw/imagenette2-320/val/n03445777/n03445777_3992.JPEG,574,574,golf_ball,0.19921875,"[574, 750, 794, 398, 599]","[""golf_ball"", ""quilt"", ""shower_curtain"", ""abacus"", ""honeycomb""]","[0.19921875, 0.19921875, 0.05859375, 0.03125, 0.02734375]",True,True
b0445,data/raw/imagenette2-320/val/n03445777/n03445777_10550.JPEG,574,574,golf_ball,0.8984375,"[574, 999, 327, 340, 339]","[""golf_ball"", ""toilet_tissue"", ""starfish"", ""zebra"", ""sorrel""]","[0.8984375, 0.0, 0.0, 0.0, 0.0]",True,True
b0446,data/raw/imagenette2-320/val/n03445777/n03445777_1292.JPEG,574,574,golf_ball,0.9609375,"[574, 999, 327, 340, 339]","[""golf_ball"", ""toilet_tissue"", ""starfish"", ""zebra"", ""sorrel""]","[0.9609375, 0.0, 0.0, 0.0, 0.0]",True,True
b0447,data/raw/imagenette2-320/val/n03445777/n03445777_1291.JPEG,574,574,golf_ball,0.98828125,"[574, 429, 999, 327, 339]","[""golf_ball"", ""baseball"", ""toilet_tissue"", ""starfish"", ""sorrel""]","[0.98828125, 0.00390625, 0.0, 0.0, 0.0]",True,True
b0448,data/raw/imagenette2-320/val/n03445777/ILSVRC2012_val_00008161.JPEG,574,574,golf_ball,0.1640625,"[574, 701, 621, 805, 981]","[""golf_ball"", ""parachute"", ""lawn_mower"", ""soccer_ball"", ""ballplayer""]","[0.1640625, 0.0546875, 0.046875, 0.046875, 0.04296875]",True,True
b0449,data/raw/imagenette2-320/val/n03445777/n03445777_3421.JPEG,574,574,golf_ball,0.8515625,"[574, 429, 522, 805, 852]","[""golf_ball"", ""baseball"", ""croquet_ball"", ""soccer_ball"", ""tennis_ball""]","[0.8515625, 0.05859375, 0.015625, 0.0078125, 0.0078125]",True,True
b0450,data/raw/imagenette2-320/val/n03888257/n03888257_850.JPEG,701,701,parachute,0.96484375,"[701, 584, 999, 339, 338]","[""parachute"", ""hair_slide"", ""toilet_tissue"", ""sorrel"", ""guinea_pig""]","[0.96484375, 0.00390625, 0.0, 0.0, 0.0]",True,True
b0451,data/raw/imagenette2-320/val/n03888257/n03888257_9371.JPEG,701,970,alp,0.40234375,"[970, 472, 701, 672, 980]","[""alp"", ""canoe"", ""parachute"", ""mountain_tent"", ""volcano""]","[0.40234375, 0.109375, 0.08203125, 0.078125, 0.04296875]",False,True
b0452,data/raw/imagenette2-320/val/n03888257/n03888257_13100.JPEG,701,701,parachute,0.890625,"[701, 843, 795, 602, 801]","[""parachute"", ""swing"", ""ski"", ""horizontal_bar"", ""snorkel""]","[0.890625, 0.046875, 0.03515625, 0.00390625, 0.00390625]",True,True
b0453,data/raw/imagenette2-320/val/n03888257/n03888257_15312.JPEG,701,701,parachute,0.8828125,"[701, 417, 405, 315, 316]","[""parachute"", ""balloon"", ""airship"", ""mantis"", ""cicada""]","[0.8828125, 0.0234375, 0.00390625, 0.0, 0.0]",True,True
b0454,data/raw/imagenette2-320/val/n03888257/n03888257_13072.JPEG,701,701,parachute,0.328125,"[701, 970, 646, 621, 730]","[""parachute"", ""alp"", ""maze"", ""lawn_mower"", ""plow""]","[0.328125, 0.0625, 0.04296875, 0.0390625, 0.02734375]",True,True
b0455,data/raw/imagenette2-320/val/n03888257/n03888257_4580.JPEG,701,971,bubble,0.0859375,"[971, 794, 611, 845, 549]","[""bubble"", ""shower_curtain"", ""jigsaw_puzzle"", ""syringe"", ""envelope""]","[0.0859375, 0.0546875, 0.0546875, 0.0390625, 0.02734375]",False,False
b0456,data/raw/imagenette2-320/val/n03888257/n03888257_31301.JPEG,701,701,parachute,0.8203125,"[701, 417, 326, 338, 337]","[""parachute"", ""balloon"", ""lycaenid"", ""guinea_pig"", ""beaver""]","[0.8203125, 0.02734375, 0.0, 0.0, 0.0]",True,True
b0457,data/raw/imagenette2-320/val/n03888257/n03888257_34320.JPEG,701,701,parachute,0.78125,"[701, 557, 728, 417, 793]","[""parachute"", ""flagpole"", ""plastic_bag"", ""balloon"", ""shower_cap""]","[0.78125, 0.046875, 0.0078125, 0.0078125, 0.00390625]",True,True
b0458,data/raw/imagenette2-320/val/n03888257/n03888257_12400.JPEG,701,845,syringe,0.78125,"[845, 701, 784, 740, 728]","[""syringe"", ""parachute"", ""screwdriver"", ""power_drill"", ""plastic_bag""]","[0.78125, 0.078125, 0.03515625, 0.0078125, 0.00390625]",False,True
b0459,data/raw/imagenette2-320/val/n03888257/n03888257_30691.JPEG,701,701,parachute,0.859375,"[701, 843, 602, 417, 557]","[""parachute"", ""swing"", ""horizontal_bar"", ""balloon"", ""flagpole""]","[0.859375, 0.0078125, 0.00390625, 0.00390625, 0.00390625]",True,True
b0460,data/raw/imagenette2-320/val/n03888257/n03888257_4311.JPEG,701,701,parachute,0.796875,"[701, 417, 879, 506, 337]","[""parachute"", ""balloon"", ""umbrella"", ""coil"", ""beaver""]","[0.796875, 0.17578125, 0.00390625, 0.00390625, 0.0]",True,True
b0461,data/raw/imagenette2-320/val/n03888257/n03888257_19792.JPEG,701,701,parachute,0.97265625,"[701, 417, 326, 338, 337]","[""parachute"", ""balloon"", ""lycaenid"", ""guinea_pig"", ""beaver""]","[0.97265625, 0.00390625, 0.0, 0.0, 0.0]",True,True
b0462,data/raw/imagenette2-320/val/n03888257/n03888257_15491.JPEG,701,701,parachute,0.90234375,"[701, 970, 417, 980, 978]","[""parachute"", ""alp"", ""balloon"", ""volcano"", ""seashore""]","[0.90234375, 0.01171875, 0.0078125, 0.00390625, 0.00390625]",True,True
b0463,data/raw/imagenette2-320/val/n03888257/ILSVRC2012_val_00042262.JPEG,701,701,parachute,0.98828125,"[701, 326, 339, 338, 337]","[""parachute"", ""lycaenid"", ""sorrel"", ""guinea_pig"", ""beaver""]","[0.98828125, 0.0, 0.0, 0.0, 0.0]",True,True
b0464,data/raw/imagenette2-320/val/n03888257/n03888257_22061.JPEG,701,701,parachute,0.83203125,"[701, 417, 879, 672, 405]","[""parachute"", ""balloon"", ""umbrella"", ""mountain_tent"", ""airship""]","[0.83203125, 0.04296875, 0.0078125, 0.0078125, 0.00390625]",True,True
b0465,data/raw/imagenette2-320/val/n03888257/n03888257_9770.JPEG,701,895,warplane,0.61328125,"[895, 404, 405, 908, 403]","[""warplane"", ""airliner"", ""airship"", ""wing"", ""aircraft_carrier""]","[0.61328125, 0.078125, 0.0703125, 0.03515625, 0.02734375]",False,False
b0466,data/raw/imagenette2-320/val/n03888257/n03888257_2791.JPEG,701,701,parachute,0.94921875,"[701, 557, 999, 339, 338]","[""parachute"", ""flagpole"", ""toilet_tissue"", ""sorrel"", ""guinea_pig""]","[0.94921875, 0.00390625, 0.0, 0.0, 0.0]",True,True
b0467,data/raw/imagenette2-320/val/n03888257/n03888257_12301.JPEG,701,794,shower_curtain,0.05078125,"[794, 549, 619, 807, 700]","[""shower_curtain"", ""envelope"", ""lampshade"", ""solar_dish"", ""paper_towel""]","[0.05078125, 0.02734375, 0.0234375, 0.015625, 0.015625]",False,False
b0468,data/raw/imagenette2-320/val/n03888257/n03888257_19260.JPEG,701,701,parachute,0.96484375,"[701, 557, 999, 339, 338]","[""parachute"", ""flagpole"", ""toilet_tissue"", ""sorrel"", ""guinea_pig""]","[0.96484375, 0.00390625, 0.0, 0.0, 0.0]",True,True
b0469,data/raw/imagenette2-320/val/n03888257/n03888257_7130.JPEG,701,701,parachute,0.73828125,"[701, 417, 405, 557, 339]","[""parachute"", ""balloon"", ""airship"", ""flagpole"", ""sorrel""]","[0.73828125, 0.03125, 0.01171875, 0.00390625, 0.0]",True,True
b0470,data/raw/imagenette2-320/val/n03888257/n03888257_9932.JPEG,701,677,nail,0.078125,"[677, 783, 405, 753, 845]","[""nail"", ""screw"", ""airship"", ""radiator"", ""syringe""]","[0.078125, 0.05859375, 0.04296875, 0.03125, 0.02734375]",False,False
b0471,data/raw/imagenette2-320/val/n03888257/n03888257_6230.JPEG,701,701,parachute,0.5234375,"[701, 619, 846, 807, 405]","[""parachute"", ""lampshade"", ""table_lamp"", ""solar_dish"", ""airship""]","[0.5234375, 0.05078125, 0.01953125, 0.015625, 0.01171875]",True,True
b0472,data/raw/imagenette2-320/val/n03888257/n03888257_36971.JPEG,701,701,parachute,0.91015625,"[701, 417, 978, 340, 338]","[""parachute"", ""balloon"", ""seashore"", ""zebra"", ""guinea_pig""]","[0.91015625, 0.0078125, 0.00390625, 0.0, 0.0]",True,True
b0473,data/raw/imagenette2-320/val/n03888257/n03888257_32391.JPEG,701,701,parachute,0.984375,"[701, 326, 339, 338, 337]","[""parachute"", ""lycaenid"", ""sorrel"", ""guinea_pig"", ""beaver""]","[0.984375, 0.0, 0.0, 0.0, 0.0]",True,True
b0474,data/raw/imagenette2-320/val/n03888257/n03888257_11450.JPEG,701,669,mosquito_net,0.81640625,"[669, 915, 794, 619, 701]","[""mosquito_net"", ""yurt"", ""shower_curtain"", ""lampshade"", ""parachute""]","[0.81640625, 0.0390625, 0.01953125, 0.015625, 0.015625]",False,True
b0475,data/raw/imagenette2-320/val/n03888257/ILSVRC2012_val_00044850.JPEG,701,701,parachute,0.9375,"[701, 326, 339, 338, 337]","[""parachute"", ""lycaenid"", ""sorrel"", ""guinea_pig"", ""beaver""]","[0.9375, 0.0, 0.0, 0.0, 0.0]",True,True
b0476,data/raw/imagenette2-320/val/n03888257/n03888257_4512.JPEG,701,701,parachute,0.9140625,"[701, 895, 557, 417, 999]","[""parachute"", ""warplane"", ""flagpole"", ""balloon"", ""toilet_tissue""]","[0.9140625, 0.0078125, 0.00390625, 0.00390625, 0.0]",True,True
b0477,data/raw/imagenette2-320/val/n03888257/n03888257_9640.JPEG,701,701,parachute,0.91796875,"[701, 795, 862, 843, 557]","[""parachute"", ""ski"", ""torch"", ""swing"", ""flagpole""]","[0.91796875, 0.015625, 0.01171875, 0.0078125, 0.00390625]",True,True
b0478,data/raw/imagenette2-320/val/n03888257/n03888257_10680.JPEG,701,701,parachute,0.94921875,"[701, 417, 326, 338, 337]","[""parachute"", ""balloon"", ""lycaenid"", ""guinea_pig"", ""beaver""]","[0.94921875, 0.01171875, 0.0, 0.0, 0.0]",True,True
b0479,data/raw/imagenette2-320/val/n03888257/n03888257_28011.JPEG,701,701,parachute,0.36328125,"[701, 419, 611, 549, 720]","[""parachute"", ""Band_Aid"", ""jigsaw_puzzle"", ""envelope"", ""pill_bottle""]","[0.36328125, 0.31640625, 0.046875, 0.03125, 0.02734375]",True,True
b0480,data/raw/imagenette2-320/val/n03888257/n03888257_19960.JPEG,701,701,parachute,0.58203125,"[701, 417, 971, 845, 619]","[""parachute"", ""balloon"", ""bubble"", ""syringe"", ""lampshade""]","[0.58203125, 0.0390625, 0.0390625, 0.02734375, 0.015625]",True,True
b0481,data/raw/imagenette2-320/val/n03888257/n03888257_4952.JPEG,701,701,parachute,0.99609375,"[701, 326, 339, 338, 337]","[""parachute"", ""lycaenid"", ""sorrel"", ""guinea_pig"", ""beaver""]","[0.99609375, 0.0, 0.0, 0.0, 0.0]",True,True
b0482,data/raw/imagenette2-320/val/n03888257/n03888257_2760.JPEG,701,417,balloon,0.60546875,"[417, 701, 807, 879, 619]","[""balloon"", ""parachute"", ""solar_dish"", ""umbrella"", ""lampshade""]","[0.60546875, 0.28515625, 0.03515625, 0.0078125, 0.00390625]",False,True
b0483,data/raw/imagenette2-320/val/n03888257/n03888257_6541.JPEG,701,701,parachute,0.8984375,"[701, 417, 326, 338, 337]","[""parachute"", ""balloon"", ""lycaenid"", ""guinea_pig"", ""beaver""]","[0.8984375, 0.0546875, 0.0, 0.0, 0.0]",True,True
b0484,data/raw/imagenette2-320/val/n03888257/n03888257_19570.JPEG,701,701,parachute,0.984375,"[701, 417, 326, 338, 337]","[""parachute"", ""balloon"", ""lycaenid"", ""guinea_pig"", ""beaver""]","[0.984375, 0.00390625, 0.0, 0.0, 0.0]",True,True
b0485,data/raw/imagenette2-320/val/n03888257/n03888257_17340.JPEG,701,728,plastic_bag,0.14453125,"[728, 701, 807, 999, 354]","[""plastic_bag"", ""parachute"", ""solar_dish"", ""toilet_tissue"", ""Arabian_camel""]","[0.14453125, 0.09765625, 0.0546875, 0.03515625, 0.01953125]",False,True
b0486,data/raw/imagenette2-320/val/n03888257/n03888257_3651.JPEG,701,701,parachute,0.21484375,"[701, 465, 830, 413, 615]","[""parachute"", ""bulletproof_vest"", ""stretcher"", ""assault_rifle"", ""knee_pad""]","[0.21484375, 0.109375, 0.0703125, 0.04296875, 0.03515625]",True,True
b0487,data/raw/imagenette2-320/val/n03888257/n03888257_42680.JPEG,701,701,parachute,0.94140625,"[701, 795, 870, 843, 693]","[""parachute"", ""ski"", ""tricycle"", ""swing"", ""paddle""]","[0.94140625, 0.00390625, 0.00390625, 0.00390625, 0.00390625]",True,True
b0488,data/raw/imagenette2-320/val/n03888257/n03888257_17851.JPEG,701,701,parachute,0.96875,"[701, 730, 728, 671, 331]","[""parachute"", ""plow"", ""plastic_bag"", ""mountain_bike"", ""hare""]","[0.96875, 0.00390625, 0.00390625, 0.00390625, 0.0]",True,True
b0489,data/raw/imagenette2-320/val/n03888257/n03888257_35020.JPEG,701,701,parachute,0.98046875,"[701, 417, 326, 338, 337]","[""parachute"", ""balloon"", ""lycaenid"", ""guinea_pig"", ""beaver""]","[0.98046875, 0.00390625, 0.0, 0.0, 0.0]",True,True
b0490,data/raw/imagenette2-320/val/n03888257/n03888257_3632.JPEG,701,701,parachute,0.99609375,"[701, 326, 339, 338, 337]","[""parachute"", ""lycaenid"", ""sorrel"", ""guinea_pig"", ""beaver""]","[0.99609375, 0.0, 0.0, 0.0, 0.0]",True,True
b0491,data/raw/imagenette2-320/val/n03888257/n03888257_22302.JPEG,701,701,parachute,0.98828125,"[701, 417, 326, 338, 337]","[""parachute"", ""balloon"", ""lycaenid"", ""guinea_pig"", ""beaver""]","[0.98828125, 0.00390625, 0.0, 0.0, 0.0]",True,True
b0492,data/raw/imagenette2-320/val/n03888257/n03888257_5812.JPEG,701,701,parachute,0.984375,"[701, 326, 339, 338, 337]","[""parachute"", ""lycaenid"", ""sorrel"", ""guinea_pig"", ""beaver""]","[0.984375, 0.0, 0.0, 0.0, 0.0]",True,True
b0493,data/raw/imagenette2-320/val/n03888257/n03888257_12641.JPEG,701,895,warplane,0.734375,"[895, 812, 403, 908, 404]","[""warplane"", ""space_shuttle"", ""aircraft_carrier"", ""wing"", ""airliner""]","[0.734375, 0.09375, 0.0390625, 0.03515625, 0.0234375]",False,False
b0494,data/raw/imagenette2-320/val/n03888257/n03888257_17421.JPEG,701,701,parachute,0.96875,"[701, 557, 999, 339, 338]","[""parachute"", ""flagpole"", ""toilet_tissue"", ""sorrel"", ""guinea_pig""]","[0.96875, 0.01953125, 0.0, 0.0, 0.0]",True,True
b0495,data/raw/imagenette2-320/val/n03888257/n03888257_36541.JPEG,701,701,parachute,0.91015625,"[701, 417, 405, 970, 404]","[""parachute"", ""balloon"", ""airship"", ""alp"", ""airliner""]","[0.91015625, 0.0078125, 0.0078125, 0.00390625, 0.00390625]",True,True
b0496,data/raw/imagenette2-320/val/n03888257/n03888257_38102.JPEG,701,701,parachute,0.9765625,"[701, 326, 339, 338, 337]","[""parachute"", ""lycaenid"", ""sorrel"", ""guinea_pig"", ""beaver""]","[0.9765625, 0.0, 0.0, 0.0, 0.0]",True,True
b0497,data/raw/imagenette2-320/val/n03888257/n03888257_7011.JPEG,701,701,parachute,0.3125,"[701, 405, 417, 895, 146]","[""parachute"", ""airship"", ""balloon"", ""warplane"", ""albatross""]","[0.3125, 0.06640625, 0.03125, 0.02734375, 0.0234375]",True,True
b0498,data/raw/imagenette2-320/val/n03888257/n03888257_29090.JPEG,701,701,parachute,0.11328125,"[701, 21, 883, 107, 616]","[""parachute"", ""kite"", ""vase"", ""jellyfish"", ""knot""]","[0.11328125, 0.09765625, 0.03125, 0.02734375, 0.0234375]",True,True
b0499,data/raw/imagenette2-320/val/n03888257/n03888257_70632.JPEG,701,701,parachute,0.91796875,"[701, 879, 405, 417, 328]","[""parachute"", ""umbrella"", ""airship"", ""balloon"", ""sea_urchin""]","[0.91796875, 0.01953125, 0.00390625, 0.00390625, 0.0]",True,True
