sample_id,relative_path,ground_truth_index,predicted_top1_index,predicted_top1_class,predicted_top1_probability,top5_indices,top5_classes,top5_probabilities,top1_correct,top5_correct
b0000,data/raw/imagenette2-320/val/n01440764/n01440764_1310.JPEG,0,0,tench,0.7048221230506897,"[0, 1, 395, 392, 389]","[""tench"", ""goldfish"", ""gar"", ""rock_beauty"", ""barracouta""]","[0.7048221230506897, 0.03805689141154289, 0.032529670745134354, 0.02317734621465206, 0.015042091719806194]",True,True
b0001,data/raw/imagenette2-320/val/n01440764/n01440764_14190.JPEG,0,389,barracouta,0.7426031231880188,"[389, 395, 394, 390, 0]","[""barracouta"", ""gar"", ""sturgeon"", ""eel"", ""tench""]","[0.7426031231880188, 0.15955804288387299, 0.024338604882359505, 0.004574684891849756, 0.002850293181836605]",False,True
b0002,data/raw/imagenette2-320/val/n01440764/n01440764_8622.JPEG,0,0,tench,0.9785221219062805,"[0, 391, 389, 1, 392]","[""tench"", ""coho"", ""barracouta"", ""goldfish"", ""rock_beauty""]","[0.9785221219062805, 0.0012227484257891774, 0.0010600126115605235, 0.0008730225963518023, 0.0007289898348972201]",True,True
b0003,data/raw/imagenette2-320/val/n01440764/n01440764_6052.JPEG,0,0,tench,0.894631028175354,"[0, 389, 1, 395, 63]","[""tench"", ""barracouta"", ""goldfish"", ""gar"", ""Indian_cobra""]","[0.894631028175354, 0.028474511578679085, 0.0028660285752266645, 0.0021386456210166216, 0.0017156146932393312]",True,True
b0004,data/raw/imagenette2-320/val/n01440764/n01440764_8250.JPEG,0,0,tench,0.9040011167526245,"[0, 389, 996, 391, 172]","[""tench"", ""barracouta"", ""hen-of-the-woods"", ""coho"", ""whippet""]","[0.9040011167526245, 0.028757300227880478, 0.008010441437363625, 0.003360738744959235, 0.0023755370639264584]",True,True
b0005,data/raw/imagenette2-320/val/n01440764/n01440764_6550.JPEG,0,0,tench,0.96173095703125,"[0, 389, 103, 391, 390]","[""tench"", ""barracouta"", ""platypus"", ""coho"", ""eel""]","[0.96173095703125, 0.0030372580513358116, 0.0006814030348323286, 0.0005888473242521286, 0.00037487249937839806]",True,True
b0006,data/raw/imagenette2-320/val/n01440764/n01440764_4512.JPEG,0,0,tench,0.946544349193573,"[0, 389, 395, 394, 391]","[""tench"", ""barracouta"", ""gar"", ""sturgeon"", ""coho""]","[0.946544349193573, 0.003924495540559292, 0.0023709326051175594, 0.0023361502680927515, 0.0010334482649341226]",True,True
b0007,data/raw/imagenette2-320/val/n01440764/n01440764_13251.JPEG,0,0,tench,0.8946442008018494,"[0, 389, 391, 395, 103]","[""tench"", ""barracouta"", ""coho"", ""gar"", ""platypus""]","[0.8946442008018494, 0.006270883604884148, 0.002099968260154128, 0.0010586063144728541, 0.0007524116663262248]",True,True
b0008,data/raw/imagenette2-320/val/n01440764/n01440764_12021.JPEG,0,0,tench,0.9549492001533508,"[0, 389, 1, 390, 955]","[""tench"", ""barracouta"", ""goldfish"", ""eel"", ""jackfruit""]","[0.9549492001533508, 0.002671286463737488, 0.00048424425767734647, 0.0004340826708357781, 0.0003599663614295423]",True,True
b0009,data/raw/imagenette2-320/val/n01440764/n01440764_3011.JPEG,0,0,tench,0.9667809009552002,"[0, 389, 391, 103, 394]","[""tench"", ""barracouta"", ""coho"", ""platypus"", ""sturgeon""]","[0.9667809009552002, 0.00526846619322896, 0.002502791117876768, 0.00034632167080417275, 0.00027990579837933183]",True,True
b0010,data/raw/imagenette2-320/val/n01440764/n01440764_20650.JPEG,0,0,tench,0.9857072234153748,"[0, 389, 391, 395, 209]","[""tench"", ""barracouta"", ""coho"", ""gar"", ""Chesapeake_Bay_retriever""]","[0.9857072234153748, 0.007589538581669331, 0.0019805869087576866, 0.00030845694709569216, 0.00017678427684586495]",True,True
b0011,data/raw/imagenette2-320/val/n01440764/n01440764_11570.JPEG,0,0,tench,0.8982263803482056,"[0, 389, 390, 34, 394]","[""tench"", ""barracouta"", ""eel"", ""leatherback_turtle"", ""sturgeon""]","[0.8982263803482056, 0.00596702890470624, 0.0056366585195064545, 0.0033687036484479904, 0.002961856545880437]",True,True
b0012,data/raw/imagenette2-320/val/n01440764/n01440764_13452.JPEG,0,0,tench,0.9809335470199585,"[0, 389, 391, 103, 395]","[""tench"", ""barracouta"", ""coho"", ""platypus"", ""gar""]","[0.9809335470199585, 0.0019829871598631144, 0.0011640820885077119, 0.0010730503126978874, 0.0006780457333661616]",True,True
b0013,data/raw/imagenette2-320/val/n01440764/n01440764_9572.JPEG,0,0,tench,0.7190197706222534,"[0, 391, 394, 389, 395]","[""tench"", ""coho"", ""sturgeon"", ""barracouta"", ""gar""]","[0.7190197706222534, 0.12420212477445602, 0.018357284367084503, 0.015395957976579666, 0.00423952704295516]",True,True
b0014,data/raw/imagenette2-320/val/n01440764/n01440764_12881.JPEG,0,0,tench,0.894723653793335,"[0, 389, 103, 955, 951]","[""tench"", ""barracouta"", ""platypus"", ""jackfruit"", ""lemon""]","[0.894723653793335, 0.005111890845000744, 0.002123432932421565, 0.0009372443309985101, 0.0006500830641016364]",True,True
b0015,data/raw/imagenette2-320/val/n01440764/n01440764_8451.JPEG,0,0,tench,0.9460641741752625,"[0, 389, 391, 395, 1]","[""tench"", ""barracouta"", ""coho"", ""gar"", ""goldfish""]","[0.9460641741752625, 0.018590958788990974, 0.002168880542740226, 0.0009788761381059885, 0.0005441539105959237]",True,True
b0016,data/raw/imagenette2-320/val/n01440764/n01440764_7040.JPEG,0,0,tench,0.917371392250061,"[0, 391, 389, 390, 149]","[""tench"", ""coho"", ""barracouta"", ""eel"", ""dugong""]","[0.917371392250061, 0.01683856174349785, 0.008466427214443684, 0.004198674578219652, 0.003375118365511298]",True,True
b0017,data/raw/imagenette2-320/val/n01440764/n01440764_30782.JPEG,0,0,tench,0.7541017532348633,"[0, 930, 389, 113, 36]","[""tench"", ""French_loaf"", ""barracouta"", ""snail"", ""terrapin""]","[0.7541017532348633, 0.048399657011032104, 0.021230097860097885, 0.019477680325508118, 0.016242370009422302]",True,True
b0018,data/raw/imagenette2-320/val/n01440764/n01440764_3432.JPEG,0,0,tench,0.7031081318855286,"[0, 389, 395, 394, 1]","[""tench"", ""barracouta"", ""gar"", ""sturgeon"", ""goldfish""]","[0.7031081318855286, 0.15126541256904602, 0.029325228184461594, 0.006445947103202343, 0.0017793079605326056]",True,True
b0019,data/raw/imagenette2-320/val/n01440764/n01440764_7142.JPEG,0,0,tench,0.9546303749084473,"[0, 389, 391, 955, 394]","[""tench"", ""barracouta"", ""coho"", ""jackfruit"", ""sturgeon""]","[0.9546303749084473, 0.006473924499005079, 0.0005109574995003641, 0.0004712785012088716, 0.0004555437189992517]",True,True
b0020,data/raw/imagenette2-320/val/n01440764/n01440764_4341.JPEG,0,0,tench,0.9283648133277893,"[0, 389, 103, 394, 997]","[""tench"", ""barracouta"", ""platypus"", ""sturgeon"", ""bolete""]","[0.9283648133277893, 0.006591003853827715, 0.006438529118895531, 0.0011561153223738074, 0.0009196352330036461]",True,True
b0021,data/raw/imagenette2-320/val/n01440764/n01440764_752.JPEG,0,0,tench,0.8945503830909729,"[0, 389, 391, 394, 395]","[""tench"", ""barracouta"", ""coho"", ""sturgeon"", ""gar""]","[0.8945503830909729, 0.017205899581313133, 0.002553820377215743, 0.001561977667734027, 0.0006529442616738379]",True,True
b0022,data/raw/imagenette2-320/val/n01440764/n01440764_6751.JPEG,0,0,tench,0.9413760900497437,"[0, 389, 395, 391, 394]","[""tench"", ""barracouta"", ""gar"", ""coho"", ""sturgeon""]","[0.9413760900497437, 0.004751534666866064, 0.0029871680308133364, 0.0025158999487757683, 0.0019751519430428743]",True,True
b0023,data/raw/imagenette2-320/val/n01440764/n01440764_20592.JPEG,0,0,tench,0.9925612807273865,"[0, 389, 390, 1, 391]","[""tench"", ""barracouta"", ""eel"", ""goldfish"", ""coho""]","[0.9925612807273865, 0.0005536172538995743, 0.0003028291102964431, 0.00025637444923631847, 0.00013727735495194793]",True,True
b0024,data/raw/imagenette2-320/val/n01440764/n01440764_26541.JPEG,0,0,tench,0.9453837275505066,"[0, 389, 955, 103, 638]","[""tench"", ""barracouta"", ""jackfruit"", ""platypus"", ""maillot""]","[0.9453837275505066, 0.0027664450462907553, 0.0005632468382827938, 0.00030500133289024234, 0.0002583262394182384]",True,True
b0025,data/raw/imagenette2-320/val/n01440764/n01440764_10592.JPEG,0,0,tench,0.8862168788909912,"[0, 103, 33, 389, 394]","[""tench"", ""platypus"", ""loggerhead"", ""barracouta"", ""sturgeon""]","[0.8862168788909912, 0.025292418897151947, 0.007338785100728273, 0.0036455863155424595, 0.002574874786660075]",True,True
b0026,data/raw/imagenette2-320/val/n01440764/n01440764_11602.JPEG,0,0,tench,0.9567000269889832,"[0, 389, 391, 394, 955]","[""tench"", ""barracouta"", ""coho"", ""sturgeon"", ""jackfruit""]","[0.9567000269889832, 0.0030704804230481386, 0.0005350707215256989, 0.0003747779119294137, 0.00032547375303693116]",True,True
b0027,data/raw/imagenette2-320/val/n01440764/n01440764_12291.JPEG,0,0,tench,0.9798510670661926,"[0, 103, 389, 394, 390]","[""tench"", ""platypus"", ""barracouta"", ""sturgeon"", ""eel""]","[0.9798510670661926, 0.0027620114851742983, 0.0026830320712178946, 0.0008225508499890566, 0.0006356323137879372]",True,True
b0028,data/raw/imagenette2-320/val/n01440764/n01440764_14530.JPEG,0,0,tench,0.85506272315979,"[0, 389, 1, 395, 392]","[""tench"", ""barracouta"", ""goldfish"", ""gar"", ""rock_beauty""]","[0.85506272315979, 0.040184326469898224, 0.0057076336815953255, 0.004663197323679924, 0.0027672937139868736]",True,True
b0029,data/raw/imagenette2-320/val/n01440764/n01440764_21052.JPEG,0,0,tench,0.3110734522342682,"[0, 394, 389, 395, 391]","[""tench"", ""sturgeon"", ""barracouta"", ""gar"", ""coho""]","[0.3110734522342682, 0.19764304161071777, 0.1795995831489563, 0.16562427580356598, 0.049777038395404816]",True,True
b0030,data/raw/imagenette2-320/val/n01440764/n01440764_5490.JPEG,0,0,tench,0.6894941329956055,"[0, 389, 395, 391, 363]","[""tench"", ""barracouta"", ""gar"", ""coho"", ""armadillo""]","[0.6894941329956055, 0.048060573637485504, 0.00549828726798296, 0.0027972287498414516, 0.0022276879753917456]",True,True
b0031,data/raw/imagenette2-320/val/n01440764/n01440764_12241.JPEG,0,0,tench,0.9162195920944214,"[0, 389, 149, 394, 390]","[""tench"", ""barracouta"", ""dugong"", ""sturgeon"", ""eel""]","[0.9162195920944214, 0.004440359305590391, 0.0012958779698237777, 0.0010842682095244527, 0.0010649451287463307]",True,True
b0032,data/raw/imagenette2-320/val/n01440764/n01440764_13821.JPEG,0,0,tench,0.9087914824485779,"[0, 391, 389, 394, 395]","[""tench"", ""coho"", ""barracouta"", ""sturgeon"", ""gar""]","[0.9087914824485779, 0.015633147209882736, 0.0024443604052066803, 0.0012076759012416005, 0.0007552864262834191]",True,True
b0033,data/raw/imagenette2-320/val/n01440764/n01440764_3251.JPEG,0,0,tench,0.917974591255188,"[0, 389, 758, 391, 395]","[""tench"", ""barracouta"", ""reel"", ""coho"", ""gar""]","[0.917974591255188, 0.02181115932762623, 0.004056472796946764, 0.003845731494948268, 0.001428781426511705]",True,True
b0034,data/raw/imagenette2-320/val/n01440764/n01440764_421.JPEG,0,0,tench,0.9207431077957153,"[0, 389, 391, 395, 758]","[""tench"", ""barracouta"", ""coho"", ""gar"", ""reel""]","[0.9207431077957153, 0.014215354807674885, 0.008154663257300854, 0.0018998521845787764, 0.0015132821863517165]",True,True
b0035,data/raw/imagenette2-320/val/n01440764/n01440764_11151.JPEG,0,0,tench,0.8800680637359619,"[0, 389, 391, 394, 126]","[""tench"", ""barracouta"", ""coho"", ""sturgeon"", ""isopod""]","[0.8800680637359619, 0.004864708986133337, 0.0028325957246124744, 0.00172535446472466, 0.0010469889966771007]",True,True
b0036,data/raw/imagenette2-320/val/n01440764/n01440764_10482.JPEG,0,0,tench,0.6541237235069275,"[0, 394, 389, 395, 391]","[""tench"", ""sturgeon"", ""barracouta"", ""gar"", ""coho""]","[0.6541237235069275, 0.1497851014137268, 0.06626439839601517, 0.014788969419896603, 0.0063369497656822205]",True,True
b0037,data/raw/imagenette2-320/val/n01440764/n01440764_12702.JPEG,0,0,tench,0.8020976185798645,"[0, 389, 395, 394, 758]","[""tench"", ""barracouta"", ""gar"", ""sturgeon"", ""reel""]","[0.8020976185798645, 0.10001213848590851, 0.005490830168128014, 0.003330183681100607, 0.0009232733282260597]",True,True
b0038,data/raw/imagenette2-320/val/n01440764/n01440764_12151.JPEG,0,0,tench,0.7941414713859558,"[0, 389, 394, 395, 391]","[""tench"", ""barracouta"", ""sturgeon"", ""gar"", ""coho""]","[0.7941414713859558, 0.040245529264211655, 0.020460911095142365, 0.010959851555526257, 0.004635566845536232]",True,True
b0039,data/raw/imagenette2-320/val/n01440764/n01440764_1561.JPEG,0,0,tench,0.9691800475120544,"[0, 391, 389, 394, 395]","[""tench"", ""coho"", ""barracouta"", ""sturgeon"", ""gar""]","[0.9691800475120544, 0.0069315810687839985, 0.0016548425192013383, 0.0007784761837683618, 0.000413274101447314]",True,True
b0040,data/raw/imagenette2-320/val/n01440764/n01440764_5361.JPEG,0,0,tench,0.9898529648780823,"[0, 389, 391, 103, 394]","[""tench"", ""barracouta"", ""coho"", ""platypus"", ""sturgeon""]","[0.9898529648780823, 0.0007829835521988571, 0.00043703042319975793, 0.00023384555242955685, 0.0001592603075550869]",True,True
b0041,data/raw/imagenette2-320/val/n01440764/n01440764_7591.JPEG,0,0,tench,0.9410346746444702,"[0, 389, 391, 1, 395]","[""tench"", ""barracouta"", ""coho"", ""goldfish"", ""gar""]","[0.9410346746444702, 0.02252829819917679, 0.0077636875212192535, 0.0036652155686169863, 0.0029522571712732315]",True,True
b0042,data/raw/imagenette2-320/val/n01440764/n01440764_6410.JPEG,0,0,tench,0.7934613227844238,"[0, 389, 395, 394, 1]","[""tench"", ""barracouta"", ""gar"", ""sturgeon"", ""goldfish""]","[0.7934613227844238, 0.06266245245933533, 0.019526071846485138, 0.005549055058509111, 0.002381762256845832]",True,True
b0043,data/raw/imagenette2-320/val/n01440764/n01440764_7632.JPEG,0,0,tench,0.9564909338951111,"[0, 389, 391, 394, 103]","[""tench"", ""barracouta"", ""coho"", ""sturgeon"", ""platypus""]","[0.9564909338951111, 0.006043608766049147, 0.002339930273592472, 0.000902648433111608, 0.0002261804766021669]",True,True
b0044,data/raw/imagenette2-320/val/n01440764/n01440764_7030.JPEG,0,0,tench,0.9264104962348938,"[0, 1, 389, 392, 758]","[""tench"", ""goldfish"", ""barracouta"", ""rock_beauty"", ""reel""]","[0.9264104962348938, 0.01676088571548462, 0.014705940149724483, 0.001369001460261643, 0.0008622212335467339]",True,True
b0045,data/raw/imagenette2-320/val/n01440764/n01440764_25361.JPEG,0,0,tench,0.8493057489395142,"[0, 389, 394, 35, 395]","[""tench"", ""barracouta"", ""sturgeon"", ""mud_turtle"", ""gar""]","[0.8493057489395142, 0.015017415396869183, 0.00429370766505599, 0.0026212313678115606, 0.001938828150741756]",True,True
b0046,data/raw/imagenette2-320/val/n01440764/n01440764_5432.JPEG,0,0,tench,0.8506020903587341,"[0, 391, 394, 389, 390]","[""tench"", ""coho"", ""sturgeon"", ""barracouta"", ""eel""]","[0.8506020903587341, 0.05262581259012222, 0.016216715797781944, 0.011183827184140682, 0.0014692845288664103]",True,True
b0047,data/raw/imagenette2-320/val/n01440764/n01440764_13051.JPEG,0,0,tench,0.9786052107810974,"[0, 389, 391, 1, 103]","[""tench"", ""barracouta"", ""coho"", ""goldfish"", ""platypus""]","[0.9786052107810974, 0.0029153809882700443, 0.0010174330091103911, 0.0009711256716400385, 0.0005106409080326557]",True,True
b0048,data/raw/imagenette2-320/val/n01440764/n01440764_3781.JPEG,0,0,tench,0.928595244884491,"[0, 389, 391, 394, 390]","[""tench"", ""barracouta"", ""coho"", ""sturgeon"", ""eel""]","[0.928595244884491, 0.002875386504456401, 0.0011980817653238773, 0.0011408987920731306, 0.0005963487201370299]",True,True
b0049,data/raw/imagenette2-320/val/n01440764/n01440764_14650.JPEG,0,0,tench,0.9423183798789978,"[0, 389, 391, 1, 938]","[""tench"", ""barracouta"", ""coho"", ""goldfish"", ""cauliflower""]","[0.9423183798789978, 0.004102112725377083, 0.0007505454705096781, 0.0005231443210504949, 0.0002964634040836245]",True,True
b0050,data/raw/imagenette2-320/val/n02102040/n02102040_990.JPEG,217,217,English_springer,0.8665952086448669,"[217, 215, 212, 232, 239]","[""English_springer"", ""Brittany_spaniel"", ""English_setter"", ""Border_collie"", ""Bernese_mountain_dog""]","[0.8665952086448669, 0.01946542225778103, 0.007038756739348173, 0.006511912681162357, 0.0043099503964185715]",True,True
b0051,data/raw/imagenette2-320/val/n02102040/n02102040_1632.JPEG,217,200,Tibetan_terrier,0.490971177816391,"[200, 155, 217, 152, 229]","[""Tibetan_terrier"", ""Shih-Tzu"", ""English_springer"", ""Japanese_spaniel"", ""Old_English_sheepdog""]","[0.490971177816391, 0.1392403542995453, 0.06161967292428017, 0.04052668437361717, 0.03830832242965698]",False,True
b0052,data/raw/imagenette2-320/val/n02102040/n02102040_3532.JPEG,217,217,English_springer,0.4202153980731964,"[217, 215, 210, 212, 218]","[""English_springer"", ""Brittany_spaniel"", ""German_short-haired_pointer"", ""English_setter"", ""Welsh_springer_spaniel""]","[0.4202153980731964, 0.3000349998474121, 0.09004445374011993, 0.05109165608882904, 0.03511166572570801]",True,True
b0053,data/raw/imagenette2-320/val/n02102040/n02102040_3052.JPEG,217,217,English_springer,0.9351248741149902,"[217, 215, 195, 232, 247]","[""English_springer"", ""Brittany_spaniel"", ""Boston_bull"", ""Border_collie"", ""Saint_Bernard""]","[0.9351248741149902, 0.010067657567560673, 0.009974273853003979, 0.008363121189177036, 0.005325792822986841]",True,True
b0054,data/raw/imagenette2-320/val/n02102040/n02102040_620.JPEG,217,217,English_springer,0.6460420489311218,"[217, 212, 215, 210, 232]","[""English_springer"", ""English_setter"", ""Brittany_spaniel"", ""German_short-haired_pointer"", ""Border_collie""]","[0.6460420489311218, 0.1417383998632431, 0.04079781100153923, 0.02871471829712391, 0.01878170110285282]",True,True
b0055,data/raw/imagenette2-320/val/n02102040/n02102040_4780.JPEG,217,217,English_springer,0.5083870887756348,"[217, 218, 220, 219, 215]","[""English_springer"", ""Welsh_springer_spaniel"", ""Sussex_spaniel"", ""cocker_spaniel"", ""Brittany_spaniel""]","[0.5083870887756348, 0.1456836760044098, 0.09977096319198608, 0.009624017402529716, 0.00930067803710699]",True,True
b0056,data/raw/imagenette2-320/val/n02102040/ILSVRC2012_val_00014280.JPEG,217,217,English_springer,0.8687387108802795,"[217, 218, 212, 215, 220]","[""English_springer"", ""Welsh_springer_spaniel"", ""English_setter"", ""Brittany_spaniel"", ""Sussex_spaniel""]","[0.8687387108802795, 0.020768888294696808, 0.015647275373339653, 0.013709073886275291, 0.005313915200531483]",True,True
b0057,data/raw/imagenette2-320/val/n02102040/n02102040_3091.JPEG,217,217,English_springer,0.7952933311462402,"[217, 215, 220, 232, 219]","[""English_springer"", ""Brittany_spaniel"", ""Sussex_spaniel"", ""Border_collie"", ""cocker_spaniel""]","[0.7952933311462402, 0.0528353676199913, 0.01986270770430565, 0.01256350427865982, 0.004116380587220192]",True,True
b0058,data/raw/imagenette2-320/val/n02102040/n02102040_5120.JPEG,217,217,English_springer,0.796500563621521,"[217, 218, 215, 212, 219]","[""English_springer"", ""Welsh_springer_spaniel"", ""Brittany_spaniel"", ""English_setter"", ""cocker_spaniel""]","[0.796500563621521, 0.02821573056280613, 0.015664195641875267, 0.014699617400765419, 0.005461758002638817]",True,True
b0059,data/raw/imagenette2-320/val/n02102040/n02102040_4352.JPEG,217,217,English_springer,0.7183715105056763,"[217, 218, 220, 215, 152]","[""English_springer"", ""Welsh_springer_spaniel"", ""Sussex_spaniel"", ""Brittany_spaniel"", ""Japanese_spaniel""]","[0.7183715105056763, 0.08489315211772919, 0.06079695746302605, 0.01017632707953453, 0.008401897735893726]",True,True
b0060,data/raw/imagenette2-320/val/n02102040/n02102040_1782.JPEG,217,217,English_springer,0.5951536893844604,"[217, 212, 232, 215, 247]","[""English_springer"", ""English_setter"", ""Border_collie"", ""Brittany_spaniel"", ""Saint_Bernard""]","[0.5951536893844604, 0.06799769401550293, 0.06406127661466599, 0.025717945769429207, 0.025627650320529938]",True,True
b0061,data/raw/imagenette2-320/val/n02102040/n02102040_3891.JPEG,217,217,English_springer,0.8910669088363647,"[217, 215, 219, 220, 212]","[""English_springer"", ""Brittany_spaniel"", ""cocker_spaniel"", ""Sussex_spaniel"", ""English_setter""]","[0.8910669088363647, 0.015238186344504356, 0.004677348304539919, 0.0041186269372701645, 0.003512605791911483]",True,True
b0062,data/raw/imagenette2-320/val/n02102040/n02102040_1642.JPEG,217,217,English_springer,0.8594998717308044,"[217, 218, 210, 220, 215]","[""English_springer"", ""Welsh_springer_spaniel"", ""German_short-haired_pointer"", ""Sussex_spaniel"", ""Brittany_spaniel""]","[0.8594998717308044, 0.04062962532043457, 0.014306491240859032, 0.01297984179109335, 0.01172372791916132]",True,True
b0063,data/raw/imagenette2-320/val/n02102040/n02102040_5061.JPEG,217,217,English_springer,0.3744359612464905,"[217, 215, 218, 210, 212]","[""English_springer"", ""Brittany_spaniel"", ""Welsh_springer_spaniel"", ""German_short-haired_pointer"", ""English_setter""]","[0.3744359612464905, 0.12230000644922256, 0.03628098592162132, 0.03513260930776596, 0.023417016491293907]",True,True
b0064,data/raw/imagenette2-320/val/n02102040/n02102040_3582.JPEG,217,217,English_springer,0.6824916005134583,"[217, 229, 170, 212, 169]","[""English_springer"", ""Old_English_sheepdog"", ""Irish_wolfhound"", ""English_setter"", ""borzoi""]","[0.6824916005134583, 0.04093661159276962, 0.03022238053381443, 0.024332910776138306, 0.021095946431159973]",True,True
b0065,data/raw/imagenette2-320/val/n02102040/n02102040_2111.JPEG,217,586,half_track,0.09915834665298462,"[586, 217, 247, 218, 215]","[""half_track"", ""English_springer"", ""Saint_Bernard"", ""Welsh_springer_spaniel"", ""Brittany_spaniel""]","[0.09915834665298462, 0.09546738117933273, 0.07988973706960678, 0.07354465872049332, 0.0576067715883255]",False,True
b0066,data/raw/imagenette2-320/val/n02102040/n02102040_290.JPEG,217,217,English_springer,0.6957589387893677,"[217, 219, 220, 152, 218]","[""English_springer"", ""cocker_spaniel"", ""Sussex_spaniel"", ""Japanese_spaniel"", ""Welsh_springer_spaniel""]","[0.6957589387893677, 0.06864625215530396, 0.05331336706876755, 0.03052075020968914, 0.020431293174624443]",True,True
b0067,data/raw/imagenette2-320/val/n02102040/n02102040_4872.JPEG,217,217,English_springer,0.3640536665916443,"[217, 232, 218, 264, 256]","[""English_springer"", ""Border_collie"", ""Welsh_springer_spaniel"", ""Cardigan"", ""Newfoundland""]","[0.3640536665916443, 0.14160798490047455, 0.03843603655695915, 0.030507896095514297, 0.030135707929730415]",True,True
b0068,data/raw/imagenette2-320/val/n02102040/n02102040_460.JPEG,217,217,English_springer,0.8254871368408203,"[217, 220, 215, 218, 216]","[""English_springer"", ""Sussex_spaniel"", ""Brittany_spaniel"", ""Welsh_springer_spaniel"", ""clumber""]","[0.8254871368408203, 0.026342717930674553, 0.019886452704668045, 0.015243408270180225, 0.004502800293266773]",True,True
b0069,data/raw/imagenette2-320/val/n02102040/n02102040_1160.JPEG,217,217,English_springer,0.642194926738739,"[217, 216, 215, 212, 218]","[""English_springer"", ""clumber"", ""Brittany_spaniel"", ""English_setter"", ""Welsh_springer_spaniel""]","[0.642194926738739, 0.09185989946126938, 0.05862326920032501, 0.040478650480508804, 0.02051643654704094]",True,True
b0070,data/raw/imagenette2-320/val/n02102040/n02102040_3462.JPEG,217,217,English_springer,0.8945778608322144,"[217, 219, 220, 218, 232]","[""English_springer"", ""cocker_spaniel"", ""Sussex_spaniel"", ""Welsh_springer_spaniel"", ""Border_collie""]","[0.8945778608322144, 0.028397295624017715, 0.006930128205567598, 0.0036773248575627804, 0.0033168329391628504]",True,True
b0071,data/raw/imagenette2-320/val/n02102040/n02102040_430.JPEG,217,217,English_springer,0.4560597538948059,"[217, 218, 220, 216, 219]","[""English_springer"", ""Welsh_springer_spaniel"", ""Sussex_spaniel"", ""clumber"", ""cocker_spaniel""]","[0.4560597538948059, 0.23520058393478394, 0.07717454433441162, 0.008477822877466679, 0.006693314295262098]",True,True
b0072,data/raw/imagenette2-320/val/n02102040/n02102040_700.JPEG,217,217,English_springer,0.5840829014778137,"[217, 218, 215, 156, 219]","[""English_springer"", ""Welsh_springer_spaniel"", ""Brittany_spaniel"", ""Blenheim_spaniel"", ""cocker_spaniel""]","[0.5840829014778137, 0.18407489359378815, 0.050078414380550385, 0.027610469609498978, 0.009167551063001156]",True,True
b0073,data/raw/imagenette2-320/val/n02102040/n02102040_1081.JPEG,217,217,English_springer,0.08918672800064087,"[217, 155, 797, 212, 169]","[""English_springer"", ""Shih-Tzu"", ""sleeping_bag"", ""English_setter"", ""borzoi""]","[0.08918672800064087, 0.06948705017566681, 0.06247897073626518, 0.057424433529376984, 0.054919369518756866]",True,True
b0074,data/raw/imagenette2-320/val/n02102040/n02102040_681.JPEG,217,217,English_springer,0.6086471080780029,"[217, 239, 232, 215, 238]","[""English_springer"", ""Bernese_mountain_dog"", ""Border_collie"", ""Brittany_spaniel"", ""Greater_Swiss_Mountain_dog""]","[0.6086471080780029, 0.2047838717699051, 0.0087184589356184, 0.007597973570227623, 0.005359632894396782]",True,True
b0075,data/raw/imagenette2-320/val/n02102040/n02102040_7421.JPEG,217,916,web_site,0.08552581816911697,"[916, 217, 208, 917, 227]","[""web_site"", ""English_springer"", ""Labrador_retriever"", ""comic_book"", ""kelpie""]","[0.08552581816911697, 0.059843968600034714, 0.05586429312825203, 0.047198586165905, 0.03425733745098114]",False,True
b0076,data/raw/imagenette2-320/val/n02102040/n02102040_571.JPEG,217,217,English_springer,0.6051830053329468,"[217, 220, 216, 212, 218]","[""English_springer"", ""Sussex_spaniel"", ""clumber"", ""English_setter"", ""Welsh_springer_spaniel""]","[0.6051830053329468, 0.035640936344861984, 0.03269434720277786, 0.018126355484128, 0.017831578850746155]",True,True
b0077,data/raw/imagenette2-320/val/n02102040/n02102040_960.JPEG,217,217,English_springer,0.4008088707923889,"[217, 232, 264, 231, 240]","[""English_springer"", ""Border_collie"", ""Cardigan"", ""collie"", ""Appenzeller""]","[0.4008088707923889, 0.13004425168037415, 0.05260176584124565, 0.03484224155545235, 0.03428666293621063]",True,True
b0078,data/raw/imagenette2-320/val/n02102040/n02102040_2481.JPEG,217,217,English_springer,0.6654061675071716,"[217, 220, 219, 218, 216]","[""English_springer"", ""Sussex_spaniel"", ""cocker_spaniel"", ""Welsh_springer_spaniel"", ""clumber""]","[0.6654061675071716, 0.13562393188476562, 0.028437906876206398, 0.018410732969641685, 0.008652516640722752]",True,True
b0079,data/raw/imagenette2-320/val/n02102040/n02102040_7002.JPEG,217,217,English_springer,0.5952191352844238,"[217, 218, 220, 215, 219]","[""English_springer"", ""Welsh_springer_spaniel"", ""Sussex_spaniel"", ""Brittany_spaniel"", ""cocker_spaniel""]","[0.5952191352844238, 0.3021208643913269, 0.016822397708892822, 0.014072741381824017, 0.006467373576015234]",True,True
b0080,data/raw/imagenette2-320/val/n02102040/n02102040_4250.JPEG,217,217,English_springer,0.6145228743553162,"[217, 218, 215, 212, 220]","[""English_springer"", ""Welsh_springer_spaniel"", ""Brittany_spaniel"", ""English_setter"", ""Sussex_spaniel""]","[0.6145228743553162, 0.07574877887964249, 0.040978699922561646, 0.016798317432403564, 0.01646878942847252]",True,True
b0081,data/raw/imagenette2-320/val/n02102040/n02102040_8272.JPEG,217,217,English_springer,0.6340042352676392,"[217, 218, 220, 215, 219]","[""English_springer"", ""Welsh_springer_spaniel"", ""Sussex_spaniel"", ""Brittany_spaniel"", ""cocker_spaniel""]","[0.6340042352676392, 0.12701894342899323, 0.05268854647874832, 0.02696949802339077, 0.009725681506097317]",True,True
b0082,data/raw/imagenette2-320/val/n02102040/n02102040_970.JPEG,217,217,English_springer,0.336734414100647,"[217, 215, 218, 250, 176]","[""English_springer"", ""Brittany_spaniel"", ""Welsh_springer_spaniel"", ""Siberian_husky"", ""Saluki""]","[0.336734414100647, 0.1673140674829483, 0.11881446838378906, 0.03824542462825775, 0.034832872450351715]",True,True
b0083,data/raw/imagenette2-320/val/n02102040/n02102040_1201.JPEG,217,217,English_springer,0.8957993388175964,"[217, 215, 219, 216, 212]","[""English_springer"", ""Brittany_spaniel"", ""cocker_spaniel"", ""clumber"", ""English_setter""]","[0.8957993388175964, 0.013139886781573296, 0.0077746412716805935, 0.006273357197642326, 0.004874632693827152]",True,True
b0084,data/raw/imagenette2-320/val/n02102040/n02102040_3260.JPEG,217,217,English_springer,0.5193269848823547,"[217, 218, 220, 219, 216]","[""English_springer"", ""Welsh_springer_spaniel"", ""Sussex_spaniel"", ""cocker_spaniel"", ""clumber""]","[0.5193269848823547, 0.15950042009353638, 0.08714388310909271, 0.058309175074100494, 0.012918991968035698]",True,True
b0085,data/raw/imagenette2-320/val/n02102040/n02102040_7011.JPEG,217,217,English_springer,0.7087706923484802,"[217, 219, 218, 220, 212]","[""English_springer"", ""cocker_spaniel"", ""Welsh_springer_spaniel"", ""Sussex_spaniel"", ""English_setter""]","[0.7087706923484802, 0.09350323677062988, 0.049857430160045624, 0.04496537148952484, 0.014424297027289867]",True,True
b0086,data/raw/imagenette2-320/val/n02102040/n02102040_4801.JPEG,217,217,English_springer,0.8569095134735107,"[217, 215, 232, 212, 220]","[""English_springer"", ""Brittany_spaniel"", ""Border_collie"", ""English_setter"", ""Sussex_spaniel""]","[0.8569095134735107, 0.018719123676419258, 0.014261525124311447, 0.012312319129705429, 0.00468241423368454]",True,True
b0087,data/raw/imagenette2-320/val/n02102040/n02102040_350.JPEG,217,217,English_springer,0.8636279106140137,"[217, 220, 218, 216, 219]","[""English_springer"", ""Sussex_spaniel"", ""Welsh_springer_spaniel"", ""clumber"", ""cocker_spaniel""]","[0.8636279106140137, 0.033360324800014496, 0.033211544156074524, 0.012648031115531921, 0.0044785114005208015]",True,True
b0088,data/raw/imagenette2-320/val/n02102040/n02102040_702.JPEG,217,217,English_springer,0.46809110045433044,"[217, 219, 215, 220, 152]","[""English_springer"", ""cocker_spaniel"", ""Brittany_spaniel"", ""Sussex_spaniel"", ""Japanese_spaniel""]","[0.46809110045433044, 0.08857789635658264, 0.05637684836983681, 0.04203964024782181, 0.034244462847709656]",True,True
b0089,data/raw/imagenette2-320/val/n02102040/n02102040_1300.JPEG,217,217,English_springer,0.6321029663085938,"[217, 215, 218, 220, 212]","[""English_springer"", ""Brittany_spaniel"", ""Welsh_springer_spaniel"", ""Sussex_spaniel"", ""English_setter""]","[0.6321029663085938, 0.15985456109046936, 0.020622367039322853, 0.016958359628915787, 0.012174433097243309]",True,True
b0090,data/raw/imagenette2-320/val/n02102040/ILSVRC2012_val_00016582.JPEG,217,217,English_springer,0.5619835257530212,"[217, 219, 220, 212, 216]","[""English_springer"", ""cocker_spaniel"", ""Sussex_spaniel"", ""English_setter"", ""clumber""]","[0.5619835257530212, 0.1891925185918808, 0.03553911671042442, 0.034415438771247864, 0.015458173118531704]",True,True
b0091,data/raw/imagenette2-320/val/n02102040/n02102040_911.JPEG,217,217,English_springer,0.4400476813316345,"[217, 232, 256, 231, 205]","[""English_springer"", ""Border_collie"", ""Newfoundland"", ""collie"", ""flat-coated_retriever""]","[0.4400476813316345, 0.29149129986763, 0.032934293150901794, 0.030364878475666046, 0.008536649867892265]",True,True
b0092,data/raw/imagenette2-320/val/n02102040/n02102040_1310.JPEG,217,217,English_springer,0.8040593266487122,"[217, 220, 219, 156, 152]","[""English_springer"", ""Sussex_spaniel"", ""cocker_spaniel"", ""Blenheim_spaniel"", ""Japanese_spaniel""]","[0.8040593266487122, 0.03532163426280022, 0.015458857640624046, 0.01478207390755415, 0.011310379020869732]",True,True
b0093,data/raw/imagenette2-320/val/n02102040/n02102040_2950.JPEG,217,217,English_springer,0.9576461911201477,"[217, 195, 232, 220, 245]","[""English_springer"", ""Boston_bull"", ""Border_collie"", ""Sussex_spaniel"", ""French_bulldog""]","[0.9576461911201477, 0.0073356893844902515, 0.0034310738556087017, 0.001980646513402462, 0.0016810722881928086]",True,True
b0094,data/raw/imagenette2-320/val/n02102040/n02102040_1842.JPEG,217,217,English_springer,0.6189143657684326,"[217, 220, 218, 219, 216]","[""English_springer"", ""Sussex_spaniel"", ""Welsh_springer_spaniel"", ""cocker_spaniel"", ""clumber""]","[0.6189143657684326, 0.0991567000746727, 0.0841476246714592, 0.02113763988018036, 0.012176644057035446]",True,True
b0095,data/raw/imagenette2-320/val/n02102040/n02102040_4320.JPEG,217,217,English_springer,0.7510745525360107,"[217, 215, 220, 218, 212]","[""English_springer"", ""Brittany_spaniel"", ""Sussex_spaniel"", ""Welsh_springer_spaniel"", ""English_setter""]","[0.7510745525360107, 0.023352934047579765, 0.02248876355588436, 0.016844647005200386, 0.010567602701485157]",True,True
b0096,data/raw/imagenette2-320/val/n02102040/n02102040_8012.JPEG,217,217,English_springer,0.3801717460155487,"[217, 212, 210, 215, 188]","[""English_springer"", ""English_setter"", ""German_short-haired_pointer"", ""Brittany_spaniel"", ""wire-haired_fox_terrier""]","[0.3801717460155487, 0.29922521114349365, 0.07012642920017242, 0.0360497422516346, 0.03325247764587402]",True,True
b0097,data/raw/imagenette2-320/val/n02102040/n02102040_5101.JPEG,217,217,English_springer,0.8989785313606262,"[217, 256, 219, 232, 200]","[""English_springer"", ""Newfoundland"", ""cocker_spaniel"", ""Border_collie"", ""Tibetan_terrier""]","[0.8989785313606262, 0.015632493421435356, 0.01288206223398447, 0.010808940976858139, 0.004434654023498297]",True,True
b0098,data/raw/imagenette2-320/val/n02102040/n02102040_5091.JPEG,217,217,English_springer,0.3045315444469452,"[217, 219, 220, 218, 216]","[""English_springer"", ""cocker_spaniel"", ""Sussex_spaniel"", ""Welsh_springer_spaniel"", ""clumber""]","[0.3045315444469452, 0.18355996906757355, 0.12561321258544922, 0.06642008572816849, 0.049471281468868256]",True,True
b0099,data/raw/imagenette2-320/val/n02102040/n02102040_281.JPEG,217,217,English_springer,0.4578547477722168,"[217, 216, 220, 218, 215]","[""English_springer"", ""clumber"", ""Sussex_spaniel"", ""Welsh_springer_spaniel"", ""Brittany_spaniel""]","[0.4578547477722168, 0.06590647250413895, 0.05911748483777046, 0.05670598894357681, 0.03784255310893059]",True,True
b0100,data/raw/imagenette2-320/val/n02979186/n02979186_8861.JPEG,482,592,hard_disc,0.4328424036502838,"[592, 848, 482, 481, 732]","[""hard_disc"", ""tape_player"", ""cassette_player"", ""cassette"", ""Polaroid_camera""]","[0.4328424036502838, 0.2151983678340912, 0.17532216012477875, 0.05742403492331505, 0.017204174771904945]",False,True
b0101,data/raw/imagenette2-320/val/n02979186/n02979186_22882.JPEG,482,848,tape_player,0.4241522252559662,"[848, 482, 485, 891, 662]","[""tape_player"", ""cassette_player"", ""CD_player"", ""waffle_iron"", ""modem""]","[0.4241522252559662, 0.25767335295677185, 0.17140477895736694, 0.0034526768140494823, 0.003077775938436389]",False,True
b0102,data/raw/imagenette2-320/val/n02979186/n02979186_1561.JPEG,482,482,cassette_player,0.7284961342811584,"[482, 848, 485, 754, 481]","[""cassette_player"", ""tape_player"", ""CD_player"", ""radio"", ""cassette""]","[0.7284961342811584, 0.17422936856746674, 0.043331969529390335, 0.0120435431599617, 0.009214307181537151]",True,True
b0103,data/raw/imagenette2-320/val/n02979186/n02979186_16142.JPEG,482,848,tape_player,0.3105800449848175,"[848, 482, 662, 754, 481]","[""tape_player"", ""cassette_player"", ""modem"", ""radio"", ""cassette""]","[0.3105800449848175, 0.23441486060619354, 0.08097585290670395, 0.07597105950117111, 0.07401999831199646]",False,True
b0104,data/raw/imagenette2-320/val/n02979186/n02979186_11000.JPEG,482,527,desktop_computer,0.2119407206773758,"[527, 632, 848, 754, 664]","[""desktop_computer"", ""loudspeaker"", ""tape_player"", ""radio"", ""monitor""]","[0.2119407206773758, 0.14046987891197205, 0.1004679724574089, 0.0935748964548111, 0.06261596083641052]",False,False
b0105,data/raw/imagenette2-320/val/n02979186/n02979186_3321.JPEG,482,482,cassette_player,0.3869302570819855,"[482, 848, 754, 481, 662]","[""cassette_player"", ""tape_player"", ""radio"", ""cassette"", ""modem""]","[0.3869302570819855, 0.38467153906822205, 0.0760800689458847, 0.047408610582351685, 0.017020417377352715]",True,True
b0106,data/raw/imagenette2-320/val/n02979186/n02979186_11481.JPEG,482,848,tape_player,0.49029406905174255,"[848, 482, 481, 893, 732]","[""tape_player"", ""cassette_player"", ""cassette"", ""wallet"", ""Polaroid_camera""]","[0.49029406905174255, 0.19241489470005035, 0.056085046380758286, 0.038051363080739975, 0.015443441458046436]",False,True
b0107,data/raw/imagenette2-320/val/n02979186/ILSVRC2012_val_00042482.JPEG,482,848,tape_player,0.6433126926422119,"[848, 482, 485, 632, 754]","[""tape_player"", ""cassette_player"", ""CD_player"", ""loudspeaker"", ""radio""]","[0.6433126926422119, 0.15538516640663147, 0.10900594294071198, 0.03368445113301277, 0.01590825244784355]",False,True
b0108,data/raw/imagenette2-320/val/n02979186/n02979186_15800.JPEG,482,848,tape_player,0.5506198406219482,"[848, 482, 485, 754, 548]","[""tape_player"", ""cassette_player"", ""CD_player"", ""radio"", ""entertainment_center""]","[0.5506198406219482, 0.24629329144954681, 0.0821109190583229, 0.04052331671118736, 0.009192531928420067]",False,True
b0109,data/raw/imagenette2-320/val/n02979186/n02979186_351.JPEG,482,656,minivan,0.4228454828262329,"[656, 436, 479, 627, 482]","[""minivan"", ""beach_wagon"", ""car_wheel"", ""limousine"", ""cassette_player""]","[0.4228454828262329, 0.14186523854732513, 0.06273949146270752, 0.04538220167160034, 0.024124380201101303]",False,True
b0110,data/raw/imagenette2-320/val/n02979186/n02979186_22101.JPEG,482,482,cassette_player,0.5655751824378967,"[482, 632, 848, 754, 811]","[""cassette_player"", ""loudspeaker"", ""tape_player"", ""radio"", ""space_heater""]","[0.5655751824378967, 0.11758210510015488, 0.11725860089063644, 0.09401572495698929, 0.05139070004224777]",True,True
b0111,data/raw/imagenette2-320/val/n02979186/n02979186_3902.JPEG,482,548,entertainment_center,0.5840854048728943,"[548, 598, 851, 848, 482]","[""entertainment_center"", ""home_theater"", ""television"", ""tape_player"", ""cassette_player""]","[0.5840854048728943, 0.13962958753108978, 0.031461600214242935, 0.021033350378274918, 0.011381934396922588]",False,True
b0112,data/raw/imagenette2-320/val/n02979186/n02979186_14251.JPEG,482,481,cassette,0.9655778408050537,"[481, 848, 482, 592, 710]","[""cassette"", ""tape_player"", ""cassette_player"", ""hard_disc"", ""pencil_sharpener""]","[0.9655778408050537, 0.013953196816146374, 0.01161965448409319, 0.0006458189454860985, 0.0004999050288461149]",False,True
b0113,data/raw/imagenette2-320/val/n02979186/n02979186_23650.JPEG,482,482,cassette_player,0.5040245652198792,"[482, 848, 485, 754, 481]","[""cassette_player"", ""tape_player"", ""CD_player"", ""radio"", ""cassette""]","[0.5040245652198792, 0.2003844678401947, 0.1635109931230545, 0.025290044024586678, 0.007648918312042952]",True,True
b0114,data/raw/imagenette2-320/val/n02979186/n02979186_10670.JPEG,482,482,cassette_player,0.7118484973907471,"[482, 848, 754, 485, 481]","[""cassette_player"", ""tape_player"", ""radio"", ""CD_player"", ""cassette""]","[0.7118484973907471, 0.15529580414295197, 0.04208596795797348, 0.028812630102038383, 0.007995677180588245]",True,True
b0115,data/raw/imagenette2-320/val/n02979186/n02979186_5280.JPEG,482,548,entertainment_center,0.4835135340690613,"[548, 851, 598, 632, 527]","[""entertainment_center"", ""television"", ""home_theater"", ""loudspeaker"", ""desktop_computer""]","[0.4835135340690613, 0.21581417322158813, 0.056348711252212524, 0.019658688455820084, 0.015511435456573963]",False,False
b0116,data/raw/imagenette2-320/val/n02979186/n02979186_271.JPEG,482,848,tape_player,0.30300790071487427,"[848, 453, 548, 482, 598]","[""tape_player"", ""bookcase"", ""entertainment_center"", ""cassette_player"", ""home_theater""]","[0.30300790071487427, 0.22481028735637665, 0.17681778967380524, 0.11220116913318634, 0.02407119609415531]",False,True
b0117,data/raw/imagenette2-320/val/n02979186/n02979186_15432.JPEG,482,487,cellular_telephone,0.19697809219360352,"[487, 482, 485, 848, 761]","[""cellular_telephone"", ""cassette_player"", ""CD_player"", ""tape_player"", ""remote_control""]","[0.19697809219360352, 0.17883044481277466, 0.10328623652458191, 0.08575711399316788, 0.07078458368778229]",False,True
b0118,data/raw/imagenette2-320/val/n02979186/n02979186_13661.JPEG,482,848,tape_player,0.4674800634384155,"[848, 482, 485, 754, 481]","[""tape_player"", ""cassette_player"", ""CD_player"", ""radio"", ""cassette""]","[0.4674800634384155, 0.2474799007177353, 0.12127712368965149, 0.03702487796545029, 0.033914756029844284]",False,True
b0119,data/raw/imagenette2-320/val/n02979186/n02979186_10691.JPEG,482,485,CD_player,0.41089358925819397,"[485, 482, 848, 778, 754]","[""CD_player"", ""cassette_player"", ""tape_player"", ""scale"", ""radio""]","[0.41089358925819397, 0.29372888803482056, 0.0692511573433876, 0.02631000615656376, 0.010417455807328224]",False,True
b0120,data/raw/imagenette2-320/val/n02979186/n02979186_560.JPEG,482,848,tape_player,0.37492889165878296,"[848, 482, 754, 481, 485]","[""tape_player"", ""cassette_player"", ""radio"", ""cassette"", ""CD_player""]","[0.37492889165878296, 0.1997928023338318, 0.10003601759672165, 0.09357837587594986, 0.020899582654237747]",False,True
b0121,data/raw/imagenette2-320/val/n02979186/n02979186_15401.JPEG,482,848,tape_player,0.33084535598754883,"[848, 485, 482, 632, 754]","[""tape_player"", ""CD_player"", ""cassette_player"", ""loudspeaker"", ""radio""]","[0.33084535598754883, 0.23299887776374817, 0.2015916109085083, 0.05031290650367737, 0.030642548575997353]",False,True
b0122,data/raw/imagenette2-320/val/n02979186/n02979186_6851.JPEG,482,848,tape_player,0.3891940712928772,"[848, 482, 487, 662, 732]","[""tape_player"", ""cassette_player"", ""cellular_telephone"", ""modem"", ""Polaroid_camera""]","[0.3891940712928772, 0.2186127007007599, 0.07512679696083069, 0.052187684923410416, 0.03792707249522209]",False,True
b0123,data/raw/imagenette2-320/val/n02979186/n02979186_5031.JPEG,482,482,cassette_player,0.4886910021305084,"[482, 848, 485, 754, 481]","[""cassette_player"", ""tape_player"", ""CD_player"", ""radio"", ""cassette""]","[0.4886910021305084, 0.2844540476799011, 0.15419918298721313, 0.014922602102160454, 0.010990274138748646]",True,True
b0124,data/raw/imagenette2-320/val/n02979186/n02979186_26802.JPEG,482,482,cassette_player,0.7018854022026062,"[482, 848, 742, 713, 606]","[""cassette_player"", ""tape_player"", ""printer"", ""photocopier"", ""iron""]","[0.7018854022026062, 0.059803493320941925, 0.0518692322075367, 0.04152248054742813, 0.02915944717824459]",True,True
b0125,data/raw/imagenette2-320/val/n02979186/n02979186_9450.JPEG,482,593,harmonica,0.32530346512794495,"[593, 482, 848, 481, 487]","[""harmonica"", ""cassette_player"", ""tape_player"", ""cassette"", ""cellular_telephone""]","[0.32530346512794495, 0.10361891239881516, 0.09588635712862015, 0.09463927894830704, 0.029297560453414917]",False,True
b0126,data/raw/imagenette2-320/val/n02979186/n02979186_6271.JPEG,482,482,cassette_player,0.8260443210601807,"[482, 848, 754, 485, 606]","[""cassette_player"", ""tape_player"", ""radio"", ""CD_player"", ""iron""]","[0.8260443210601807, 0.06741613894701004, 0.05107288062572479, 0.017183205112814903, 0.001640591653995216]",True,True
b0127,data/raw/imagenette2-320/val/n02979186/n02979186_11861.JPEG,482,482,cassette_player,0.9103633761405945,"[482, 848, 485, 481, 754]","[""cassette_player"", ""tape_player"", ""CD_player"", ""cassette"", ""radio""]","[0.9103633761405945, 0.039859358221292496, 0.008823089301586151, 0.007740770932286978, 0.003630945924669504]",True,True
b0128,data/raw/imagenette2-320/val/n02979186/n02979186_2810.JPEG,482,482,cassette_player,0.5177410244941711,"[482, 848, 485, 754, 481]","[""cassette_player"", ""tape_player"", ""CD_player"", ""radio"", ""cassette""]","[0.5177410244941711, 0.365550696849823, 0.07718200236558914, 0.006377533543854952, 0.004104763735085726]",True,True
b0129,data/raw/imagenette2-320/val/n02979186/n02979186_15350.JPEG,482,848,tape_player,0.4651738405227661,"[848, 482, 481, 485, 754]","[""tape_player"", ""cassette_player"", ""cassette"", ""CD_player"", ""radio""]","[0.4651738405227661, 0.21161068975925446, 0.11324797570705414, 0.020767437294125557, 0.011264928616583347]",False,True
b0130,data/raw/imagenette2-320/val/n02979186/n02979186_3010.JPEG,482,848,tape_player,0.2811015546321869,"[848, 482, 485, 754, 481]","[""tape_player"", ""cassette_player"", ""CD_player"", ""radio"", ""cassette""]","[0.2811015546321869, 0.26337218284606934, 0.17008055746555328, 0.0867546871304512, 0.019585583359003067]",False,True
b0131,data/raw/imagenette2-320/val/n02979186/n02979186_20220.JPEG,482,482,cassette_player,0.3282625675201416,"[482, 485, 848, 754, 481]","[""cassette_player"", ""CD_player"", ""tape_player"", ""radio"", ""cassette""]","[0.3282625675201416, 0.30336374044418335, 0.19754153490066528, 0.05110229179263115, 0.015623386017978191]",True,True
b0132,data/raw/imagenette2-320/val/n02979186/n02979186_11971.JPEG,482,848,tape_player,0.44916296005249023,"[848, 482, 485, 754, 481]","[""tape_player"", ""cassette_player"", ""CD_player"", ""radio"", ""cassette""]","[0.44916296005249023, 0.41732650995254517, 0.02619158662855625, 0.021369673311710358, 0.01014748215675354]",False,True
b0133,data/raw/imagenette2-320/val/n02979186/n02979186_9371.JPEG,482,754,radio,0.2907775938510895,"[754, 482, 485, 848, 481]","[""radio"", ""cassette_player"", ""CD_player"", ""tape_player"", ""cassette""]","[0.2907775938510895, 0.215010404586792, 0.14843134582042694, 0.11437895148992538, 0.021278733387589455]",False,True
b0134,data/raw/imagenette2-320/val/n02979186/n02979186_20701.JPEG,482,482,cassette_player,0.22398382425308228,"[482, 662, 485, 487, 754]","[""cassette_player"", ""modem"", ""CD_player"", ""cellular_telephone"", ""radio""]","[0.22398382425308228, 0.2004503458738327, 0.09596233069896698, 0.06969862431287766, 0.068585604429245]",True,True
b0135,data/raw/imagenette2-320/val/n02979186/n02979186_19390.JPEG,482,482,cassette_player,0.28187787532806396,"[482, 485, 848, 754, 632]","[""cassette_player"", ""CD_player"", ""tape_player"", ""radio"", ""loudspeaker""]","[0.28187787532806396, 0.1488732546567917, 0.12782679498195648, 0.10067231953144073, 0.06290784478187561]",True,True
b0136,data/raw/imagenette2-320/val/n02979186/n02979186_15521.JPEG,482,848,tape_player,0.527797520160675,"[848, 482, 485, 481, 754]","[""tape_player"", ""cassette_player"", ""CD_player"", ""cassette"", ""radio""]","[0.527797520160675, 0.3666466772556305, 0.03576540946960449, 0.021012911573052406, 0.0065135951153934]",False,True
b0137,data/raw/imagenette2-320/val/n02979186/n02979186_2742.JPEG,482,848,tape_player,0.39436495304107666,"[848, 482, 485, 754, 685]","[""tape_player"", ""cassette_player"", ""CD_player"", ""radio"", ""odometer""]","[0.39436495304107666, 0.3331410884857178, 0.08888176828622818, 0.020988833159208298, 0.019291171804070473]",False,True
b0138,data/raw/imagenette2-320/val/n02979186/n02979186_4971.JPEG,482,482,cassette_player,0.3369693160057068,"[482, 848, 485, 713, 481]","[""cassette_player"", ""tape_player"", ""CD_player"", ""photocopier"", ""cassette""]","[0.3369693160057068, 0.2944546937942505, 0.11100920289754868, 0.06546979397535324, 0.01620156690478325]",True,True
b0139,data/raw/imagenette2-320/val/n02979186/n02979186_21401.JPEG,482,482,cassette_player,0.4002923369407654,"[482, 848, 485, 754, 481]","[""cassette_player"", ""tape_player"", ""CD_player"", ""radio"", ""cassette""]","[0.4002923369407654, 0.2897879183292389, 0.16677121818065643, 0.05319402739405632, 0.013349072076380253]",True,True
b0140,data/raw/imagenette2-320/val/n02979186/ILSVRC2012_val_00043731.JPEG,482,742,printer,0.2585373818874359,"[742, 848, 482, 713, 485]","[""printer"", ""tape_player"", ""cassette_player"", ""photocopier"", ""CD_player""]","[0.2585373818874359, 0.190873920917511, 0.07544606924057007, 0.028319744393229485, 0.025877490639686584]",False,True
b0141,data/raw/imagenette2-320/val/n02979186/n02979186_2051.JPEG,482,481,cassette,0.7021713852882385,"[481, 848, 482, 592, 742]","[""cassette"", ""tape_player"", ""cassette_player"", ""hard_disc"", ""printer""]","[0.7021713852882385, 0.1530357152223587, 0.08310399949550629, 0.03343689814209938, 0.0033618558663874865]",False,True
b0142,data/raw/imagenette2-320/val/n02979186/n02979186_21392.JPEG,482,482,cassette_player,0.9670313000679016,"[482, 848, 485, 481, 754]","[""cassette_player"", ""tape_player"", ""CD_player"", ""cassette"", ""radio""]","[0.9670313000679016, 0.01842084899544716, 0.005199785344302654, 0.002186330733820796, 0.0006254445179365575]",True,True
b0143,data/raw/imagenette2-320/val/n02979186/n02979186_3620.JPEG,482,482,cassette_player,0.43646764755249023,"[482, 848, 485, 754, 632]","[""cassette_player"", ""tape_player"", ""CD_player"", ""radio"", ""loudspeaker""]","[0.43646764755249023, 0.12974844872951508, 0.11653819680213928, 0.08603336662054062, 0.05501408502459526]",True,True
b0144,data/raw/imagenette2-320/val/n02979186/n02979186_2981.JPEG,482,482,cassette_player,0.8307187557220459,"[482, 485, 848, 481, 635]","[""cassette_player"", ""CD_player"", ""tape_player"", ""cassette"", ""magnetic_compass""]","[0.8307187557220459, 0.03213142603635788, 0.030930357053875923, 0.007924078963696957, 0.005111049395054579]",True,True
b0145,data/raw/imagenette2-320/val/n02979186/n02979186_931.JPEG,482,662,modem,0.4539153575897217,"[662, 482, 590, 921, 754]","[""modem"", ""cassette_player"", ""hand-held_computer"", ""book_jacket"", ""radio""]","[0.4539153575897217, 0.22760501503944397, 0.028255535289645195, 0.01685267686843872, 0.012569098733365536]",False,True
b0146,data/raw/imagenette2-320/val/n02979186/n02979186_9232.JPEG,482,848,tape_player,0.4881609082221985,"[848, 482, 481, 754, 485]","[""tape_player"", ""cassette_player"", ""cassette"", ""radio"", ""CD_player""]","[0.4881609082221985, 0.4148918390274048, 0.05893465131521225, 0.00564464321359992, 0.0022894057910889387]",False,True
b0147,data/raw/imagenette2-320/val/n02979186/n02979186_19190.JPEG,482,482,cassette_player,0.866507351398468,"[482, 811, 848, 754, 485]","[""cassette_player"", ""space_heater"", ""tape_player"", ""radio"", ""CD_player""]","[0.866507351398468, 0.03401900455355644, 0.029491620138287544, 0.008672981522977352, 0.00639506708830595]",True,True
b0148,data/raw/imagenette2-320/val/n02979186/n02979186_13950.JPEG,482,482,cassette_player,0.36573100090026855,"[482, 848, 481, 754, 485]","[""cassette_player"", ""tape_player"", ""cassette"", ""radio"", ""CD_player""]","[0.36573100090026855, 0.3445509374141693, 0.08054926246404648, 0.05250253155827522, 0.05105750635266304]",True,True
b0149,data/raw/imagenette2-320/val/n02979186/n02979186_1542.JPEG,482,848,tape_player,0.3580092489719391,"[848, 482, 481, 754, 485]","[""tape_player"", ""cassette_player"", ""cassette"", ""radio"", ""CD_player""]","[0.3580092489719391, 0.18285350501537323, 0.12042118608951569, 0.08868582546710968, 0.08496987819671631]",False,True
b0150,data/raw/imagenette2-320/val/n03000684/n03000684_17431.JPEG,491,491,chain_saw,0.9490697979927063,"[491, 413, 464, 795, 777]","[""chain_saw"", ""assault_rifle"", ""buckle"", ""ski"", ""scabbard""]","[0.9490697979927063, 0.0017310897819697857, 0.0015061505837365985, 0.0010833967244252563, 0.0008091320050880313]",True,True
b0151,data/raw/imagenette2-320/val/n03000684/n03000684_9260.JPEG,491,491,chain_saw,0.981582760810852,"[491, 830, 740, 371, 972]","[""chain_saw"", ""stretcher"", ""power_drill"", ""patas"", ""cliff""]","[0.981582760810852, 0.000858025043271482, 0.0008574663661420345, 0.00048434193013235927, 0.00046569734695367515]",True,True
b0152,data/raw/imagenette2-320/val/n03000684/n03000684_10820.JPEG,491,491,chain_saw,0.999409556388855,"[491, 740, 621, 803, 394]","[""chain_saw"", ""power_drill"", ""lawn_mower"", ""snowplow"", ""sturgeon""]","[0.999409556388855, 3.0268602131400257e-05, 2.5457962692598812e-05, 1.7311933333985507e-05, 1.653082472330425e-05]",True,True
b0153,data/raw/imagenette2-320/val/n03000684/n03000684_1100.JPEG,491,491,chain_saw,0.7379277944564819,"[491, 880, 621, 543, 570]","[""chain_saw"", ""unicycle"", ""lawn_mower"", ""dumbbell"", ""gasmask""]","[0.7379277944564819, 0.018629547208547592, 0.012479190714657307, 0.005983819719403982, 0.005326178856194019]",True,True
b0154,data/raw/imagenette2-320/val/n03000684/n03000684_7822.JPEG,491,491,chain_saw,0.9639379978179932,"[491, 621, 740, 730, 803]","[""chain_saw"", ""lawn_mower"", ""power_drill"", ""plow"", ""snowplow""]","[0.9639379978179932, 0.0021055082324892282, 0.0014778992626816034, 0.0005386318662203848, 0.00051162822637707]",True,True
b0155,data/raw/imagenette2-320/val/n03000684/n03000684_3470.JPEG,491,491,chain_saw,0.4468808174133301,"[491, 634, 730, 866, 577]","[""chain_saw"", ""lumbermill"", ""plow"", ""tractor"", ""gong""]","[0.4468808174133301, 0.4467840790748596, 0.018732991069555283, 0.01551598496735096, 0.012243418954312801]",True,True
b0156,data/raw/imagenette2-320/val/n03000684/n03000684_13352.JPEG,491,491,chain_saw,0.9126096963882446,"[491, 758, 882, 740, 621]","[""chain_saw"", ""reel"", ""vacuum"", ""power_drill"", ""lawn_mower""]","[0.9126096963882446, 0.0018133812118321657, 0.0014147680485621095, 0.0009355010115541518, 0.0009225489920936525]",True,True
b0157,data/raw/imagenette2-320/val/n03000684/n03000684_2961.JPEG,491,491,chain_saw,0.9847850799560547,"[491, 621, 830, 758, 740]","[""chain_saw"", ""lawn_mower"", ""stretcher"", ""reel"", ""power_drill""]","[0.9847850799560547, 0.0031249206513166428, 0.0020834074821323156, 0.0010596178472042084, 0.0009226066758856177]",True,True
b0158,data/raw/imagenette2-320/val/n03000684/n03000684_5970.JPEG,491,491,chain_saw,0.9523875713348389,"[491, 464, 803, 674, 593]","[""chain_saw"", ""buckle"", ""snowplow"", ""mousetrap"", ""harmonica""]","[0.9523875713348389, 0.000786128977779299, 0.0007674131193198264, 0.0007025040686130524, 0.0004736289265565574]",True,True
b0159,data/raw/imagenette2-320/val/n03000684/n03000684_30692.JPEG,491,491,chain_saw,0.9373237490653992,"[491, 803, 595, 621, 866]","[""chain_saw"", ""snowplow"", ""harvester"", ""lawn_mower"", ""tractor""]","[0.9373237490653992, 0.008529596030712128, 0.003493793774396181, 0.00278848921880126, 0.002192489570006728]",True,True
b0160,data/raw/imagenette2-320/val/n03000684/n03000684_9182.JPEG,491,491,chain_saw,0.9639850854873657,"[491, 634, 595, 726, 861]","[""chain_saw"", ""lumbermill"", ""harvester"", ""plane"", ""toilet_seat""]","[0.9639850854873657, 0.0036092910449951887, 0.0013754043029621243, 0.000878616061527282, 0.0008235832210630178]",True,True
b0161,data/raw/imagenette2-320/val/n03000684/n03000684_33461.JPEG,491,860,tobacco_shop,0.09558282047510147,"[860, 491, 702, 634, 612]","[""tobacco_shop"", ""chain_saw"", ""parallel_bars"", ""lumbermill"", ""jinrikisha""]","[0.09558282047510147, 0.08028694987297058, 0.062034912407398224, 0.060909900814294815, 0.026437046006321907]",False,True
b0162,data/raw/imagenette2-320/val/n03000684/n03000684_33281.JPEG,491,491,chain_saw,0.42295947670936584,"[491, 634, 730, 792, 428]","[""chain_saw"", ""lumbermill"", ""plow"", ""shovel"", ""barrow""]","[0.42295947670936584, 0.3675675094127655, 0.027300139889121056, 0.02262500301003456, 0.017089270055294037]",True,True
b0163,data/raw/imagenette2-320/val/n03000684/n03000684_4012.JPEG,491,491,chain_saw,0.7772622108459473,"[491, 634, 764, 413, 410]","[""chain_saw"", ""lumbermill"", ""rifle"", ""assault_rifle"", ""apiary""]","[0.7772622108459473, 0.022061768919229507, 0.017883244901895523, 0.008857112377882004, 0.005965232849121094]",True,True
b0164,data/raw/imagenette2-320/val/n03000684/n03000684_36420.JPEG,491,491,chain_saw,0.985400378704071,"[491, 596, 634, 803, 730]","[""chain_saw"", ""hatchet"", ""lumbermill"", ""snowplow"", ""plow""]","[0.985400378704071, 0.001409752992913127, 0.0008143893210217357, 0.0006563504575751722, 0.0006079638260416687]",True,True
b0165,data/raw/imagenette2-320/val/n03000684/n03000684_14132.JPEG,491,491,chain_saw,0.22881855070590973,"[491, 870, 678, 751, 573]","[""chain_saw"", ""tricycle"", ""neck_brace"", ""racer"", ""go-kart""]","[0.22881855070590973, 0.1028817743062973, 0.09179582446813583, 0.0815739557147026, 0.055555202066898346]",True,True
b0166,data/raw/imagenette2-320/val/n03000684/n03000684_7312.JPEG,491,491,chain_saw,0.9378169178962708,"[491, 803, 621, 802, 482]","[""chain_saw"", ""snowplow"", ""lawn_mower"", ""snowmobile"", ""cassette_player""]","[0.9378169178962708, 0.0015636520693078637, 0.0004906365647912025, 0.00043301848927512765, 0.0003686103445943445]",True,True
b0167,data/raw/imagenette2-320/val/n03000684/n03000684_27361.JPEG,491,491,chain_saw,0.9431428909301758,"[491, 730, 595, 803, 866]","[""chain_saw"", ""plow"", ""harvester"", ""snowplow"", ""tractor""]","[0.9431428909301758, 0.0026244446635246277, 0.0021458175033330917, 0.0016570937586948276, 0.0012920225271955132]",True,True
b0168,data/raw/imagenette2-320/val/n03000684/n03000684_17330.JPEG,491,491,chain_saw,0.8955389261245728,"[491, 595, 621, 730, 751]","[""chain_saw"", ""harvester"", ""lawn_mower"", ""plow"", ""racer""]","[0.8955389261245728, 0.004472728818655014, 0.0033545673359185457, 0.0031982562504708767, 0.002635322278365493]",True,True
b0169,data/raw/imagenette2-320/val/n03000684/n03000684_23960.JPEG,491,491,chain_saw,0.7790343761444092,"[491, 473, 675, 763, 623]","[""chain_saw"", ""can_opener"", ""moving_van"", ""revolver"", ""letter_opener""]","[0.7790343761444092, 0.020843448117375374, 0.011128279380500317, 0.011000119149684906, 0.007271765731275082]",True,True
b0170,data/raw/imagenette2-320/val/n03000684/n03000684_4472.JPEG,491,864,tow_truck,0.10270582884550095,"[864, 517, 561, 595, 856]","[""tow_truck"", ""crane"", ""forklift"", ""harvester"", ""thresher""]","[0.10270582884550095, 0.07394400238990784, 0.07089057564735413, 0.06197735667228699, 0.05369046702980995]",False,False
b0171,data/raw/imagenette2-320/val/n03000684/n03000684_33902.JPEG,491,491,chain_saw,0.16347384452819824,"[491, 862, 613, 747, 827]","[""chain_saw"", ""torch"", ""joystick"", ""punching_bag"", ""stove""]","[0.16347384452819824, 0.05308990553021431, 0.05141912028193474, 0.04598201811313629, 0.0325162373483181]",True,True
b0172,data/raw/imagenette2-320/val/n03000684/n03000684_14600.JPEG,491,730,plow,0.2885059416294098,"[730, 491, 413, 764, 621]","[""plow"", ""chain_saw"", ""assault_rifle"", ""rifle"", ""lawn_mower""]","[0.2885059416294098, 0.22357715666294098, 0.09945152699947357, 0.04949433356523514, 0.043644122779369354]",False,True
b0173,data/raw/imagenette2-320/val/n03000684/n03000684_931.JPEG,491,491,chain_saw,0.9794940948486328,"[491, 621, 507, 740, 856]","[""chain_saw"", ""lawn_mower"", ""combination_lock"", ""power_drill"", ""thresher""]","[0.9794940948486328, 0.0003824760497082025, 0.0003578790056053549, 0.0003351514751557261, 0.000334600277710706]",True,True
b0174,data/raw/imagenette2-320/val/n03000684/n03000684_8831.JPEG,491,491,chain_saw,0.641916036605835,"[491, 843, 456, 862, 740]","[""chain_saw"", ""swing"", ""bow"", ""torch"", ""power_drill""]","[0.641916036605835, 0.09493805468082428, 0.02986067906022072, 0.022777309641242027, 0.020287558436393738]",True,True
b0175,data/raw/imagenette2-320/val/n03000684/n03000684_3361.JPEG,491,491,chain_saw,0.9656427502632141,"[491, 634, 856, 595, 803]","[""chain_saw"", ""lumbermill"", ""thresher"", ""harvester"", ""snowplow""]","[0.9656427502632141, 0.020028378814458847, 0.0019387701759114861, 0.001888104947283864, 0.000724289333447814]",True,True
b0176,data/raw/imagenette2-320/val/n03000684/ILSVRC2012_val_00036092.JPEG,491,491,chain_saw,0.23005899786949158,"[491, 830, 730, 646, 634]","[""chain_saw"", ""stretcher"", ""plow"", ""maze"", ""lumbermill""]","[0.23005899786949158, 0.12369483709335327, 0.07547114789485931, 0.061677251011133194, 0.055079784244298935]",True,True
b0177,data/raw/imagenette2-320/val/n03000684/ILSVRC2012_val_00011170.JPEG,491,491,chain_saw,0.9087743759155273,"[491, 634, 671, 830, 802]","[""chain_saw"", ""lumbermill"", ""mountain_bike"", ""stretcher"", ""snowmobile""]","[0.9087743759155273, 0.05442437529563904, 0.007066713180392981, 0.0014125806046649814, 0.0013751053484156728]",True,True
b0178,data/raw/imagenette2-320/val/n03000684/n03000684_6471.JPEG,491,491,chain_saw,0.8710473775863647,"[491, 726, 621, 882, 456]","[""chain_saw"", ""plane"", ""lawn_mower"", ""vacuum"", ""bow""]","[0.8710473775863647, 0.028680158779025078, 0.009513151831924915, 0.006453349720686674, 0.004496661014854908]",True,True
b0179,data/raw/imagenette2-320/val/n03000684/n03000684_34011.JPEG,491,491,chain_saw,0.4897460341453552,"[491, 634, 410, 830, 428]","[""chain_saw"", ""lumbermill"", ""apiary"", ""stretcher"", ""barrow""]","[0.4897460341453552, 0.18136250972747803, 0.16417434811592102, 0.013868853449821472, 0.007702890783548355]",True,True
b0180,data/raw/imagenette2-320/val/n03000684/n03000684_9752.JPEG,491,730,plow,0.13633091747760773,"[730, 428, 646, 491, 792]","[""plow"", ""barrow"", ""maze"", ""chain_saw"", ""shovel""]","[0.13633091747760773, 0.08286187797784805, 0.0668007880449295, 0.05645744502544403, 0.05040721967816353]",False,True
b0181,data/raw/imagenette2-320/val/n03000684/ILSVRC2012_val_00011951.JPEG,491,491,chain_saw,0.5222193598747253,"[491, 740, 477, 621, 856]","[""chain_saw"", ""power_drill"", ""carpenter's_kit"", ""lawn_mower"", ""thresher""]","[0.5222193598747253, 0.2188965082168579, 0.078179270029068, 0.011187044903635979, 0.007855571806430817]",True,True
b0182,data/raw/imagenette2-320/val/n03000684/n03000684_13071.JPEG,491,456,bow,0.09711071848869324,"[456, 602, 413, 894, 583]","[""bow"", ""horizontal_bar"", ""assault_rifle"", ""wardrobe"", ""guillotine""]","[0.09711071848869324, 0.05148778483271599, 0.051269277930259705, 0.048751767724752426, 0.03750060498714447]",False,False
b0183,data/raw/imagenette2-320/val/n03000684/n03000684_15441.JPEG,491,764,rifle,0.21193736791610718,"[764, 413, 456, 715, 583]","[""rifle"", ""assault_rifle"", ""bow"", ""pickelhaube"", ""guillotine""]","[0.21193736791610718, 0.17132212221622467, 0.10615348070859909, 0.06058788299560547, 0.024365220218896866]",False,False
b0184,data/raw/imagenette2-320/val/n03000684/n03000684_6160.JPEG,491,491,chain_saw,0.938910961151123,"[491, 674, 464, 840, 477]","[""chain_saw"", ""mousetrap"", ""buckle"", ""swab"", ""carpenter's_kit""]","[0.938910961151123, 0.015261123888194561, 0.0018962332978844643, 0.0017343476647511125, 0.0014017977518960834]",True,True
b0185,data/raw/imagenette2-320/val/n03000684/n03000684_27220.JPEG,491,491,chain_saw,0.8599370718002319,"[491, 395, 912, 389, 758]","[""chain_saw"", ""gar"", ""worm_fence"", ""barracouta"", ""reel""]","[0.8599370718002319, 0.0493946298956871, 0.003643627045676112, 0.0028939158655703068, 0.0024386756122112274]",True,True
b0186,data/raw/imagenette2-320/val/n03000684/n03000684_30092.JPEG,491,491,chain_saw,0.9983865022659302,"[491, 634, 856, 710, 621]","[""chain_saw"", ""lumbermill"", ""thresher"", ""pencil_sharpener"", ""lawn_mower""]","[0.9983865022659302, 0.00025684063439257443, 0.0001191501651192084, 8.790283754933625e-05, 8.05361196398735e-05]",True,True
b0187,data/raw/imagenette2-320/val/n03000684/n03000684_24332.JPEG,491,491,chain_saw,0.6345767378807068,"[491, 803, 769, 683, 742]","[""chain_saw"", ""snowplow"", ""rule"", ""oboe"", ""printer""]","[0.6345767378807068, 0.021234657615423203, 0.004816723987460136, 0.0031424432527273893, 0.002499569905921817]",True,True
b0188,data/raw/imagenette2-320/val/n03000684/n03000684_27981.JPEG,491,491,chain_saw,0.9151087403297424,"[491, 621, 843, 758, 465]","[""chain_saw"", ""lawn_mower"", ""swing"", ""reel"", ""bulletproof_vest""]","[0.9151087403297424, 0.006619956344366074, 0.0028845099732279778, 0.002208166755735874, 0.0016602003015577793]",True,True
b0189,data/raw/imagenette2-320/val/n03000684/n03000684_272.JPEG,491,491,chain_saw,0.9970235228538513,"[491, 740, 621, 413, 587]","[""chain_saw"", ""power_drill"", ""lawn_mower"", ""assault_rifle"", ""hammer""]","[0.9970235228538513, 0.0005912373308092356, 0.00023205864999908954, 8.295797306345776e-05, 7.636922964593396e-05]",True,True
b0190,data/raw/imagenette2-320/val/n03000684/n03000684_1821.JPEG,491,491,chain_saw,0.7907165288925171,"[491, 621, 561, 740, 882]","[""chain_saw"", ""lawn_mower"", ""forklift"", ""power_drill"", ""vacuum""]","[0.7907165288925171, 0.026196559891104698, 0.025364316999912262, 0.021989937871694565, 0.01679057627916336]",True,True
b0191,data/raw/imagenette2-320/val/n03000684/n03000684_7161.JPEG,491,491,chain_saw,0.701184868812561,"[491, 480, 410, 830, 757]","[""chain_saw"", ""cash_machine"", ""apiary"", ""stretcher"", ""recreational_vehicle""]","[0.701184868812561, 0.01555640622973442, 0.01249664556235075, 0.010333066806197166, 0.006418667268007994]",True,True
b0192,data/raw/imagenette2-320/val/n03000684/n03000684_6710.JPEG,491,491,chain_saw,0.9413096308708191,"[491, 464, 740, 844, 492]","[""chain_saw"", ""buckle"", ""power_drill"", ""switch"", ""chest""]","[0.9413096308708191, 0.008011586964130402, 0.0045440467074513435, 0.0021928816568106413, 0.0018240166828036308]",True,True
b0193,data/raw/imagenette2-320/val/n03000684/n03000684_29900.JPEG,491,726,plane,0.3343229591846466,"[726, 634, 491, 730, 856]","[""plane"", ""lumbermill"", ""chain_saw"", ""plow"", ""thresher""]","[0.3343229591846466, 0.268027126789093, 0.13670185208320618, 0.013002145104110241, 0.009254672564566135]",False,True
b0194,data/raw/imagenette2-320/val/n03000684/n03000684_7790.JPEG,491,491,chain_saw,0.5756783485412598,"[491, 228, 355, 371, 840]","[""chain_saw"", ""komondor"", ""llama"", ""patas"", ""swab""]","[0.5756783485412598, 0.33122801780700684, 0.01157666090875864, 0.0034074096474796534, 0.0021325445268303156]",True,True
b0195,data/raw/imagenette2-320/val/n03000684/n03000684_2610.JPEG,491,491,chain_saw,0.9611806273460388,"[491, 634, 410, 912, 730]","[""chain_saw"", ""lumbermill"", ""apiary"", ""worm_fence"", ""plow""]","[0.9611806273460388, 0.008322633802890778, 0.0017423281678929925, 0.001580636715516448, 0.0010251966305077076]",True,True
b0196,data/raw/imagenette2-320/val/n03000684/n03000684_2922.JPEG,491,491,chain_saw,0.8137850761413574,"[491, 634, 830, 912, 856]","[""chain_saw"", ""lumbermill"", ""stretcher"", ""worm_fence"", ""thresher""]","[0.8137850761413574, 0.06976103782653809, 0.017446571961045265, 0.01229948177933693, 0.007338495925068855]",True,True
b0197,data/raw/imagenette2-320/val/n03000684/n03000684_19272.JPEG,491,491,chain_saw,0.8264539837837219,"[491, 634, 830, 410, 391]","[""chain_saw"", ""lumbermill"", ""stretcher"", ""apiary"", ""coho""]","[0.8264539837837219, 0.0901898741722107, 0.009848831221461296, 0.006202029064297676, 0.004412855487316847]",True,True
b0198,data/raw/imagenette2-320/val/n03000684/n03000684_13402.JPEG,491,491,chain_saw,0.47054198384284973,"[491, 634, 462, 853, 410]","[""chain_saw"", ""lumbermill"", ""broom"", ""thatch"", ""apiary""]","[0.47054198384284973, 0.062167927622795105, 0.04964965581893921, 0.024079596623778343, 0.013396000489592552]",True,True
b0199,data/raw/imagenette2-320/val/n03000684/n03000684_31000.JPEG,491,491,chain_saw,0.6942774057388306,"[491, 795, 802, 970, 537]","[""chain_saw"", ""ski"", ""snowmobile"", ""alp"", ""dogsled""]","[0.6942774057388306, 0.1191939264535904, 0.017022397369146347, 0.012867806479334831, 0.007911520078778267]",True,True
b0200,data/raw/imagenette2-320/val/n03028079/n03028079_29670.JPEG,497,497,church,0.4121733605861664,"[497, 442, 663, 483, 668]","[""church"", ""bell_cote"", ""monastery"", ""castle"", ""mosque""]","[0.4121733605861664, 0.28578880429267883, 0.0943753644824028, 0.02059432491660118, 0.01060409378260374]",True,True
b0201,data/raw/imagenette2-320/val/n03028079/ILSVRC2012_val_00019331.JPEG,497,884,vault,0.4423775374889374,"[884, 663, 442, 497, 698]","[""vault"", ""monastery"", ""bell_cote"", ""church"", ""palace""]","[0.4423775374889374, 0.15399295091629028, 0.14434024691581726, 0.07429414242506027, 0.03517168387770653]",False,True
b0202,data/raw/imagenette2-320/val/n03028079/n03028079_57572.JPEG,497,663,monastery,0.4087815284729004,"[663, 497, 442, 698, 483]","[""monastery"", ""church"", ""bell_cote"", ""palace"", ""castle""]","[0.4087815284729004, 0.17482393980026245, 0.060547836124897, 0.053705550730228424, 0.030104899778962135]",False,True
b0203,data/raw/imagenette2-320/val/n03028079/n03028079_7882.JPEG,497,497,church,0.33298835158348083,"[497, 663, 442, 483, 884]","[""church"", ""monastery"", ""bell_cote"", ""castle"", ""vault""]","[0.33298835158348083, 0.21988867223262787, 0.1320379227399826, 0.023632550612092018, 0.014912795275449753]",True,True
b0204,data/raw/imagenette2-320/val/n03028079/n03028079_8360.JPEG,497,687,organ,0.8181770443916321,"[687, 406, 884, 497, 663]","[""organ"", ""altar"", ""vault"", ""church"", ""monastery""]","[0.8181770443916321, 0.02366875298321247, 0.012849623337388039, 0.009920905344188213, 0.009475454688072205]",False,True
b0205,data/raw/imagenette2-320/val/n03028079/n03028079_11591.JPEG,497,497,church,0.6077492833137512,"[497, 442, 663, 437, 668]","[""church"", ""bell_cote"", ""monastery"", ""beacon"", ""mosque""]","[0.6077492833137512, 0.22261381149291992, 0.051478590816259384, 0.013403390534222126, 0.004556611180305481]",True,True
b0206,data/raw/imagenette2-320/val/n03028079/n03028079_8611.JPEG,497,442,bell_cote,0.43114370107650757,"[442, 497, 449, 970, 663]","[""bell_cote"", ""church"", ""boathouse"", ""alp"", ""monastery""]","[0.43114370107650757, 0.4112652540206909, 0.018738621845841408, 0.01320044044405222, 0.012355106882750988]",False,True
b0207,data/raw/imagenette2-320/val/n03028079/n03028079_41101.JPEG,497,562,fountain,0.2691601514816284,"[562, 483, 975, 663, 497]","[""fountain"", ""castle"", ""lakeside"", ""monastery"", ""church""]","[0.2691601514816284, 0.10869220644235611, 0.08228225260972977, 0.06052396446466446, 0.030409470200538635]",False,True
b0208,data/raw/imagenette2-320/val/n03028079/n03028079_29412.JPEG,497,497,church,0.19652335345745087,"[497, 442, 687, 483, 884]","[""church"", ""bell_cote"", ""organ"", ""castle"", ""vault""]","[0.19652335345745087, 0.16940483450889587, 0.12645868957042694, 0.045659441500902176, 0.018373409286141396]",True,True
b0209,data/raw/imagenette2-320/val/n03028079/n03028079_56741.JPEG,497,663,monastery,0.5129140615463257,"[663, 497, 698, 483, 884]","[""monastery"", ""church"", ""palace"", ""castle"", ""vault""]","[0.5129140615463257, 0.16775043308734894, 0.08811579644680023, 0.040143128484487534, 0.02760373242199421]",False,True
b0210,data/raw/imagenette2-320/val/n03028079/n03028079_99351.JPEG,497,497,church,0.5059329271316528,"[497, 442, 663, 698, 483]","[""church"", ""bell_cote"", ""monastery"", ""palace"", ""castle""]","[0.5059329271316528, 0.17083518207073212, 0.11119309812784195, 0.06416323035955429, 0.010240165516734123]",True,True
b0211,data/raw/imagenette2-320/val/n03028079/ILSVRC2012_val_00019711.JPEG,497,442,bell_cote,0.8243892192840576,"[442, 497, 540, 663, 417]","[""bell_cote"", ""church"", ""drilling_platform"", ""monastery"", ""balloon""]","[0.8243892192840576, 0.02638125792145729, 0.01665601134300232, 0.013553138822317123, 0.01219719648361206]",False,True
b0212,data/raw/imagenette2-320/val/n03028079/n03028079_14210.JPEG,497,497,church,0.45578569173812866,"[497, 884, 406, 663, 624]","[""church"", ""vault"", ""altar"", ""monastery"", ""library""]","[0.45578569173812866, 0.1342969834804535, 0.07943537831306458, 0.029330948367714882, 0.027744395658373833]",True,True
b0213,data/raw/imagenette2-320/val/n03028079/n03028079_26291.JPEG,497,497,church,0.4961526691913605,"[497, 406, 884, 663, 698]","[""church"", ""altar"", ""vault"", ""monastery"", ""palace""]","[0.4961526691913605, 0.18447470664978027, 0.13846302032470703, 0.09228385239839554, 0.00802336260676384]",True,True
b0214,data/raw/imagenette2-320/val/n03028079/n03028079_12802.JPEG,497,497,church,0.9404056072235107,"[497, 442, 538, 449, 448]","[""church"", ""bell_cote"", ""dome"", ""boathouse"", ""birdhouse""]","[0.9404056072235107, 0.004878331441432238, 0.0034346305765211582, 0.0024691326543688774, 0.0023159945849329233]",True,True
b0215,data/raw/imagenette2-320/val/n03028079/n03028079_53551.JPEG,497,497,church,0.4356986880302429,"[497, 912, 442, 716, 449]","[""church"", ""worm_fence"", ""bell_cote"", ""picket_fence"", ""boathouse""]","[0.4356986880302429, 0.13910344243049622, 0.07831312716007233, 0.031243516132235527, 0.02736312709748745]",True,True
b0216,data/raw/imagenette2-320/val/n03028079/n03028079_25680.JPEG,497,884,vault,0.3380420506000519,"[884, 406, 538, 873, 887]","[""vault"", ""altar"", ""dome"", ""triumphal_arch"", ""vestment""]","[0.3380420506000519, 0.15854670107364655, 0.13905279338359833, 0.04248631000518799, 0.028547920286655426]",False,False
b0217,data/raw/imagenette2-320/val/n03028079/n03028079_2951.JPEG,497,884,vault,0.43278422951698303,"[884, 406, 497, 687, 663]","[""vault"", ""altar"", ""church"", ""organ"", ""monastery""]","[0.43278422951698303, 0.17661021649837494, 0.13862110674381256, 0.03968558460474014, 0.014484287239611149]",False,True
b0218,data/raw/imagenette2-320/val/n03028079/n03028079_13331.JPEG,497,406,altar,0.31189122796058655,"[406, 884, 663, 687, 497]","[""altar"", ""vault"", ""monastery"", ""organ"", ""church""]","[0.31189122796058655, 0.2747599482536316, 0.07616562396287918, 0.0708405077457428, 0.0300312377512455]",False,True
b0219,data/raw/imagenette2-320/val/n03028079/n03028079_10410.JPEG,497,668,mosque,0.13062286376953125,"[668, 727, 449, 483, 437]","[""mosque"", ""planetarium"", ""boathouse"", ""castle"", ""beacon""]","[0.13062286376953125, 0.10922804474830627, 0.09865019470453262, 0.098445363342762, 0.08451701700687408]",False,False
b0220,data/raw/imagenette2-320/val/n03028079/n03028079_1332.JPEG,497,497,church,0.4094945192337036,"[497, 442, 663, 483, 449]","[""church"", ""bell_cote"", ""monastery"", ""castle"", ""boathouse""]","[0.4094945192337036, 0.21549631655216217, 0.0486033633351326, 0.032197367399930954, 0.01378112006932497]",True,True
b0221,data/raw/imagenette2-320/val/n03028079/n03028079_8661.JPEG,497,497,church,0.6496192812919617,"[497, 442, 663, 538, 409]","[""church"", ""bell_cote"", ""monastery"", ""dome"", ""analog_clock""]","[0.6496192812919617, 0.20862340927124023, 0.07455070316791534, 0.010947542265057564, 0.005396714899688959]",True,True
b0222,data/raw/imagenette2-320/val/n03028079/n03028079_6860.JPEG,497,497,church,0.36813411116600037,"[497, 442, 663, 698, 884]","[""church"", ""bell_cote"", ""monastery"", ""palace"", ""vault""]","[0.36813411116600037, 0.26926037669181824, 0.0936489924788475, 0.046868905425071716, 0.03619871661067009]",True,True
b0223,data/raw/imagenette2-320/val/n03028079/n03028079_4292.JPEG,497,884,vault,0.6319746375083923,"[884, 497, 538, 406, 663]","[""vault"", ""church"", ""dome"", ""altar"", ""monastery""]","[0.6319746375083923, 0.07405009865760803, 0.03355243057012558, 0.01716618239879608, 0.012143596075475216]",False,True
b0224,data/raw/imagenette2-320/val/n03028079/n03028079_38692.JPEG,497,497,church,0.41654467582702637,"[497, 483, 663, 442, 698]","[""church"", ""castle"", ""monastery"", ""bell_cote"", ""palace""]","[0.41654467582702637, 0.35014981031417847, 0.038739848881959915, 0.034614354372024536, 0.003895667614415288]",True,True
b0225,data/raw/imagenette2-320/val/n03028079/n03028079_14600.JPEG,497,497,church,0.5274456739425659,"[497, 663, 698, 483, 406]","[""church"", ""monastery"", ""palace"", ""castle"", ""altar""]","[0.5274456739425659, 0.09774286299943924, 0.06573808938264847, 0.025865355506539345, 0.008721010759472847]",True,True
b0226,data/raw/imagenette2-320/val/n03028079/n03028079_28352.JPEG,497,497,church,0.24067842960357666,"[497, 442, 449, 425, 912]","[""church"", ""bell_cote"", ""boathouse"", ""barn"", ""worm_fence""]","[0.24067842960357666, 0.14728198945522308, 0.11215078085660934, 0.07495766133069992, 0.03609217703342438]",True,True
b0227,data/raw/imagenette2-320/val/n03028079/ILSVRC2012_val_00028310.JPEG,497,698,palace,0.305799663066864,"[698, 483, 663, 497, 442]","[""palace"", ""castle"", ""monastery"", ""church"", ""bell_cote""]","[0.305799663066864, 0.21708746254444122, 0.06623869389295578, 0.040275633335113525, 0.029234731569886208]",False,True
b0228,data/raw/imagenette2-320/val/n03028079/n03028079_26371.JPEG,497,442,bell_cote,0.45014703273773193,"[442, 497, 663, 884, 449]","[""bell_cote"", ""church"", ""monastery"", ""vault"", ""boathouse""]","[0.45014703273773193, 0.3600314259529114, 0.040184807032346725, 0.008198986761271954, 0.006788711994886398]",False,True
b0229,data/raw/imagenette2-320/val/n03028079/n03028079_7250.JPEG,497,497,church,0.4053214192390442,"[497, 442, 663, 698, 743]","[""church"", ""bell_cote"", ""monastery"", ""palace"", ""prison""]","[0.4053214192390442, 0.13106177747249603, 0.060214459896087646, 0.018219295889139175, 0.017660170793533325]",True,True
b0230,data/raw/imagenette2-320/val/n03028079/n03028079_8132.JPEG,497,538,dome,0.5034294724464417,"[538, 497, 668, 663, 442]","[""dome"", ""church"", ""mosque"", ""monastery"", ""bell_cote""]","[0.5034294724464417, 0.22780002653598785, 0.15726426243782043, 0.03020196408033371, 0.007798546925187111]",False,True
b0231,data/raw/imagenette2-320/val/n03028079/n03028079_16960.JPEG,497,497,church,0.6164870262145996,"[497, 442, 663, 884, 437]","[""church"", ""bell_cote"", ""monastery"", ""vault"", ""beacon""]","[0.6164870262145996, 0.16043038666248322, 0.0688890665769577, 0.012416415847837925, 0.007104141637682915]",True,True
b0232,data/raw/imagenette2-320/val/n03028079/n03028079_20670.JPEG,497,497,church,0.4495737850666046,"[497, 442, 483, 984, 663]","[""church"", ""bell_cote"", ""castle"", ""rapeseed"", ""monastery""]","[0.4495737850666046, 0.3024819493293762, 0.04287691041827202, 0.01786866784095764, 0.015471131540834904]",True,True
b0233,data/raw/imagenette2-320/val/n03028079/n03028079_28302.JPEG,497,497,church,0.7310519814491272,"[497, 437, 449, 442, 663]","[""church"", ""beacon"", ""boathouse"", ""bell_cote"", ""monastery""]","[0.7310519814491272, 0.08372540771961212, 0.02814273163676262, 0.02749885618686676, 0.015348244458436966]",True,True
b0234,data/raw/imagenette2-320/val/n03028079/ILSVRC2012_val_00046232.JPEG,497,884,vault,0.8568097352981567,"[884, 669, 687, 406, 538]","[""vault"", ""mosquito_net"", ""organ"", ""altar"", ""dome""]","[0.8568097352981567, 0.013175012543797493, 0.011241229251027107, 0.00883117038756609, 0.008139885030686855]",False,False
b0235,data/raw/imagenette2-320/val/n03028079/n03028079_26601.JPEG,497,497,church,0.5500710606575012,"[497, 442, 663, 884, 483]","[""church"", ""bell_cote"", ""monastery"", ""vault"", ""castle""]","[0.5500710606575012, 0.31665951013565063, 0.027582379058003426, 0.005092266481369734, 0.00499636260792613]",True,True
b0236,data/raw/imagenette2-320/val/n03028079/n03028079_7881.JPEG,497,497,church,0.5837876200675964,"[497, 442, 483, 663, 405]","[""church"", ""bell_cote"", ""castle"", ""monastery"", ""airship""]","[0.5837876200675964, 0.07979274541139603, 0.03820775821805, 0.03343374654650688, 0.01556380931288004]",True,True
b0237,data/raw/imagenette2-320/val/n03028079/n03028079_7171.JPEG,497,698,palace,0.21402201056480408,"[698, 663, 442, 668, 497]","[""palace"", ""monastery"", ""bell_cote"", ""mosque"", ""church""]","[0.21402201056480408, 0.1408846229314804, 0.06304606050252914, 0.03284309804439545, 0.024790965020656586]",False,True
b0238,data/raw/imagenette2-320/val/n03028079/n03028079_2342.JPEG,497,425,barn,0.6851724982261658,"[425, 497, 449, 853, 912]","[""barn"", ""church"", ""boathouse"", ""thatch"", ""worm_fence""]","[0.6851724982261658, 0.04106346517801285, 0.03155169263482094, 0.027035066857933998, 0.02358689345419407]",False,True
b0239,data/raw/imagenette2-320/val/n03028079/n03028079_6720.JPEG,497,663,monastery,0.45406389236450195,"[663, 497, 483, 442, 698]","[""monastery"", ""church"", ""castle"", ""bell_cote"", ""palace""]","[0.45406389236450195, 0.19966021180152893, 0.053570520132780075, 0.05114760622382164, 0.01936424896121025]",False,True
b0240,data/raw/imagenette2-320/val/n03028079/n03028079_3972.JPEG,497,899,water_jug,0.2688727080821991,"[899, 725, 884, 663, 653]","[""water_jug"", ""pitcher"", ""vault"", ""monastery"", ""milk_can""]","[0.2688727080821991, 0.14420142769813538, 0.12226878106594086, 0.05102509260177612, 0.029405521228909492]",False,False
b0241,data/raw/imagenette2-320/val/n03028079/n03028079_4572.JPEG,497,663,monastery,0.595830500125885,"[663, 497, 698, 442, 668]","[""monastery"", ""church"", ""palace"", ""bell_cote"", ""mosque""]","[0.595830500125885, 0.17401421070098877, 0.04256622493267059, 0.02083548530936241, 0.013089458458125591]",False,True
b0242,data/raw/imagenette2-320/val/n03028079/n03028079_41342.JPEG,497,538,dome,0.7068727612495422,"[538, 884, 497, 640, 406]","[""dome"", ""vault"", ""church"", ""manhole_cover"", ""altar""]","[0.7068727612495422, 0.08240168541669846, 0.03974781185388565, 0.00733363488689065, 0.006657124496996403]",False,True
b0243,data/raw/imagenette2-320/val/n03028079/n03028079_26110.JPEG,497,668,mosque,0.2645587921142578,"[668, 497, 663, 538, 698]","[""mosque"", ""church"", ""monastery"", ""dome"", ""palace""]","[0.2645587921142578, 0.16861705482006073, 0.11538493633270264, 0.1131359338760376, 0.04712133854627609]",False,True
b0244,data/raw/imagenette2-320/val/n03028079/n03028079_16361.JPEG,497,663,monastery,0.3970547616481781,"[663, 497, 442, 483, 698]","[""monastery"", ""church"", ""bell_cote"", ""castle"", ""palace""]","[0.3970547616481781, 0.2942623496055603, 0.20324008166790009, 0.032799843698740005, 0.010435864329338074]",False,True
b0245,data/raw/imagenette2-320/val/n03028079/n03028079_13002.JPEG,497,442,bell_cote,0.30045726895332336,"[442, 497, 663, 437, 698]","[""bell_cote"", ""church"", ""monastery"", ""beacon"", ""palace""]","[0.30045726895332336, 0.2896004617214203, 0.2872062623500824, 0.03035963885486126, 0.0026028708089143038]",False,True
b0246,data/raw/imagenette2-320/val/n03028079/ILSVRC2012_val_00007400.JPEG,497,406,altar,0.8555023074150085,"[406, 884, 497, 663, 687]","[""altar"", ""vault"", ""church"", ""monastery"", ""organ""]","[0.8555023074150085, 0.04276047274470329, 0.035580482333898544, 0.014486761763691902, 0.0053512766025960445]",False,True
b0247,data/raw/imagenette2-320/val/n03028079/n03028079_5261.JPEG,497,663,monastery,0.8540087938308716,"[663, 972, 500, 884, 442]","[""monastery"", ""cliff"", ""cliff_dwelling"", ""vault"", ""bell_cote""]","[0.8540087938308716, 0.04007817059755325, 0.01068668533116579, 0.008200141601264477, 0.007785940542817116]",False,False
b0248,data/raw/imagenette2-320/val/n03028079/n03028079_26390.JPEG,497,663,monastery,0.5124003887176514,"[663, 497, 698, 483, 442]","[""monastery"", ""church"", ""palace"", ""castle"", ""bell_cote""]","[0.5124003887176514, 0.289712518453598, 0.025572016835212708, 0.01391922403126955, 0.008348189294338226]",False,True
b0249,data/raw/imagenette2-320/val/n03028079/n03028079_13021.JPEG,497,497,church,0.31600236892700195,"[497, 442, 663, 483, 975]","[""church"", ""bell_cote"", ""monastery"", ""castle"", ""lakeside""]","[0.31600236892700195, 0.18473663926124573, 0.06796804070472717, 0.02374577708542347, 0.02001674473285675]",True,True
b0250,data/raw/imagenette2-320/val/n03394916/n03394916_39220.JPEG,566,566,French_horn,0.2176792174577713,"[566, 683, 432, 558, 513]","[""French_horn"", ""oboe"", ""bassoon"", ""flute"", ""cornet""]","[0.2176792174577713, 0.16381236910820007, 0.10563986003398895, 0.07923435419797897, 0.07120423018932343]",True,True
b0251,data/raw/imagenette2-320/val/n03394916/n03394916_47211.JPEG,566,566,French_horn,0.7903503775596619,"[566, 875, 776, 513, 432]","[""French_horn"", ""trombone"", ""sax"", ""cornet"", ""bassoon""]","[0.7903503775596619, 0.07656028866767883, 0.026148706674575806, 0.024959422647953033, 0.0209178663790226]",True,True
b0252,data/raw/imagenette2-320/val/n03394916/n03394916_32800.JPEG,566,566,French_horn,0.6507418155670166,"[566, 875, 513, 776, 683]","[""French_horn"", ""trombone"", ""cornet"", ""sax"", ""oboe""]","[0.6507418155670166, 0.0632774755358696, 0.05310465395450592, 0.027402451261878014, 0.007209962233901024]",True,True
b0253,data/raw/imagenette2-320/val/n03394916/n03394916_3522.JPEG,566,566,French_horn,0.32739630341529846,"[566, 683, 584, 776, 772]","[""French_horn"", ""oboe"", ""hair_slide"", ""sax"", ""safety_pin""]","[0.32739630341529846, 0.07291553169488907, 0.0526234470307827, 0.03401299938559532, 0.03247866779565811]",True,True
b0254,data/raw/imagenette2-320/val/n03394916/n03394916_36771.JPEG,566,566,French_horn,0.8583341836929321,"[566, 513, 875, 776, 683]","[""French_horn"", ""cornet"", ""trombone"", ""sax"", ""oboe""]","[0.8583341836929321, 0.021107647567987442, 0.01146960724145174, 0.006406308151781559, 0.0062413401901721954]",True,True
b0255,data/raw/imagenette2-320/val/n03394916/n03394916_45631.JPEG,566,566,French_horn,0.9569331407546997,"[566, 513, 776, 875, 683]","[""French_horn"", ""cornet"", ""sax"", ""trombone"", ""oboe""]","[0.9569331407546997, 0.008782370947301388, 0.0016926509561017156, 0.0010328266071155667, 0.0005508066387847066]",True,True
b0256,data/raw/imagenette2-320/val/n03394916/n03394916_9851.JPEG,566,566,French_horn,0.9577181339263916,"[566, 513, 875, 776, 439]","[""French_horn"", ""cornet"", ""trombone"", ""sax"", ""bearskin""]","[0.9577181339263916, 0.01464296504855156, 0.0019062052015215158, 0.0005446355789899826, 0.00046366729657165706]",True,True
b0257,data/raw/imagenette2-320/val/n03394916/n03394916_25580.JPEG,566,566,French_horn,0.5099977850914001,"[566, 432, 513, 683, 875]","[""French_horn"", ""bassoon"", ""cornet"", ""oboe"", ""trombone""]","[0.5099977850914001, 0.08448982238769531, 0.07470578700304031, 0.07344895601272583, 0.051571011543273926]",True,True
b0258,data/raw/imagenette2-320/val/n03394916/n03394916_35292.JPEG,566,566,French_horn,0.8557996153831482,"[566, 513, 432, 875, 683]","[""French_horn"", ""cornet"", ""bassoon"", ""trombone"", ""oboe""]","[0.8557996153831482, 0.00838309433311224, 0.008085666224360466, 0.004312770441174507, 0.0023143228609114885]",True,True
b0259,data/raw/imagenette2-320/val/n03394916/n03394916_44882.JPEG,566,566,French_horn,0.9258856177330017,"[566, 513, 676, 765, 719]","[""French_horn"", ""cornet"", ""muzzle"", ""rocking_chair"", ""piggy_bank""]","[0.9258856177330017, 0.0030310291331261396, 0.001296534901484847, 0.000822762493044138, 0.0008158297277987003]",True,True
b0260,data/raw/imagenette2-320/val/n03394916/n03394916_32931.JPEG,566,566,French_horn,0.7590805292129517,"[566, 875, 513, 776, 284]","[""French_horn"", ""trombone"", ""cornet"", ""sax"", ""Siamese_cat""]","[0.7590805292129517, 0.07519424706697464, 0.046863749623298645, 0.014462837018072605, 0.0012247953563928604]",True,True
b0261,data/raw/imagenette2-320/val/n03394916/n03394916_29412.JPEG,566,566,French_horn,0.9637966156005859,"[566, 776, 513, 432, 683]","[""French_horn"", ""sax"", ""cornet"", ""bassoon"", ""oboe""]","[0.9637966156005859, 0.002281174762174487, 0.001722394721582532, 0.0007704106392338872, 0.0004394498828332871]",True,True
b0262,data/raw/imagenette2-320/val/n03394916/n03394916_47212.JPEG,566,566,French_horn,0.971344530582428,"[566, 513, 875, 683, 560]","[""French_horn"", ""cornet"", ""trombone"", ""oboe"", ""football_helmet""]","[0.971344530582428, 0.0015584739157930017, 0.0004277699626982212, 0.00026258983416482806, 0.00025605212431401014]",True,True
b0263,data/raw/imagenette2-320/val/n03394916/n03394916_69060.JPEG,566,566,French_horn,0.6072089672088623,"[566, 513, 875, 432, 558]","[""French_horn"", ""cornet"", ""trombone"", ""bassoon"", ""flute""]","[0.6072089672088623, 0.0734659805893898, 0.06693010777235031, 0.038503628224134445, 0.015944447368383408]",True,True
b0264,data/raw/imagenette2-320/val/n03394916/n03394916_14162.JPEG,566,566,French_horn,0.8940700888633728,"[566, 513, 875, 683, 506]","[""French_horn"", ""cornet"", ""trombone"", ""oboe"", ""coil""]","[0.8940700888633728, 0.015423677861690521, 0.0019788979552686214, 0.0011263034539297223, 0.000993360416032374]",True,True
b0265,data/raw/imagenette2-320/val/n03394916/n03394916_33262.JPEG,566,566,French_horn,0.6354794502258301,"[566, 683, 513, 558, 875]","[""French_horn"", ""oboe"", ""cornet"", ""flute"", ""trombone""]","[0.6354794502258301, 0.08212440460920334, 0.05833478271961212, 0.05765518918633461, 0.02170475758612156]",True,True
b0266,data/raw/imagenette2-320/val/n03394916/n03394916_42550.JPEG,566,566,French_horn,0.8960586190223694,"[566, 875, 513, 545, 846]","[""French_horn"", ""trombone"", ""cornet"", ""electric_fan"", ""table_lamp""]","[0.8960586190223694, 0.058226823806762695, 0.014649812132120132, 0.006450483109802008, 0.005945759825408459]",True,True
b0267,data/raw/imagenette2-320/val/n03394916/n03394916_46931.JPEG,566,566,French_horn,0.9481921792030334,"[566, 875, 513, 683, 432]","[""French_horn"", ""trombone"", ""cornet"", ""oboe"", ""bassoon""]","[0.9481921792030334, 0.0028223656117916107, 0.002196303568780422, 0.0008582666632719338, 0.0007131758029572666]",True,True
b0268,data/raw/imagenette2-320/val/n03394916/n03394916_47110.JPEG,566,875,trombone,0.07907617092132568,"[875, 421, 566, 702, 513]","[""trombone"", ""bannister"", ""French_horn"", ""parallel_bars"", ""cornet""]","[0.07907617092132568, 0.03363148123025894, 0.031249994412064552, 0.029942626133561134, 0.026423757895827293]",False,True
b0269,data/raw/imagenette2-320/val/n03394916/n03394916_38702.JPEG,566,566,French_horn,0.4241499900817871,"[566, 513, 875, 776, 432]","[""French_horn"", ""cornet"", ""trombone"", ""sax"", ""bassoon""]","[0.4241499900817871, 0.38037532567977905, 0.0512315109372139, 0.03793421760201454, 0.006863302085548639]",True,True
b0270,data/raw/imagenette2-320/val/n03394916/n03394916_51571.JPEG,566,566,French_horn,0.8254931569099426,"[566, 513, 683, 875, 714]","[""French_horn"", ""cornet"", ""oboe"", ""trombone"", ""pick""]","[0.8254931569099426, 0.0038735547568649054, 0.001913242507725954, 0.0015579996397718787, 0.0013560710940510035]",True,True
b0271,data/raw/imagenette2-320/val/n03394916/ILSVRC2012_val_00011691.JPEG,566,875,trombone,0.1688237339258194,"[875, 776, 513, 818, 650]","[""trombone"", ""sax"", ""cornet"", ""spotlight"", ""microphone""]","[0.1688237339258194, 0.16211111843585968, 0.15575666725635529, 0.04307279735803604, 0.034078557044267654]",False,False
b0272,data/raw/imagenette2-320/val/n03394916/n03394916_43381.JPEG,566,566,French_horn,0.8608266115188599,"[566, 513, 875, 776, 432]","[""French_horn"", ""cornet"", ""trombone"", ""sax"", ""bassoon""]","[0.8608266115188599, 0.010171199217438698, 0.0036573351826518774, 0.0017638697754591703, 0.0010672827484086156]",True,True
b0273,data/raw/imagenette2-320/val/n03394916/n03394916_38340.JPEG,566,566,French_horn,0.8897478580474854,"[566, 513, 875, 776, 802]","[""French_horn"", ""cornet"", ""trombone"", ""sax"", ""snowmobile""]","[0.8897478580474854, 0.025378035381436348, 0.0019716371316462755, 0.001170011586509645, 0.0008093631477095187]",True,True
b0274,data/raw/imagenette2-320/val/n03394916/n03394916_33771.JPEG,566,566,French_horn,0.9250098466873169,"[566, 683, 432, 676, 513]","[""French_horn"", ""oboe"", ""bassoon"", ""muzzle"", ""cornet""]","[0.9250098466873169, 0.0019964983221143484, 0.0017446846468374133, 0.0013808088842779398, 0.0013604039559140801]",True,True
b0275,data/raw/imagenette2-320/val/n03394916/n03394916_26260.JPEG,566,566,French_horn,0.8504158854484558,"[566, 513, 875, 776, 683]","[""French_horn"", ""cornet"", ""trombone"", ""sax"", ""oboe""]","[0.8504158854484558, 0.02120841294527054, 0.006260988302528858, 0.002188996644690633, 0.001826385036110878]",True,True
b0276,data/raw/imagenette2-320/val/n03394916/n03394916_33462.JPEG,566,566,French_horn,0.793250322341919,"[566, 513, 875, 683, 560]","[""French_horn"", ""cornet"", ""trombone"", ""oboe"", ""football_helmet""]","[0.793250322341919, 0.04210171476006508, 0.012928607873618603, 0.003227568231523037, 0.0021268357522785664]",True,True
b0277,data/raw/imagenette2-320/val/n03394916/n03394916_59361.JPEG,566,566,French_horn,0.9341657161712646,"[566, 513, 875, 24, 284]","[""French_horn"", ""cornet"", ""trombone"", ""great_grey_owl"", ""Siamese_cat""]","[0.9341657161712646, 0.01564565859735012, 0.001813067588955164, 0.0008600977016612887, 0.0004123457765672356]",True,True
b0278,data/raw/imagenette2-320/val/n03394916/ILSVRC2012_val_00037592.JPEG,566,566,French_horn,0.8385655283927917,"[566, 513, 776, 875, 683]","[""French_horn"", ""cornet"", ""sax"", ""trombone"", ""oboe""]","[0.8385655283927917, 0.020760415121912956, 0.00508775282651186, 0.004459095653146505, 0.0012036464177072048]",True,True
b0279,data/raw/imagenette2-320/val/n03394916/n03394916_30222.JPEG,566,566,French_horn,0.3312530815601349,"[566, 683, 513, 432, 558]","[""French_horn"", ""oboe"", ""cornet"", ""bassoon"", ""flute""]","[0.3312530815601349, 0.3028683662414551, 0.19004422426223755, 0.034037940204143524, 0.02031407319009304]",True,True
b0280,data/raw/imagenette2-320/val/n03394916/n03394916_35740.JPEG,566,566,French_horn,0.925316333770752,"[566, 513, 683, 878, 875]","[""French_horn"", ""cornet"", ""oboe"", ""typewriter_keyboard"", ""trombone""]","[0.925316333770752, 0.008535117842257023, 0.0028968078549951315, 0.0026018701028078794, 0.0012059620348736644]",True,True
b0281,data/raw/imagenette2-320/val/n03394916/n03394916_38221.JPEG,566,566,French_horn,0.7782498002052307,"[566, 875, 513, 432, 683]","[""French_horn"", ""trombone"", ""cornet"", ""bassoon"", ""oboe""]","[0.7782498002052307, 0.013752870261669159, 0.010120200924575329, 0.004276646301150322, 0.0036657587625086308]",True,True
b0282,data/raw/imagenette2-320/val/n03394916/n03394916_4301.JPEG,566,566,French_horn,0.9435888528823853,"[566, 513, 875, 432, 683]","[""French_horn"", ""cornet"", ""trombone"", ""bassoon"", ""oboe""]","[0.9435888528823853, 0.003438736777752638, 0.0030716280452907085, 0.0022656347136944532, 0.002164881443604827]",True,True
b0283,data/raw/imagenette2-320/val/n03394916/n03394916_17100.JPEG,566,566,French_horn,0.814200758934021,"[566, 513, 714, 875, 432]","[""French_horn"", ""cornet"", ""pick"", ""trombone"", ""bassoon""]","[0.814200758934021, 0.013000545091927052, 0.0024746800772845745, 0.0023868088610470295, 0.0017343783983960748]",True,True
b0284,data/raw/imagenette2-320/val/n03394916/n03394916_60232.JPEG,566,566,French_horn,0.9420631527900696,"[566, 513, 875, 776, 494]","[""French_horn"", ""cornet"", ""trombone"", ""sax"", ""chime""]","[0.9420631527900696, 0.04409732669591904, 0.00731802498921752, 0.0006562788621522486, 7.075253233779222e-05]",True,True
b0285,data/raw/imagenette2-320/val/n03394916/n03394916_59430.JPEG,566,566,French_horn,0.6647531986236572,"[566, 513, 875, 663, 776]","[""French_horn"", ""cornet"", ""trombone"", ""monastery"", ""sax""]","[0.6647531986236572, 0.1335420310497284, 0.01455183606594801, 0.011358057148754597, 0.008145246654748917]",True,True
b0286,data/raw/imagenette2-320/val/n03394916/n03394916_30162.JPEG,566,566,French_horn,0.8052677512168884,"[566, 513, 875, 432, 776]","[""French_horn"", ""cornet"", ""trombone"", ""bassoon"", ""sax""]","[0.8052677512168884, 0.05669195204973221, 0.0058852001093328, 0.0017336324090138078, 0.0016176453791558743]",True,True
b0287,data/raw/imagenette2-320/val/n03394916/n03394916_29722.JPEG,566,566,French_horn,0.6182127594947815,"[566, 875, 513, 432, 776]","[""French_horn"", ""trombone"", ""cornet"", ""bassoon"", ""sax""]","[0.6182127594947815, 0.11576922982931137, 0.053605660796165466, 0.043526679277420044, 0.01217310968786478]",True,True
b0288,data/raw/imagenette2-320/val/n03394916/n03394916_11571.JPEG,566,566,French_horn,0.54747474193573,"[566, 513, 647, 589, 464]","[""French_horn"", ""cornet"", ""measuring_cup"", ""hand_blower"", ""buckle""]","[0.54747474193573, 0.10524856299161911, 0.013274353928864002, 0.012536626309156418, 0.01101064682006836]",True,True
b0289,data/raw/imagenette2-320/val/n03394916/n03394916_36532.JPEG,566,566,French_horn,0.9641334414482117,"[566, 878, 687, 683, 477]","[""French_horn"", ""typewriter_keyboard"", ""organ"", ""oboe"", ""carpenter's_kit""]","[0.9641334414482117, 0.004532548598945141, 0.0024230279959738255, 0.0019031981937587261, 0.0018867249600589275]",True,True
b0290,data/raw/imagenette2-320/val/n03394916/n03394916_37261.JPEG,566,566,French_horn,0.9332635998725891,"[566, 513, 875, 683, 432]","[""French_horn"", ""cornet"", ""trombone"", ""oboe"", ""bassoon""]","[0.9332635998725891, 0.019751878455281258, 0.013285713270306587, 0.007835599593818188, 0.004470996558666229]",True,True
b0291,data/raw/imagenette2-320/val/n03394916/n03394916_36420.JPEG,566,875,trombone,0.4403362572193146,"[875, 566, 513, 776, 788]","[""trombone"", ""French_horn"", ""cornet"", ""sax"", ""shoe_shop""]","[0.4403362572193146, 0.26094135642051697, 0.09605640918016434, 0.027941176667809486, 0.001484193722717464]",False,True
b0292,data/raw/imagenette2-320/val/n03394916/n03394916_30671.JPEG,566,875,trombone,0.5349885821342468,"[875, 566, 513, 776, 807]","[""trombone"", ""French_horn"", ""cornet"", ""sax"", ""solar_dish""]","[0.5349885821342468, 0.23368331789970398, 0.16553175449371338, 0.014480537734925747, 0.0007019744371064007]",False,True
b0293,data/raw/imagenette2-320/val/n03394916/n03394916_24532.JPEG,566,566,French_horn,0.9545764923095703,"[566, 513, 875, 618, 776]","[""French_horn"", ""cornet"", ""trombone"", ""ladle"", ""sax""]","[0.9545764923095703, 0.002328295260667801, 0.0012664988171309233, 0.0005984143353998661, 0.0004367896472103894]",True,True
b0294,data/raw/imagenette2-320/val/n03394916/n03394916_59452.JPEG,566,566,French_horn,0.5821717977523804,"[566, 513, 776, 875, 683]","[""French_horn"", ""cornet"", ""sax"", ""trombone"", ""oboe""]","[0.5821717977523804, 0.24799716472625732, 0.00994307640939951, 0.0059558129869401455, 0.004732231143862009]",True,True
b0295,data/raw/imagenette2-320/val/n03394916/n03394916_9451.JPEG,566,566,French_horn,0.9372376799583435,"[566, 513, 875, 746, 683]","[""French_horn"", ""cornet"", ""trombone"", ""puck"", ""oboe""]","[0.9372376799583435, 0.0035556568764150143, 0.0013798740692436695, 0.0010592663893476129, 0.000921235594432801]",True,True
b0296,data/raw/imagenette2-320/val/n03394916/n03394916_43422.JPEG,566,566,French_horn,0.9380577802658081,"[566, 875, 513, 439, 432]","[""French_horn"", ""trombone"", ""cornet"", ""bearskin"", ""bassoon""]","[0.9380577802658081, 0.004396088887006044, 0.0038130830507725477, 0.0005557812983170152, 0.00038022364606149495]",True,True
b0297,data/raw/imagenette2-320/val/n03394916/ILSVRC2012_val_00004301.JPEG,566,566,French_horn,0.9100804924964905,"[566, 513, 875, 683, 776]","[""French_horn"", ""cornet"", ""trombone"", ""oboe"", ""sax""]","[0.9100804924964905, 0.004794458393007517, 0.0032414596062153578, 0.0021111052483320236, 0.0018815071089193225]",True,True
b0298,data/raw/imagenette2-320/val/n03394916/n03394916_23071.JPEG,566,566,French_horn,0.8083404302597046,"[566, 513, 875, 683, 432]","[""French_horn"", ""cornet"", ""trombone"", ""oboe"", ""bassoon""]","[0.8083404302597046, 0.010591886006295681, 0.009102297946810722, 0.003843956161290407, 0.002947973320260644]",True,True
b0299,data/raw/imagenette2-320/val/n03394916/n03394916_31871.JPEG,566,566,French_horn,0.3737255334854126,"[566, 513, 875, 776, 683]","[""French_horn"", ""cornet"", ""trombone"", ""sax"", ""oboe""]","[0.3737255334854126, 0.22291156649589539, 0.13571232557296753, 0.047952331602573395, 0.039566297084093094]",True,True
b0300,data/raw/imagenette2-320/val/n03417042/n03417042_28702.JPEG,569,569,garbage_truck,0.9230318665504456,"[569, 867, 864, 675, 856]","[""garbage_truck"", ""trailer_truck"", ""tow_truck"", ""moving_van"", ""thresher""]","[0.9230318665504456, 0.009255386888980865, 0.0033191866241395473, 0.0027763377875089645, 0.0018935110419988632]",True,True
b0301,data/raw/imagenette2-320/val/n03417042/n03417042_90.JPEG,569,569,garbage_truck,0.9880405068397522,"[569, 867, 864, 517, 675]","[""garbage_truck"", ""trailer_truck"", ""tow_truck"", ""crane"", ""moving_van""]","[0.9880405068397522, 0.0020321316551417112, 0.0006586615927517414, 0.0005124290473759174, 0.00034760902053676546]",True,True
b0302,data/raw/imagenette2-320/val/n03417042/n03417042_130.JPEG,569,569,garbage_truck,0.3249417543411255,"[569, 733, 867, 557, 660]","[""garbage_truck"", ""pole"", ""trailer_truck"", ""flagpole"", ""mobile_home""]","[0.3249417543411255, 0.10542832314968109, 0.06802710145711899, 0.05085892230272293, 0.05074555054306984]",True,True
b0303,data/raw/imagenette2-320/val/n03417042/n03417042_9240.JPEG,569,569,garbage_truck,0.18855251371860504,"[569, 867, 595, 856, 864]","[""garbage_truck"", ""trailer_truck"", ""harvester"", ""thresher"", ""tow_truck""]","[0.18855251371860504, 0.15247489511966705, 0.10015041381120682, 0.09441369026899338, 0.08005377650260925]",True,True
b0304,data/raw/imagenette2-320/val/n03417042/n03417042_5631.JPEG,569,569,garbage_truck,0.88609778881073,"[569, 595, 867, 856, 864]","[""garbage_truck"", ""harvester"", ""trailer_truck"", ""thresher"", ""tow_truck""]","[0.88609778881073, 0.011293108575046062, 0.005893930792808533, 0.00543131772428751, 0.004876347724348307]",True,True
b0305,data/raw/imagenette2-320/val/n03417042/n03417042_7521.JPEG,569,569,garbage_truck,0.9245454668998718,"[569, 675, 867, 517, 864]","[""garbage_truck"", ""moving_van"", ""trailer_truck"", ""crane"", ""tow_truck""]","[0.9245454668998718, 0.011630487628281116, 0.008499779738485813, 0.005549764726310968, 0.002797484863549471]",True,True
b0306,data/raw/imagenette2-320/val/n03417042/n03417042_10121.JPEG,569,569,garbage_truck,0.9629786610603333,"[569, 675, 867, 517, 734]","[""garbage_truck"", ""moving_van"", ""trailer_truck"", ""crane"", ""police_van""]","[0.9629786610603333, 0.002521403133869171, 0.0014244854683056474, 0.000999928335659206, 0.0009041735902428627]",True,True
b0307,data/raw/imagenette2-320/val/n03417042/n03417042_9021.JPEG,569,569,garbage_truck,0.8886622190475464,"[569, 675, 867, 864, 407]","[""garbage_truck"", ""moving_van"", ""trailer_truck"", ""tow_truck"", ""ambulance""]","[0.8886622190475464, 0.022143546491861343, 0.017052464187145233, 0.014040946960449219, 0.003602087963372469]",True,True
b0308,data/raw/imagenette2-320/val/n03417042/n03417042_12711.JPEG,569,569,garbage_truck,0.7021277546882629,"[569, 867, 675, 517, 856]","[""garbage_truck"", ""trailer_truck"", ""moving_van"", ""crane"", ""thresher""]","[0.7021277546882629, 0.11408314853906631, 0.05936982482671738, 0.010017473250627518, 0.00781278870999813]",True,True
b0309,data/raw/imagenette2-320/val/n03417042/n03417042_4462.JPEG,569,586,half_track,0.4358948767185211,"[586, 744, 847, 569, 657]","[""half_track"", ""projectile"", ""tank"", ""garbage_truck"", ""missile""]","[0.4358948767185211, 0.07262063771486282, 0.06431028991937637, 0.04085651412606239, 0.040171053260564804]",False,True
b0310,data/raw/imagenette2-320/val/n03417042/n03417042_3862.JPEG,569,569,garbage_truck,0.13083501160144806,"[569, 660, 675, 829, 634]","[""garbage_truck"", ""mobile_home"", ""moving_van"", ""streetcar"", ""lumbermill""]","[0.13083501160144806, 0.10771255940198898, 0.07868805527687073, 0.060191478580236435, 0.04287536442279816]",True,True
b0311,data/raw/imagenette2-320/val/n03417042/n03417042_12601.JPEG,569,569,garbage_truck,0.8682563304901123,"[569, 867, 595, 675, 856]","[""garbage_truck"", ""trailer_truck"", ""harvester"", ""moving_van"", ""thresher""]","[0.8682563304901123, 0.013077112846076488, 0.008043264038860798, 0.007820356637239456, 0.00564718758687377]",True,True
b0312,data/raw/imagenette2-320/val/n03417042/n03417042_9480.JPEG,569,569,garbage_truck,0.9270161390304565,"[569, 675, 517, 867, 803]","[""garbage_truck"", ""moving_van"", ""crane"", ""trailer_truck"", ""snowplow""]","[0.9270161390304565, 0.009407191537320614, 0.006946963723748922, 0.005730015691369772, 0.0034103146754205227]",True,True
b0313,data/raw/imagenette2-320/val/n03417042/ILSVRC2012_val_00008430.JPEG,569,569,garbage_truck,0.8041369318962097,"[569, 675, 867, 555, 864]","[""garbage_truck"", ""moving_van"", ""trailer_truck"", ""fire_engine"", ""tow_truck""]","[0.8041369318962097, 0.1385078728199005, 0.016482863575220108, 0.00359445926733315, 0.0017791962018236518]",True,True
b0314,data/raw/imagenette2-320/val/n03417042/n03417042_7061.JPEG,569,569,garbage_truck,0.33353978395462036,"[569, 654, 864, 867, 675]","[""garbage_truck"", ""minibus"", ""tow_truck"", ""trailer_truck"", ""moving_van""]","[0.33353978395462036, 0.22301384806632996, 0.14119172096252441, 0.060055170208215714, 0.029825735837221146]",True,True
b0315,data/raw/imagenette2-320/val/n03417042/n03417042_1790.JPEG,569,569,garbage_truck,0.9500580430030823,"[569, 675, 867, 856, 561]","[""garbage_truck"", ""moving_van"", ""trailer_truck"", ""thresher"", ""forklift""]","[0.9500580430030823, 0.007549915462732315, 0.0038495883345603943, 0.0004941602237522602, 0.0004712974186986685]",True,True
b0316,data/raw/imagenette2-320/val/n03417042/n03417042_23802.JPEG,569,569,garbage_truck,0.9830496907234192,"[569, 856, 866, 595, 867]","[""garbage_truck"", ""thresher"", ""tractor"", ""harvester"", ""trailer_truck""]","[0.9830496907234192, 0.002871623495593667, 0.0010020103072747588, 0.0009347118902951479, 0.000537157233338803]",True,True
b0317,data/raw/imagenette2-320/val/n03417042/n03417042_2231.JPEG,569,569,garbage_truck,0.773758590221405,"[569, 675, 867, 517, 864]","[""garbage_truck"", ""moving_van"", ""trailer_truck"", ""crane"", ""tow_truck""]","[0.773758590221405, 0.10909819602966309, 0.05574590340256691, 0.004530921578407288, 0.0022980058565735817]",True,True
b0318,data/raw/imagenette2-320/val/n03417042/n03417042_20382.JPEG,569,569,garbage_truck,0.8527020215988159,"[569, 867, 856, 864, 675]","[""garbage_truck"", ""trailer_truck"", ""thresher"", ""tow_truck"", ""moving_van""]","[0.8527020215988159, 0.03210129216313362, 0.006877652835100889, 0.004567165393382311, 0.003926687873899937]",True,True
b0319,data/raw/imagenette2-320/val/n03417042/n03417042_1211.JPEG,569,569,garbage_truck,0.6039409041404724,"[569, 675, 867, 517, 864]","[""garbage_truck"", ""moving_van"", ""trailer_truck"", ""crane"", ""tow_truck""]","[0.6039409041404724, 0.18336397409439087, 0.10133938491344452, 0.00945813674479723, 0.006701088510453701]",True,True
b0320,data/raw/imagenette2-320/val/n03417042/n03417042_10442.JPEG,569,569,garbage_truck,0.6381956338882446,"[569, 867, 864, 555, 675]","[""garbage_truck"", ""trailer_truck"", ""tow_truck"", ""fire_engine"", ""moving_van""]","[0.6381956338882446, 0.10888610035181046, 0.0416768454015255, 0.021218208596110344, 0.016932325437664986]",True,True
b0321,data/raw/imagenette2-320/val/n03417042/n03417042_27982.JPEG,569,569,garbage_truck,0.9119479656219482,"[569, 874, 555, 864, 867]","[""garbage_truck"", ""trolleybus"", ""fire_engine"", ""tow_truck"", ""trailer_truck""]","[0.9119479656219482, 0.009656739421188831, 0.00668080011382699, 0.0065253120847046375, 0.006502472795546055]",True,True
b0322,data/raw/imagenette2-320/val/n03417042/n03417042_9052.JPEG,569,569,garbage_truck,0.455609530210495,"[569, 867, 864, 675, 517]","[""garbage_truck"", ""trailer_truck"", ""tow_truck"", ""moving_van"", ""crane""]","[0.455609530210495, 0.19369737803936005, 0.19188280403614044, 0.028904154896736145, 0.02631661482155323]",True,True
b0323,data/raw/imagenette2-320/val/n03417042/n03417042_18042.JPEG,569,569,garbage_truck,0.9306789040565491,"[569, 856, 595, 675, 864]","[""garbage_truck"", ""thresher"", ""harvester"", ""moving_van"", ""tow_truck""]","[0.9306789040565491, 0.008678215555846691, 0.008231470361351967, 0.0025493938010185957, 0.0018745454726740718]",True,True
b0324,data/raw/imagenette2-320/val/n03417042/n03417042_9601.JPEG,569,569,garbage_truck,0.9797249436378479,"[569, 867, 864, 675, 517]","[""garbage_truck"", ""trailer_truck"", ""tow_truck"", ""moving_van"", ""crane""]","[0.9797249436378479, 0.004441897850483656, 0.0032879607751965523, 0.0031504291109740734, 0.0010664097499102354]",True,True
b0325,data/raw/imagenette2-320/val/n03417042/n03417042_22532.JPEG,569,569,garbage_truck,0.8441256284713745,"[569, 517, 864, 856, 867]","[""garbage_truck"", ""crane"", ""tow_truck"", ""thresher"", ""trailer_truck""]","[0.8441256284713745, 0.037693802267313004, 0.02878470905125141, 0.004219913389533758, 0.0030385374557226896]",True,True
b0326,data/raw/imagenette2-320/val/n03417042/n03417042_2812.JPEG,569,569,garbage_truck,0.6249352097511292,"[569, 480, 856, 595, 800]","[""garbage_truck"", ""cash_machine"", ""thresher"", ""harvester"", ""slot""]","[0.6249352097511292, 0.04219996556639671, 0.01761910691857338, 0.01324452180415392, 0.01132168434560299]",True,True
b0327,data/raw/imagenette2-320/val/n03417042/n03417042_28062.JPEG,569,569,garbage_truck,0.9242745637893677,"[569, 867, 517, 675, 864]","[""garbage_truck"", ""trailer_truck"", ""crane"", ""moving_van"", ""tow_truck""]","[0.9242745637893677, 0.01772862859070301, 0.003113418584689498, 0.002050532028079033, 0.002026450354605913]",True,True
b0328,data/raw/imagenette2-320/val/n03417042/ILSVRC2012_val_00022172.JPEG,569,569,garbage_truck,0.984439492225647,"[569, 867, 675, 803, 864]","[""garbage_truck"", ""trailer_truck"", ""moving_van"", ""snowplow"", ""tow_truck""]","[0.984439492225647, 0.0027387740556150675, 0.0006116025033406913, 0.00035677041159942746, 0.00030929071363061666]",True,True
b0329,data/raw/imagenette2-320/val/n03417042/n03417042_11611.JPEG,569,569,garbage_truck,0.6700897812843323,"[569, 675, 867, 517, 803]","[""garbage_truck"", ""moving_van"", ""trailer_truck"", ""crane"", ""snowplow""]","[0.6700897812843323, 0.07646103203296661, 0.05431722104549408, 0.0018088739598169923, 0.0017629065550863743]",True,True
b0330,data/raw/imagenette2-320/val/n03417042/n03417042_16370.JPEG,569,569,garbage_truck,0.9617874026298523,"[569, 675, 867, 408, 856]","[""garbage_truck"", ""moving_van"", ""trailer_truck"", ""amphibian"", ""thresher""]","[0.9617874026298523, 0.005355379078537226, 0.0020395913161337376, 0.0020339679904282093, 0.0011117714457213879]",True,True
b0331,data/raw/imagenette2-320/val/n03417042/n03417042_4560.JPEG,569,569,garbage_truck,0.6648784279823303,"[569, 864, 803, 517, 866]","[""garbage_truck"", ""tow_truck"", ""snowplow"", ""crane"", ""tractor""]","[0.6648784279823303, 0.23672133684158325, 0.01860642060637474, 0.017722271382808685, 0.006678212899714708]",True,True
b0332,data/raw/imagenette2-320/val/n03417042/n03417042_1770.JPEG,569,569,garbage_truck,0.3240349590778351,"[569, 690, 603, 856, 345]","[""garbage_truck"", ""oxcart"", ""horse_cart"", ""thresher"", ""ox""]","[0.3240349590778351, 0.31469807028770447, 0.24335217475891113, 0.015242110937833786, 0.0069632395170629025]",True,True
b0333,data/raw/imagenette2-320/val/n03417042/n03417042_6442.JPEG,569,569,garbage_truck,0.4630298316478729,"[569, 675, 654, 864, 803]","[""garbage_truck"", ""moving_van"", ""minibus"", ""tow_truck"", ""snowplow""]","[0.4630298316478729, 0.06268175691366196, 0.041259441524744034, 0.03035988099873066, 0.02220510132610798]",True,True
b0334,data/raw/imagenette2-320/val/n03417042/n03417042_18582.JPEG,569,569,garbage_truck,0.9103816747665405,"[569, 675, 867, 517, 803]","[""garbage_truck"", ""moving_van"", ""trailer_truck"", ""crane"", ""snowplow""]","[0.9103816747665405, 0.02874021977186203, 0.018780384212732315, 0.0032651880756020546, 0.0015929387882351875]",True,True
b0335,data/raw/imagenette2-320/val/n03417042/n03417042_7021.JPEG,569,569,garbage_truck,0.9613752961158752,"[569, 864, 595, 609, 407]","[""garbage_truck"", ""tow_truck"", ""harvester"", ""jeep"", ""ambulance""]","[0.9613752961158752, 0.003659772453829646, 0.0023832996375858784, 0.0016419467283412814, 0.0016215187497437]",True,True
b0336,data/raw/imagenette2-320/val/n03417042/ILSVRC2012_val_00024560.JPEG,569,569,garbage_truck,0.7890686988830566,"[569, 867, 675, 856, 864]","[""garbage_truck"", ""trailer_truck"", ""moving_van"", ""thresher"", ""tow_truck""]","[0.7890686988830566, 0.10436955839395523, 0.00769803998991847, 0.003532091388478875, 0.003366036107763648]",True,True
b0337,data/raw/imagenette2-320/val/n03417042/n03417042_4491.JPEG,569,569,garbage_truck,0.7050522565841675,"[569, 762, 675, 582, 498]","[""garbage_truck"", ""restaurant"", ""moving_van"", ""grocery_store"", ""cinema""]","[0.7050522565841675, 0.02286393940448761, 0.020933322608470917, 0.017611326649785042, 0.014178628101944923]",True,True
b0338,data/raw/imagenette2-320/val/n03417042/n03417042_9311.JPEG,569,569,garbage_truck,0.9442005157470703,"[569, 675, 867, 864, 757]","[""garbage_truck"", ""moving_van"", ""trailer_truck"", ""tow_truck"", ""recreational_vehicle""]","[0.9442005157470703, 0.009215117432177067, 0.004335027188062668, 0.0024412693455815315, 0.0014397887280210853]",True,True
b0339,data/raw/imagenette2-320/val/n03417042/n03417042_6602.JPEG,569,569,garbage_truck,0.9537670016288757,"[569, 864, 561, 856, 867]","[""garbage_truck"", ""tow_truck"", ""forklift"", ""thresher"", ""trailer_truck""]","[0.9537670016288757, 0.003478128695860505, 0.002602787921205163, 0.0019448327366262674, 0.0015861830906942487]",True,True
b0340,data/raw/imagenette2-320/val/n03417042/n03417042_3171.JPEG,569,569,garbage_truck,0.4939735233783722,"[569, 864, 675, 654, 660]","[""garbage_truck"", ""tow_truck"", ""moving_van"", ""minibus"", ""mobile_home""]","[0.4939735233783722, 0.13709759712219238, 0.13370192050933838, 0.04858393222093582, 0.019491007551550865]",True,True
b0341,data/raw/imagenette2-320/val/n03417042/n03417042_10150.JPEG,569,569,garbage_truck,0.9070074558258057,"[569, 675, 867, 856, 517]","[""garbage_truck"", ""moving_van"", ""trailer_truck"", ""thresher"", ""crane""]","[0.9070074558258057, 0.020662320777773857, 0.006780123338103294, 0.003160005435347557, 0.0013304392341524363]",True,True
b0342,data/raw/imagenette2-320/val/n03417042/n03417042_1311.JPEG,569,569,garbage_truck,0.7386761903762817,"[569, 675, 867, 803, 705]","[""garbage_truck"", ""moving_van"", ""trailer_truck"", ""snowplow"", ""passenger_car""]","[0.7386761903762817, 0.13987024128437042, 0.020244715735316277, 0.009768716990947723, 0.0069051468744874]",True,True
b0343,data/raw/imagenette2-320/val/n03417042/n03417042_8700.JPEG,569,569,garbage_truck,0.9686697125434875,"[569, 864, 675, 867, 874]","[""garbage_truck"", ""tow_truck"", ""moving_van"", ""trailer_truck"", ""trolleybus""]","[0.9686697125434875, 0.0071997432969510555, 0.00379176065325737, 0.0037241510581225157, 0.001815355964936316]",True,True
b0344,data/raw/imagenette2-320/val/n03417042/n03417042_20021.JPEG,569,569,garbage_truck,0.9619867205619812,"[569, 867, 675, 864, 517]","[""garbage_truck"", ""trailer_truck"", ""moving_van"", ""tow_truck"", ""crane""]","[0.9619867205619812, 0.009787030518054962, 0.002739502815529704, 0.002073809038847685, 0.001067538047209382]",True,True
b0345,data/raw/imagenette2-320/val/n03417042/n03417042_8121.JPEG,569,569,garbage_truck,0.9778768420219421,"[569, 675, 867, 734, 555]","[""garbage_truck"", ""moving_van"", ""trailer_truck"", ""police_van"", ""fire_engine""]","[0.9778768420219421, 0.010424057953059673, 0.0009917308343574405, 0.0006945749628357589, 0.0004893850418739021]",True,True
b0346,data/raw/imagenette2-320/val/n03417042/n03417042_30.JPEG,569,569,garbage_truck,0.5471817255020142,"[569, 675, 654, 867, 864]","[""garbage_truck"", ""moving_van"", ""minibus"", ""trailer_truck"", ""tow_truck""]","[0.5471817255020142, 0.21657311916351318, 0.0348631925880909, 0.03141641244292259, 0.018803220242261887]",True,True
b0347,data/raw/imagenette2-320/val/n03417042/n03417042_24980.JPEG,569,569,garbage_truck,0.9565675854682922,"[569, 660, 856, 595, 408]","[""garbage_truck"", ""mobile_home"", ""thresher"", ""harvester"", ""amphibian""]","[0.9565675854682922, 0.005055223125964403, 0.003838237142190337, 0.0011951701017096639, 0.0011358257615938783]",True,True
b0348,data/raw/imagenette2-320/val/n03417042/n03417042_27151.JPEG,569,569,garbage_truck,0.9820230603218079,"[569, 867, 803, 675, 517]","[""garbage_truck"", ""trailer_truck"", ""snowplow"", ""moving_van"", ""crane""]","[0.9820230603218079, 0.004769808612763882, 0.0011818772181868553, 0.0007055476889945567, 0.0006746387807652354]",True,True
b0349,data/raw/imagenette2-320/val/n03417042/ILSVRC2012_val_00028190.JPEG,569,569,garbage_truck,0.966370165348053,"[569, 867, 864, 856, 803]","[""garbage_truck"", ""trailer_truck"", ""tow_truck"", ""thresher"", ""snowplow""]","[0.966370165348053, 0.004815815947949886, 0.0023461540695279837, 0.002034166594967246, 0.0016889997059479356]",True,True
b0350,data/raw/imagenette2-320/val/n03425413/n03425413_430.JPEG,571,571,gas_pump,0.8314329385757446,"[571, 665, 670, 870, 650]","[""gas_pump"", ""moped"", ""motor_scooter"", ""tricycle"", ""microphone""]","[0.8314329385757446, 0.025982899591326714, 0.009927147999405861, 0.009017419070005417, 0.008282514289021492]",True,True
b0351,data/raw/imagenette2-320/val/n03425413/n03425413_8641.JPEG,571,571,gas_pump,0.5905945301055908,"[571, 691, 882, 785, 606]","[""gas_pump"", ""oxygen_mask"", ""vacuum"", ""seat_belt"", ""iron""]","[0.5905945301055908, 0.11699037253856659, 0.065094955265522, 0.02330387383699417, 0.010181285440921783]",True,True
b0352,data/raw/imagenette2-320/val/n03425413/n03425413_15792.JPEG,571,571,gas_pump,0.9415547847747803,"[571, 637, 704, 778, 707]","[""gas_pump"", ""mailbox"", ""parking_meter"", ""scale"", ""pay-phone""]","[0.9415547847747803, 0.003638321068137884, 0.002489072736352682, 0.0017752470448613167, 0.0006109329406172037]",True,True
b0353,data/raw/imagenette2-320/val/n03425413/n03425413_3602.JPEG,571,571,gas_pump,0.32853901386260986,"[571, 864, 561, 675, 867]","[""gas_pump"", ""tow_truck"", ""forklift"", ""moving_van"", ""trailer_truck""]","[0.32853901386260986, 0.2707541882991791, 0.07841876149177551, 0.067720927298069, 0.03926919773221016]",True,True
b0354,data/raw/imagenette2-320/val/n03425413/n03425413_27300.JPEG,571,571,gas_pump,0.9329962134361267,"[571, 707, 480, 886, 407]","[""gas_pump"", ""pay-phone"", ""cash_machine"", ""vending_machine"", ""ambulance""]","[0.9329962134361267, 0.016922613605856895, 0.012699569575488567, 0.003565940773114562, 0.0012251085136085749]",True,True
b0355,data/raw/imagenette2-320/val/n03425413/n03425413_15070.JPEG,571,571,gas_pump,0.9821019172668457,"[571, 637, 612, 412, 707]","[""gas_pump"", ""mailbox"", ""jinrikisha"", ""ashcan"", ""pay-phone""]","[0.9821019172668457, 0.0010813113767653704, 0.0010524760000407696, 0.00046871064114384353, 0.00045438591041602194]",True,True
b0356,data/raw/imagenette2-320/val/n03425413/n03425413_7292.JPEG,571,571,gas_pump,0.935922384262085,"[571, 637, 707, 886, 704]","[""gas_pump"", ""mailbox"", ""pay-phone"", ""vending_machine"", ""parking_meter""]","[0.935922384262085, 0.003450157353654504, 0.001401645946316421, 0.0012182206846773624, 0.0009217351907864213]",True,True
b0357,data/raw/imagenette2-320/val/n03425413/n03425413_14952.JPEG,571,571,gas_pump,0.9821069836616516,"[571, 800, 886, 844, 637]","[""gas_pump"", ""slot"", ""vending_machine"", ""switch"", ""mailbox""]","[0.9821069836616516, 0.0006153871072456241, 0.0003456556296441704, 0.00034043306368403137, 0.000202293143956922]",True,True
b0358,data/raw/imagenette2-320/val/n03425413/n03425413_9241.JPEG,571,571,gas_pump,0.8929271101951599,"[571, 800, 707, 688, 886]","[""gas_pump"", ""slot"", ""pay-phone"", ""oscilloscope"", ""vending_machine""]","[0.8929271101951599, 0.004492855165153742, 0.002848691074177623, 0.002815535059198737, 0.0025459681637585163]",True,True
b0359,data/raw/imagenette2-320/val/n03425413/n03425413_10022.JPEG,571,571,gas_pump,0.6771368384361267,"[571, 637, 480, 704, 886]","[""gas_pump"", ""mailbox"", ""cash_machine"", ""parking_meter"", ""vending_machine""]","[0.6771368384361267, 0.02727016806602478, 0.015205596573650837, 0.014729887247085571, 0.009425096213817596]",True,True
b0360,data/raw/imagenette2-320/val/n03425413/ILSVRC2012_val_00009821.JPEG,571,571,gas_pump,0.9088239073753357,"[571, 800, 707, 886, 688]","[""gas_pump"", ""slot"", ""pay-phone"", ""vending_machine"", ""oscilloscope""]","[0.9088239073753357, 0.0026993961073458195, 0.0020316375885158777, 0.0010136414784938097, 0.0009979221504181623]",True,True
b0361,data/raw/imagenette2-320/val/n03425413/n03425413_21592.JPEG,571,571,gas_pump,0.9313363432884216,"[571, 886, 800, 498, 648]","[""gas_pump"", ""vending_machine"", ""slot"", ""cinema"", ""medicine_chest""]","[0.9313363432884216, 0.004387570545077324, 0.0041872719302773476, 0.0039188009686768055, 0.0017018705839291215]",True,True
b0362,data/raw/imagenette2-320/val/n03425413/n03425413_4792.JPEG,571,571,gas_pump,0.9819460511207581,"[571, 704, 778, 886, 637]","[""gas_pump"", ""parking_meter"", ""scale"", ""vending_machine"", ""mailbox""]","[0.9819460511207581, 0.0030973637476563454, 0.0006520887254737318, 0.0004922393127344549, 0.00040148591506294906]",True,True
b0363,data/raw/imagenette2-320/val/n03425413/n03425413_13811.JPEG,571,571,gas_pump,0.9754598140716553,"[571, 707, 688, 704, 886]","[""gas_pump"", ""pay-phone"", ""oscilloscope"", ""parking_meter"", ""vending_machine""]","[0.9754598140716553, 0.0030676410533487797, 0.002349240006878972, 0.0014830203726887703, 0.0013759775320068002]",True,True
b0364,data/raw/imagenette2-320/val/n03425413/n03425413_14672.JPEG,571,921,book_jacket,0.41279178857803345,"[921, 458, 901, 571, 919]","[""book_jacket"", ""brass"", ""whiskey_jug"", ""gas_pump"", ""street_sign""]","[0.41279178857803345, 0.10260125249624252, 0.04306663200259209, 0.030242715030908585, 0.024592606350779533]",False,True
b0365,data/raw/imagenette2-320/val/n03425413/n03425413_7730.JPEG,571,571,gas_pump,0.876501202583313,"[571, 707, 428, 600, 882]","[""gas_pump"", ""pay-phone"", ""barrow"", ""hook"", ""vacuum""]","[0.876501202583313, 0.0806487575173378, 0.005352586507797241, 0.002561835339292884, 0.0017057261429727077]",True,True
b0366,data/raw/imagenette2-320/val/n03425413/n03425413_19250.JPEG,571,571,gas_pump,0.9423627853393555,"[571, 637, 707, 886, 800]","[""gas_pump"", ""mailbox"", ""pay-phone"", ""vending_machine"", ""slot""]","[0.9423627853393555, 0.0015755792846903205, 0.0011949576437473297, 0.0011303910287097096, 0.0009496373822912574]",True,True
b0367,data/raw/imagenette2-320/val/n03425413/n03425413_13702.JPEG,571,571,gas_pump,0.9748782515525818,"[571, 886, 707, 704, 778]","[""gas_pump"", ""vending_machine"", ""pay-phone"", ""parking_meter"", ""scale""]","[0.9748782515525818, 0.0010741669684648514, 0.0008680831524543464, 0.0008502025157213211, 0.0006554651190526783]",True,True
b0368,data/raw/imagenette2-320/val/n03425413/n03425413_21202.JPEG,571,571,gas_pump,0.20870853960514069,"[571, 707, 477, 800, 784]","[""gas_pump"", ""pay-phone"", ""carpenter's_kit"", ""slot"", ""screwdriver""]","[0.20870853960514069, 0.07366626709699631, 0.045772891491651535, 0.041125476360321045, 0.036007851362228394]",True,True
b0369,data/raw/imagenette2-320/val/n03425413/n03425413_28542.JPEG,571,571,gas_pump,0.9039328694343567,"[571, 707, 800, 886, 480]","[""gas_pump"", ""pay-phone"", ""slot"", ""vending_machine"", ""cash_machine""]","[0.9039328694343567, 0.07355692237615585, 0.002214597538113594, 0.0014373369049280882, 0.001189187983982265]",True,True
b0370,data/raw/imagenette2-320/val/n03425413/n03425413_32871.JPEG,571,571,gas_pump,0.9751926064491272,"[571, 707, 886, 784, 877]","[""gas_pump"", ""pay-phone"", ""vending_machine"", ""screwdriver"", ""turnstile""]","[0.9751926064491272, 0.013345003128051758, 0.001336459768936038, 0.00034422549651935697, 0.00033430123585276306]",True,True
b0371,data/raw/imagenette2-320/val/n03425413/n03425413_4661.JPEG,571,571,gas_pump,0.6413671970367432,"[571, 771, 760, 713, 519]","[""gas_pump"", ""safe"", ""refrigerator"", ""photocopier"", ""crate""]","[0.6413671970367432, 0.05991143733263016, 0.03584720939397812, 0.01767478510737419, 0.011898897588253021]",True,True
b0372,data/raw/imagenette2-320/val/n03425413/n03425413_10410.JPEG,571,571,gas_pump,0.8899247646331787,"[571, 707, 886, 844, 771]","[""gas_pump"", ""pay-phone"", ""vending_machine"", ""switch"", ""safe""]","[0.8899247646331787, 0.027594583109021187, 0.010149718262255192, 0.004715346731245518, 0.00439473195001483]",True,True
b0373,data/raw/imagenette2-320/val/n03425413/n03425413_20301.JPEG,571,583,guillotine,0.5452174544334412,"[583, 571, 428, 634, 950]","[""guillotine"", ""gas_pump"", ""barrow"", ""lumbermill"", ""orange""]","[0.5452174544334412, 0.14776352047920227, 0.07913511246442795, 0.022149017080664635, 0.01981722004711628]",False,True
b0374,data/raw/imagenette2-320/val/n03425413/n03425413_10621.JPEG,571,571,gas_pump,0.9926581978797913,"[571, 844, 707, 800, 528]","[""gas_pump"", ""switch"", ""pay-phone"", ""slot"", ""dial_telephone""]","[0.9926581978797913, 0.0005408630822785199, 0.00032834330340847373, 0.0002033845812547952, 0.00014081054541748017]",True,True
b0375,data/raw/imagenette2-320/val/n03425413/n03425413_13200.JPEG,571,571,gas_pump,0.9453181624412537,"[571, 637, 707, 760, 717]","[""gas_pump"", ""mailbox"", ""pay-phone"", ""refrigerator"", ""pickup""]","[0.9453181624412537, 0.0014430733863264322, 0.0008996829856187105, 0.0006972302799113095, 0.0006429787026718259]",True,True
b0376,data/raw/imagenette2-320/val/n03425413/n03425413_12722.JPEG,571,571,gas_pump,0.9918237328529358,"[571, 637, 707, 760, 412]","[""gas_pump"", ""mailbox"", ""pay-phone"", ""refrigerator"", ""ashcan""]","[0.9918237328529358, 0.0014425362460315228, 0.0009263284737244248, 0.0002874642959795892, 0.00022064520453568548]",True,True
b0377,data/raw/imagenette2-320/val/n03425413/n03425413_16661.JPEG,571,571,gas_pump,0.6859703660011292,"[571, 561, 634, 427, 756]","[""gas_pump"", ""forklift"", ""lumbermill"", ""barrel"", ""rain_barrel""]","[0.6859703660011292, 0.17515620589256287, 0.021665507927536964, 0.010334517806768417, 0.007957580499351025]",True,True
b0378,data/raw/imagenette2-320/val/n03425413/n03425413_15332.JPEG,571,571,gas_pump,0.9327053427696228,"[571, 535, 707, 695, 771]","[""gas_pump"", ""disk_brake"", ""pay-phone"", ""padlock"", ""safe""]","[0.9327053427696228, 0.00726682972162962, 0.003485102206468582, 0.002498398069292307, 0.0023984163999557495]",True,True
b0379,data/raw/imagenette2-320/val/n03425413/n03425413_21211.JPEG,571,571,gas_pump,0.25058895349502563,"[571, 654, 860, 864, 634]","[""gas_pump"", ""minibus"", ""tobacco_shop"", ""tow_truck"", ""lumbermill""]","[0.25058895349502563, 0.09574169665575027, 0.08715846389532089, 0.07471677660942078, 0.03346394747495651]",True,True
b0380,data/raw/imagenette2-320/val/n03425413/n03425413_15131.JPEG,571,571,gas_pump,0.5603814125061035,"[571, 449, 425, 660, 853]","[""gas_pump"", ""boathouse"", ""barn"", ""mobile_home"", ""thatch""]","[0.5603814125061035, 0.0809677243232727, 0.05994424596428871, 0.034616969525814056, 0.011340578086674213]",True,True
b0381,data/raw/imagenette2-320/val/n03425413/n03425413_13170.JPEG,571,571,gas_pump,0.3298815190792084,"[571, 498, 707, 919, 874]","[""gas_pump"", ""cinema"", ""pay-phone"", ""street_sign"", ""trolleybus""]","[0.3298815190792084, 0.07967457175254822, 0.07243136316537857, 0.04672837629914284, 0.03451576083898544]",True,True
b0382,data/raw/imagenette2-320/val/n03425413/n03425413_70.JPEG,571,571,gas_pump,0.9826631546020508,"[571, 919, 422, 778, 764]","[""gas_pump"", ""street_sign"", ""barbell"", ""scale"", ""rifle""]","[0.9826631546020508, 0.0015507169300690293, 0.0011394901666790247, 0.0009349148022010922, 0.000633871357422322]",True,True
b0383,data/raw/imagenette2-320/val/n03425413/ILSVRC2012_val_00000732.JPEG,571,571,gas_pump,0.6888329982757568,"[571, 480, 886, 553, 707]","[""gas_pump"", ""cash_machine"", ""vending_machine"", ""file"", ""pay-phone""]","[0.6888329982757568, 0.24334868788719177, 0.01319889910519123, 0.0017051453469321132, 0.0015802776906639338]",True,True
b0384,data/raw/imagenette2-320/val/n03425413/n03425413_6540.JPEG,571,571,gas_pump,0.9702959060668945,"[571, 637, 707, 778, 886]","[""gas_pump"", ""mailbox"", ""pay-phone"", ""scale"", ""vending_machine""]","[0.9702959060668945, 0.001518020872026682, 0.0010601794347167015, 0.0005183270550332963, 0.0004966069245710969]",True,True
b0385,data/raw/imagenette2-320/val/n03425413/n03425413_16712.JPEG,571,571,gas_pump,0.38900652527809143,"[571, 535, 670, 686, 665]","[""gas_pump"", ""disk_brake"", ""motor_scooter"", ""oil_filter"", ""moped""]","[0.38900652527809143, 0.2539186179637909, 0.14480063319206238, 0.07001252472400665, 0.03142893314361572]",True,True
b0386,data/raw/imagenette2-320/val/n03425413/n03425413_1610.JPEG,571,571,gas_pump,0.9941835999488831,"[571, 707, 886, 480, 877]","[""gas_pump"", ""pay-phone"", ""vending_machine"", ""cash_machine"", ""turnstile""]","[0.9941835999488831, 0.000625360815320164, 0.00024524773471057415, 0.00014891050523146987, 0.00014408888819161803]",True,True
b0387,data/raw/imagenette2-320/val/n03425413/n03425413_8670.JPEG,571,571,gas_pump,0.7082440853118896,"[571, 707, 674, 583, 482]","[""gas_pump"", ""pay-phone"", ""mousetrap"", ""guillotine"", ""cassette_player""]","[0.7082440853118896, 0.064750075340271, 0.017219096422195435, 0.012179709039628506, 0.012084534391760826]",True,True
b0388,data/raw/imagenette2-320/val/n03425413/n03425413_12711.JPEG,571,571,gas_pump,0.5980890393257141,"[571, 637, 778, 412, 863]","[""gas_pump"", ""mailbox"", ""scale"", ""ashcan"", ""totem_pole""]","[0.5980890393257141, 0.046599723398685455, 0.017949353903532028, 0.012472755275666714, 0.012150991708040237]",True,True
b0389,data/raw/imagenette2-320/val/n03425413/n03425413_1911.JPEG,571,571,gas_pump,0.9977940320968628,"[571, 778, 800, 886, 707]","[""gas_pump"", ""scale"", ""slot"", ""vending_machine"", ""pay-phone""]","[0.9977940320968628, 0.00010427324014017358, 8.408158464590088e-05, 4.239843474351801e-05, 3.942805778933689e-05]",True,True
b0390,data/raw/imagenette2-320/val/n03425413/n03425413_8302.JPEG,571,571,gas_pump,0.8836592435836792,"[571, 437, 494, 442, 708]","[""gas_pump"", ""beacon"", ""chime"", ""bell_cote"", ""pedestal""]","[0.8836592435836792, 0.042717013508081436, 0.0035667289048433304, 0.0017269845120608807, 0.0016919808695092797]",True,True
b0391,data/raw/imagenette2-320/val/n03425413/n03425413_21032.JPEG,571,571,gas_pump,0.6611577868461609,"[571, 670, 665, 535, 882]","[""gas_pump"", ""motor_scooter"", ""moped"", ""disk_brake"", ""vacuum""]","[0.6611577868461609, 0.10462582111358643, 0.037982866168022156, 0.03646877035498619, 0.02511594444513321]",True,True
b0392,data/raw/imagenette2-320/val/n03425413/n03425413_16220.JPEG,571,480,cash_machine,0.9539264440536499,"[480, 571, 713, 800, 886]","[""cash_machine"", ""gas_pump"", ""photocopier"", ""slot"", ""vending_machine""]","[0.9539264440536499, 0.014452126808464527, 0.002957724267616868, 0.0019151526503264904, 0.0017088267486542463]",False,True
b0393,data/raw/imagenette2-320/val/n03425413/n03425413_691.JPEG,571,571,gas_pump,0.9777581691741943,"[571, 637, 886, 707, 844]","[""gas_pump"", ""mailbox"", ""vending_machine"", ""pay-phone"", ""switch""]","[0.9777581691741943, 0.002577628241851926, 0.002154239686205983, 0.0009054018883034587, 0.00044996562064625323]",True,True
b0394,data/raw/imagenette2-320/val/n03425413/ILSVRC2012_val_00004860.JPEG,571,571,gas_pump,0.8251935839653015,"[571, 860, 412, 707, 886]","[""gas_pump"", ""tobacco_shop"", ""ashcan"", ""pay-phone"", ""vending_machine""]","[0.8251935839653015, 0.06191425397992134, 0.012810036540031433, 0.00583754712715745, 0.005243371240794659]",True,True
b0395,data/raw/imagenette2-320/val/n03425413/n03425413_2141.JPEG,571,571,gas_pump,0.7704591155052185,"[571, 886, 707, 800, 412]","[""gas_pump"", ""vending_machine"", ""pay-phone"", ""slot"", ""ashcan""]","[0.7704591155052185, 0.0448896586894989, 0.023121489211916924, 0.016487648710608482, 0.012689899653196335]",True,True
b0396,data/raw/imagenette2-320/val/n03425413/n03425413_5732.JPEG,571,571,gas_pump,0.671066403388977,"[571, 781, 800, 886, 481]","[""gas_pump"", ""scoreboard"", ""slot"", ""vending_machine"", ""cassette""]","[0.671066403388977, 0.1968666911125183, 0.007090939208865166, 0.005469771102070808, 0.004718667361885309]",True,True
b0397,data/raw/imagenette2-320/val/n03425413/n03425413_9051.JPEG,571,475,car_mirror,0.2567347586154938,"[475, 660, 571, 919, 685]","[""car_mirror"", ""mobile_home"", ""gas_pump"", ""street_sign"", ""odometer""]","[0.2567347586154938, 0.0755484402179718, 0.06623862683773041, 0.055789634585380554, 0.018274495378136635]",False,True
b0398,data/raw/imagenette2-320/val/n03425413/n03425413_12712.JPEG,571,571,gas_pump,0.5712330937385559,"[571, 534, 800, 866, 786]","[""gas_pump"", ""dishwasher"", ""slot"", ""tractor"", ""sewing_machine""]","[0.5712330937385559, 0.06665077060461044, 0.02414144016802311, 0.017457449808716774, 0.01620277389883995]",True,True
b0399,data/raw/imagenette2-320/val/n03425413/n03425413_16992.JPEG,571,571,gas_pump,0.9549999833106995,"[571, 886, 637, 707, 778]","[""gas_pump"", ""vending_machine"", ""mailbox"", ""pay-phone"", ""scale""]","[0.9549999833106995, 0.001765826833434403, 0.0015981011092662811, 0.0012907716445624828, 0.0011618579737842083]",True,True
b0400,data/raw/imagenette2-320/val/n03445777/n03445777_3981.JPEG,574,574,golf_ball,0.8649733662605286,"[574, 429, 722, 768, 805]","[""golf_ball"", ""baseball"", ""ping-pong_ball"", ""rugby_ball"", ""soccer_ball""]","[0.8649733662605286, 0.007533153984695673, 0.004296748898923397, 0.0020685310009866953, 0.001985062612220645]",True,True
b0401,data/raw/imagenette2-320/val/n03445777/n03445777_9340.JPEG,574,574,golf_ball,0.8863751292228699,"[574, 429, 805, 522, 852]","[""golf_ball"", ""baseball"", ""soccer_ball"", ""croquet_ball"", ""tennis_ball""]","[0.8863751292228699, 0.015398901887238026, 0.0036778065841645002, 0.003313749795779586, 0.002580228028818965]",True,True
b0402,data/raw/imagenette2-320/val/n03445777/n03445777_3391.JPEG,574,574,golf_ball,0.19117902219295502,"[574, 429, 522, 805, 722]","[""golf_ball"", ""baseball"", ""croquet_ball"", ""soccer_ball"", ""ping-pong_ball""]","[0.19117902219295502, 0.18185994029045105, 0.07661695033311844, 0.03679565712809563, 0.026561034843325615]",True,True
b0403,data/raw/imagenette2-320/val/n03445777/n03445777_7091.JPEG,574,574,golf_ball,0.922500729560852,"[574, 429, 722, 992, 805]","[""golf_ball"", ""baseball"", ""ping-pong_ball"", ""agaric"", ""soccer_ball""]","[0.922500729560852, 0.002470660489052534, 0.0008866311400197446, 0.0005730143748223782, 0.000446681136963889]",True,True
b0404,data/raw/imagenette2-320/val/n03445777/n03445777_16331.JPEG,574,574,golf_ball,0.9467478394508362,"[574, 807, 755, 835, 812]","[""golf_ball"", ""solar_dish"", ""radio_telescope"", ""sundial"", ""space_shuttle""]","[0.9467478394508362, 0.00440423097461462, 0.002297622850164771, 0.0021817476954311132, 0.0016326929908245802]",True,True
b0405,data/raw/imagenette2-320/val/n03445777/n03445777_5592.JPEG,574,574,golf_ball,0.8692499399185181,"[574, 995, 947, 996, 599]","[""golf_ball"", ""earthstar"", ""mushroom"", ""hen-of-the-woods"", ""honeycomb""]","[0.8692499399185181, 0.012019260786473751, 0.0078086950816214085, 0.006043102126568556, 0.00572308711707592]",True,True
b0406,data/raw/imagenette2-320/val/n03445777/n03445777_12920.JPEG,574,574,golf_ball,0.9138422012329102,"[574, 722, 429, 852, 992]","[""golf_ball"", ""ping-pong_ball"", ""baseball"", ""tennis_ball"", ""agaric""]","[0.9138422012329102, 0.0036928385961800814, 0.001617671106941998, 0.0009302623802796006, 0.000398587784729898]",True,True
b0407,data/raw/imagenette2-320/val/n03445777/n03445777_4211.JPEG,574,574,golf_ball,0.9589742422103882,"[574, 755, 429, 805, 992]","[""golf_ball"", ""radio_telescope"", ""baseball"", ""soccer_ball"", ""agaric""]","[0.9589742422103882, 0.000666817300952971, 0.00048165579210035503, 0.0004403202619869262, 0.00038441436481662095]",True,True
b0408,data/raw/imagenette2-320/val/n03445777/n03445777_9120.JPEG,574,574,golf_ball,0.8557114005088806,"[574, 722, 429, 852, 805]","[""golf_ball"", ""ping-pong_ball"", ""baseball"", ""tennis_ball"", ""soccer_ball""]","[0.8557114005088806, 0.006051610689610243, 0.003500108141452074, 0.0020135988015681505, 0.0011080630356445909]",True,True
b0409,data/raw/imagenette2-320/val/n03445777/n03445777_340.JPEG,574,574,golf_ball,0.7182697653770447,"[574, 852, 429, 956, 722]","[""golf_ball"", ""tennis_ball"", ""baseball"", ""custard_apple"", ""ping-pong_ball""]","[0.7182697653770447, 0.02641523815691471, 0.004280264489352703, 0.0041174013167619705, 0.002892786171287298]",True,True
b0410,data/raw/imagenette2-320/val/n03445777/n03445777_20400.JPEG,574,574,golf_ball,0.8459972739219666,"[574, 429, 81, 805, 992]","[""golf_ball"", ""baseball"", ""ptarmigan"", ""soccer_ball"", ""agaric""]","[0.8459972739219666, 0.0030913481023162603, 0.0029259517323225737, 0.0018670783611014485, 0.0014718706952407956]",True,True
b0411,data/raw/imagenette2-320/val/n03445777/n03445777_3090.JPEG,574,574,golf_ball,0.8664122819900513,"[574, 429, 722, 956, 852]","[""golf_ball"", ""baseball"", ""ping-pong_ball"", ""custard_apple"", ""tennis_ball""]","[0.8664122819900513, 0.0027134318370372057, 0.0019970820285379887, 0.0008327664691023529, 0.000623003754299134]",True,True
b0412,data/raw/imagenette2-320/val/n03445777/n03445777_1152.JPEG,574,574,golf_ball,0.9785096645355225,"[574, 429, 722, 557, 768]","[""golf_ball"", ""baseball"", ""ping-pong_ball"", ""flagpole"", ""rugby_ball""]","[0.9785096645355225, 0.0016821189783513546, 0.00041774928104132414, 0.0003632093430496752, 0.0002231958060292527]",True,True
b0413,data/raw/imagenette2-320/val/n03445777/n03445777_7442.JPEG,574,574,golf_ball,0.8689117431640625,"[574, 722, 429, 855, 852]","[""golf_ball"", ""ping-pong_ball"", ""baseball"", ""thimble"", ""tennis_ball""]","[0.8689117431640625, 0.0024948830250650644, 0.001399557339027524, 0.0008681152830831707, 0.0006973912240937352]",True,True
b0414,data/raw/imagenette2-320/val/n03445777/n03445777_7580.JPEG,574,574,golf_ball,0.9471047520637512,"[574, 805, 429, 522, 768]","[""golf_ball"", ""soccer_ball"", ""baseball"", ""croquet_ball"", ""rugby_ball""]","[0.9471047520637512, 0.008854693733155727, 0.007987703196704388, 0.0067186011001467705, 0.002833074890077114]",True,True
b0415,data/raw/imagenette2-320/val/n03445777/n03445777_10760.JPEG,574,574,golf_ball,0.9099939465522766,"[574, 429, 722, 805, 852]","[""golf_ball"", ""baseball"", ""ping-pong_ball"", ""soccer_ball"", ""tennis_ball""]","[0.9099939465522766, 0.0028346439357846975, 0.002202586503699422, 0.0006816965760663152, 0.0006459062569774687]",True,True
b0416,data/raw/imagenette2-320/val/n03445777/n03445777_10632.JPEG,574,574,golf_ball,0.8555102944374084,"[574, 429, 956, 722, 852]","[""golf_ball"", ""baseball"", ""custard_apple"", ""ping-pong_ball"", ""tennis_ball""]","[0.8555102944374084, 0.0017246342031285167, 0.001696369145065546, 0.001566029153764248, 0.0012259141076356173]",True,True
b0417,data/raw/imagenette2-320/val/n03445777/n03445777_7652.JPEG,574,574,golf_ball,0.28150251507759094,"[574, 722, 769, 522, 641]","[""golf_ball"", ""ping-pong_ball"", ""rule"", ""croquet_ball"", ""maraca""]","[0.28150251507759094, 0.2515280246734619, 0.04354851320385933, 0.04307832196354866, 0.011618977412581444]",True,True
b0418,data/raw/imagenette2-320/val/n03445777/n03445777_7691.JPEG,574,574,golf_ball,0.870962917804718,"[574, 429, 722, 852, 805]","[""golf_ball"", ""baseball"", ""ping-pong_ball"", ""tennis_ball"", ""soccer_ball""]","[0.870962917804718, 0.0025811647064983845, 0.0024708339478820562, 0.0014023729600012302, 0.000824351969640702]",True,True
b0419,data/raw/imagenette2-320/val/n03445777/n03445777_11150.JPEG,574,574,golf_ball,0.8001765012741089,"[574, 722, 429, 855, 650]","[""golf_ball"", ""ping-pong_ball"", ""baseball"", ""thimble"", ""microphone""]","[0.8001765012741089, 0.01241233665496111, 0.006659417878836393, 0.004581787623465061, 0.003615504363551736]",True,True
b0420,data/raw/imagenette2-320/val/n03445777/n03445777_3612.JPEG,574,574,golf_ball,0.8966794013977051,"[574, 722, 720, 429, 852]","[""golf_ball"", ""ping-pong_ball"", ""pill_bottle"", ""baseball"", ""tennis_ball""]","[0.8966794013977051, 0.042838070541620255, 0.0055319517850875854, 0.0039614299312233925, 0.0028115452732890844]",True,True
b0421,data/raw/imagenette2-320/val/n03445777/n03445777_3471.JPEG,574,574,golf_ball,0.900815486907959,"[574, 722, 429, 852, 746]","[""golf_ball"", ""ping-pong_ball"", ""baseball"", ""tennis_ball"", ""puck""]","[0.900815486907959, 0.00916597805917263, 0.0020394427701830864, 0.0011394125176593661, 0.0008784802630543709]",True,True
b0422,data/raw/imagenette2-320/val/n03445777/n03445777_16392.JPEG,574,574,golf_ball,0.9216488003730774,"[574, 722, 429, 992, 852]","[""golf_ball"", ""ping-pong_ball"", ""baseball"", ""agaric"", ""tennis_ball""]","[0.9216488003730774, 0.002014729892835021, 0.0010448913089931011, 0.0006519065354950726, 0.0006321173859760165]",True,True
b0423,data/raw/imagenette2-320/val/n03445777/n03445777_8790.JPEG,574,574,golf_ball,0.9034544229507446,"[574, 722, 992, 855, 429]","[""golf_ball"", ""ping-pong_ball"", ""agaric"", ""thimble"", ""baseball""]","[0.9034544229507446, 0.002207141602411866, 0.0009719966910779476, 0.0009249501163139939, 0.0007720704306848347]",True,True
b0424,data/raw/imagenette2-320/val/n03445777/n03445777_11122.JPEG,574,574,golf_ball,0.5772242546081543,"[574, 429, 722, 852, 855]","[""golf_ball"", ""baseball"", ""ping-pong_ball"", ""tennis_ball"", ""thimble""]","[0.5772242546081543, 0.08628207445144653, 0.040686238557100296, 0.026368606835603714, 0.010962950997054577]",True,True
b0425,data/raw/imagenette2-320/val/n03445777/n03445777_4371.JPEG,574,574,golf_ball,0.8401073217391968,"[574, 722, 429, 956, 409]","[""golf_ball"", ""ping-pong_ball"", ""baseball"", ""custard_apple"", ""analog_clock""]","[0.8401073217391968, 0.0035457105841487646, 0.0014913895865902305, 0.0008883617701940238, 0.0007496092584915459]",True,True
b0426,data/raw/imagenette2-320/val/n03445777/n03445777_4930.JPEG,574,574,golf_ball,0.971649169921875,"[574, 722, 852, 429, 522]","[""golf_ball"", ""ping-pong_ball"", ""tennis_ball"", ""baseball"", ""croquet_ball""]","[0.971649169921875, 0.002603003289550543, 0.0013091973960399628, 0.0012323514092713594, 0.0010040568886324763]",True,True
b0427,data/raw/imagenette2-320/val/n03445777/n03445777_13462.JPEG,574,574,golf_ball,0.8282798528671265,"[574, 722, 429, 852, 805]","[""golf_ball"", ""ping-pong_ball"", ""baseball"", ""tennis_ball"", ""soccer_ball""]","[0.8282798528671265, 0.002521376358345151, 0.0024408844765275717, 0.0017278059385716915, 0.001388203352689743]",True,True
b0428,data/raw/imagenette2-320/val/n03445777/n03445777_1971.JPEG,574,574,golf_ball,0.8739379644393921,"[574, 722, 604, 720, 807]","[""golf_ball"", ""ping-pong_ball"", ""hourglass"", ""pill_bottle"", ""solar_dish""]","[0.8739379644393921, 0.005950149614363909, 0.004439037758857012, 0.002034062286838889, 0.001431250129826367]",True,True
b0429,data/raw/imagenette2-320/val/n03445777/n03445777_6360.JPEG,574,574,golf_ball,0.8516277074813843,"[574, 722, 994, 995, 429]","[""golf_ball"", ""ping-pong_ball"", ""stinkhorn"", ""earthstar"", ""baseball""]","[0.8516277074813843, 0.039040457457304, 0.018107108771800995, 0.014927001670002937, 0.011717275716364384]",True,True
b0430,data/raw/imagenette2-320/val/n03445777/n03445777_3410.JPEG,574,574,golf_ball,0.8784359097480774,"[574, 722, 429, 81, 409]","[""golf_ball"", ""ping-pong_ball"", ""baseball"", ""ptarmigan"", ""analog_clock""]","[0.8784359097480774, 0.004076789133250713, 0.001274355687201023, 0.0007125017000362277, 0.0006582368514500558]",True,True
b0431,data/raw/imagenette2-320/val/n03445777/n03445777_2251.JPEG,574,574,golf_ball,0.741153359413147,"[574, 522, 621, 981, 176]","[""golf_ball"", ""croquet_ball"", ""lawn_mower"", ""ballplayer"", ""Saluki""]","[0.741153359413147, 0.24354416131973267, 0.0019270962802693248, 0.0008192536770366132, 0.0006653660675510764]",True,True
b0432,data/raw/imagenette2-320/val/n03445777/n03445777_1962.JPEG,574,574,golf_ball,0.9564477205276489,"[574, 722, 429, 647, 855]","[""golf_ball"", ""ping-pong_ball"", ""baseball"", ""measuring_cup"", ""thimble""]","[0.9564477205276489, 0.00383197795599699, 0.0016316064866259694, 0.0010618442902341485, 0.0007436134619638324]",True,True
b0433,data/raw/imagenette2-320/val/n03445777/n03445777_5590.JPEG,574,574,golf_ball,0.9908398985862732,"[574, 949, 722, 807, 956]","[""golf_ball"", ""strawberry"", ""ping-pong_ball"", ""solar_dish"", ""custard_apple""]","[0.9908398985862732, 0.0007948451093398035, 0.0005336372996680439, 0.0002898380917031318, 0.00020788758411072195]",True,True
b0434,data/raw/imagenette2-320/val/n03445777/n03445777_13490.JPEG,574,574,golf_ball,0.8967956900596619,"[574, 722, 429, 852, 805]","[""golf_ball"", ""ping-pong_ball"", ""baseball"", ""tennis_ball"", ""soccer_ball""]","[0.8967956900596619, 0.0038028599228709936, 0.0015293200267478824, 0.0008573436643928289, 0.0006263882387429476]",True,True
b0435,data/raw/imagenette2-320/val/n03445777/n03445777_7011.JPEG,574,574,golf_ball,0.8336002826690674,"[574, 722, 429, 852, 409]","[""golf_ball"", ""ping-pong_ball"", ""baseball"", ""tennis_ball"", ""analog_clock""]","[0.8336002826690674, 0.003293001325801015, 0.0017634850228205323, 0.0008768650004640222, 0.000771803839597851]",True,True
b0436,data/raw/imagenette2-320/val/n03445777/n03445777_9740.JPEG,574,574,golf_ball,0.9207796454429626,"[574, 722, 956, 992, 852]","[""golf_ball"", ""ping-pong_ball"", ""custard_apple"", ""agaric"", ""tennis_ball""]","[0.9207796454429626, 0.002572426339611411, 0.0006249911966733634, 0.0005194754339754581, 0.0005176355480216444]",True,True
b0437,data/raw/imagenette2-320/val/n03445777/n03445777_7181.JPEG,574,574,golf_ball,0.9047716856002808,"[574, 722, 429, 992, 852]","[""golf_ball"", ""ping-pong_ball"", ""baseball"", ""agaric"", ""tennis_ball""]","[0.9047716856002808, 0.0032467420678585768, 0.0021682381629943848, 0.0007494952878914773, 0.0004539682122413069]",True,True
b0438,data/raw/imagenette2-320/val/n03445777/n03445777_5812.JPEG,574,574,golf_ball,0.9062260985374451,"[574, 429, 722, 956, 805]","[""golf_ball"", ""baseball"", ""ping-pong_ball"", ""custard_apple"", ""soccer_ball""]","[0.9062260985374451, 0.0017174751264974475, 0.001477971556596458, 0.0011179165448993444, 0.0005448638112284243]",True,True
b0439,data/raw/imagenette2-320/val/n03445777/n03445777_18631.JPEG,574,574,golf_ball,0.9147756695747375,"[574, 429, 722, 852, 805]","[""golf_ball"", ""baseball"", ""ping-pong_ball"", ""tennis_ball"", ""soccer_ball""]","[0.9147756695747375, 0.0036448438186198473, 0.0012696949997916818, 0.0010456714080646634, 0.0009450651123188436]",True,True
b0440,data/raw/imagenette2-320/val/n03445777/n03445777_5031.JPEG,574,574,golf_ball,0.8407084941864014,"[574, 429, 722, 852, 805]","[""golf_ball"", ""baseball"", ""ping-pong_ball"", ""tennis_ball"", ""soccer_ball""]","[0.8407084941864014, 0.003524745348840952, 0.002970949513837695, 0.0013199914246797562, 0.0011182250455021858]",True,True
b0441,data/raw/imagenette2-320/val/n03445777/n03445777_7372.JPEG,574,574,golf_ball,0.8494731783866882,"[574, 722, 429, 852, 409]","[""golf_ball"", ""ping-pong_ball"", ""baseball"", ""tennis_ball"", ""analog_clock""]","[0.8494731783866882, 0.004968998953700066, 0.002397020347416401, 0.0010018660686910152, 0.0009723688708618283]",True,True
b0442,data/raw/imagenette2-320/val/n03445777/n03445777_832.JPEG,574,574,golf_ball,0.9139037132263184,"[574, 722, 429, 992, 805]","[""golf_ball"", ""ping-pong_ball"", ""baseball"", ""agaric"", ""soccer_ball""]","[0.9139037132263184, 0.0023205019533634186, 0.001078231493011117, 0.0005329243140295148, 0.000413893983932212]",True,True
b0443,data/raw/imagenette2-320/val/n03445777/n03445777_6451.JPEG,574,574,golf_ball,0.9678671360015869,"[574, 522, 363, 852, 429]","[""golf_ball"", ""croquet_ball"", ""armadillo"", ""tennis_ball"", ""baseball""]","[0.9678671360015869, 0.001167639740742743, 0.0005370815051719546, 0.0003170135023538023, 0.0002676814910955727]",True,True
b0444,data/raw/imagenette2-320/val/n03445777/n03445777_3992.JPEG,574,574,golf_ball,0.9604049324989319,"[574, 429, 722, 855, 852]","[""golf_ball"", ""baseball"", ""ping-pong_ball"", ""thimble"", ""tennis_ball""]","[0.9604049324989319, 0.0030059271957725286, 0.0029102773405611515, 0.000795845640823245, 0.00038467629929073155]",True,True
b0445,data/raw/imagenette2-320/val/n03445777/n03445777_10550.JPEG,574,574,golf_ball,0.913749098777771,"[574, 722, 429, 805, 852]","[""golf_ball"", ""ping-pong_ball"", ""baseball"", ""soccer_ball"", ""tennis_ball""]","[0.913749098777771, 0.0015807081945240498, 0.0014347261749207973, 0.0006632369477301836, 0.0005179444560781121]",True,True
b0446,data/raw/imagenette2-320/val/n03445777/n03445777_1292.JPEG,574,574,golf_ball,0.8770047426223755,"[574, 852, 429, 722, 956]","[""golf_ball"", ""tennis_ball"", ""baseball"", ""ping-pong_ball"", ""custard_apple""]","[0.8770047426223755, 0.007234105374664068, 0.0017445470439270139, 0.0014391560107469559, 0.0011625407496467233]",True,True
b0447,data/raw/imagenette2-320/val/n03445777/n03445777_1291.JPEG,574,574,golf_ball,0.964450478553772,"[574, 429, 722, 855, 590]","[""golf_ball"", ""baseball"", ""ping-pong_ball"", ""thimble"", ""hand-held_computer""]","[0.964450478553772, 0.0054120090790092945, 0.0023353369906544685, 0.0002604805922601372, 0.0002513049985282123]",True,True
b0448,data/raw/imagenette2-320/val/n03445777/ILSVRC2012_val_00008161.JPEG,574,574,golf_ball,0.7538298964500427,"[574, 522, 981, 852, 805]","[""golf_ball"", ""croquet_ball"", ""ballplayer"", ""tennis_ball"", ""soccer_ball""]","[0.7538298964500427, 0.041049327701330185, 0.026455193758010864, 0.02411062829196453, 0.02303915098309517]",True,True
b0449,data/raw/imagenette2-320/val/n03445777/n03445777_3421.JPEG,574,574,golf_ball,0.9559434056282043,"[574, 429, 522, 805, 722]","[""golf_ball"", ""baseball"", ""croquet_ball"", ""soccer_ball"", ""ping-pong_ball""]","[0.9559434056282043, 0.02192612923681736, 0.00561842555180192, 0.0019255747320130467, 0.0017383488593623042]",True,True
b0450,data/raw/imagenette2-320/val/n03888257/n03888257_850.JPEG,701,701,parachute,0.882202684879303,"[701, 417, 405, 970, 795]","[""parachute"", ""balloon"", ""airship"", ""alp"", ""ski""]","[0.882202684879303, 0.0017297983868047595, 0.0011868351139128208, 0.000798048684373498, 0.000600608647800982]",True,True
b0451,data/raw/imagenette2-320/val/n03888257/n03888257_9371.JPEG,701,701,parachute,0.3562890291213989,"[701, 672, 472, 980, 970]","[""parachute"", ""mountain_tent"", ""canoe"", ""volcano"", ""alp""]","[0.3562890291213989, 0.13757023215293884, 0.10456253588199615, 0.04530015215277672, 0.04317847639322281]",True,True
b0452,data/raw/imagenette2-320/val/n03888257/n03888257_13100.JPEG,701,701,parachute,0.9272851347923279,"[701, 843, 795, 602, 702]","[""parachute"", ""swing"", ""ski"", ""horizontal_bar"", ""parallel_bars""]","[0.9272851347923279, 0.038076162338256836, 0.020202144980430603, 0.003182042157277465, 0.0008670574170537293]",True,True
b0453,data/raw/imagenette2-320/val/n03888257/n03888257_15312.JPEG,701,701,parachute,0.643375813961029,"[701, 417, 405, 908, 600]","[""parachute"", ""balloon"", ""airship"", ""wing"", ""hook""]","[0.643375813961029, 0.14950214326381683, 0.0068843853659927845, 0.0018474047537893057, 0.0014674633275717497]",True,True
b0454,data/raw/imagenette2-320/val/n03888257/n03888257_13072.JPEG,701,701,parachute,0.7981093525886536,"[701, 805, 621, 830, 176]","[""parachute"", ""soccer_ball"", ""lawn_mower"", ""stretcher"", ""Saluki""]","[0.7981093525886536, 0.014234988018870354, 0.013548972085118294, 0.006382764782756567, 0.004712585359811783]",True,True
b0455,data/raw/imagenette2-320/val/n03888257/n03888257_4580.JPEG,701,701,parachute,0.9662915468215942,"[701, 895, 657, 744, 417]","[""parachute"", ""warplane"", ""missile"", ""projectile"", ""balloon""]","[0.9662915468215942, 0.007541967090219259, 0.002520575188100338, 0.002189627615734935, 0.0013823597691953182]",True,True
b0456,data/raw/imagenette2-320/val/n03888257/n03888257_31301.JPEG,701,701,parachute,0.8684626221656799,"[701, 417, 433, 484, 148]","[""parachute"", ""balloon"", ""bathing_cap"", ""catamaran"", ""killer_whale""]","[0.8684626221656799, 0.013212550431489944, 0.0009017332340590656, 0.0008796748006716371, 0.0008331254939548671]",True,True
b0457,data/raw/imagenette2-320/val/n03888257/n03888257_34320.JPEG,701,701,parachute,0.938787579536438,"[701, 557, 417, 405, 879]","[""parachute"", ""flagpole"", ""balloon"", ""airship"", ""umbrella""]","[0.938787579536438, 0.008121209219098091, 0.004703720100224018, 0.0012475817929953337, 0.000537375861313194]",True,True
b0458,data/raw/imagenette2-320/val/n03888257/n03888257_12400.JPEG,701,701,parachute,0.933233380317688,"[701, 405, 417, 895, 795]","[""parachute"", ""airship"", ""balloon"", ""warplane"", ""ski""]","[0.933233380317688, 0.0022007739171385765, 0.0015362421981990337, 0.0013692983193323016, 0.0012488196371123195]",True,True
b0459,data/raw/imagenette2-320/val/n03888257/n03888257_30691.JPEG,701,701,parachute,0.8538596034049988,"[701, 417, 557, 843, 405]","[""parachute"", ""balloon"", ""flagpole"", ""swing"", ""airship""]","[0.8538596034049988, 0.006238420493900776, 0.004424226004630327, 0.002752970438450575, 0.0025806454941630363]",True,True
b0460,data/raw/imagenette2-320/val/n03888257/n03888257_4311.JPEG,701,701,parachute,0.8552393317222595,"[701, 417, 879, 405, 807]","[""parachute"", ""balloon"", ""umbrella"", ""airship"", ""solar_dish""]","[0.8552393317222595, 0.08846009522676468, 0.006909416057169437, 0.0021356181241571903, 0.0017871287418529391]",True,True
b0461,data/raw/imagenette2-320/val/n03888257/n03888257_19792.JPEG,701,701,parachute,0.844813883304596,"[701, 417, 405, 970, 594]","[""parachute"", ""balloon"", ""airship"", ""alp"", ""harp""]","[0.844813883304596, 0.009673122316598892, 0.0014089075848460197, 0.0009056439157575369, 0.0006643692031502724]",True,True
b0462,data/raw/imagenette2-320/val/n03888257/n03888257_15491.JPEG,701,701,parachute,0.8289533257484436,"[701, 978, 417, 972, 976]","[""parachute"", ""seashore"", ""balloon"", ""cliff"", ""promontory""]","[0.8289533257484436, 0.009169583208858967, 0.005086797289550304, 0.0044743819162249565, 0.0032505241688340902]",True,True
b0463,data/raw/imagenette2-320/val/n03888257/ILSVRC2012_val_00042262.JPEG,701,701,parachute,0.9144071936607361,"[701, 417, 405, 557, 21]","[""parachute"", ""balloon"", ""airship"", ""flagpole"", ""kite""]","[0.9144071936607361, 0.002736074384301901, 0.0020879122894257307, 0.0009074187255464494, 0.0005449735908769071]",True,True
b0464,data/raw/imagenette2-320/val/n03888257/n03888257_22061.JPEG,701,701,parachute,0.8006230592727661,"[701, 417, 672, 879, 255]","[""parachute"", ""balloon"", ""mountain_tent"", ""umbrella"", ""Leonberg""]","[0.8006230592727661, 0.03683380410075188, 0.022154610604047775, 0.014011942781507969, 0.003214059164747596]",True,True
b0465,data/raw/imagenette2-320/val/n03888257/n03888257_9770.JPEG,701,895,warplane,0.6072755455970764,"[895, 908, 404, 405, 701]","[""warplane"", ""wing"", ""airliner"", ""airship"", ""parachute""]","[0.6072755455970764, 0.1083269864320755, 0.0866498127579689, 0.05299413949251175, 0.021511735394597054]",False,True
b0466,data/raw/imagenette2-320/val/n03888257/n03888257_2791.JPEG,701,701,parachute,0.7780524492263794,"[701, 417, 557, 405, 970]","[""parachute"", ""balloon"", ""flagpole"", ""airship"", ""alp""]","[0.7780524492263794, 0.005473966710269451, 0.0031414011027663946, 0.0025896562729030848, 0.0008223244803957641]",True,True
b0467,data/raw/imagenette2-320/val/n03888257/n03888257_12301.JPEG,701,701,parachute,0.16576597094535828,"[701, 980, 972, 437, 405]","[""parachute"", ""volcano"", ""cliff"", ""beacon"", ""airship""]","[0.16576597094535828, 0.0942748486995697, 0.05547076836228371, 0.05381666496396065, 0.051970381289720535]",True,True
b0468,data/raw/imagenette2-320/val/n03888257/n03888257_19260.JPEG,701,701,parachute,0.8814380764961243,"[701, 417, 557, 879, 405]","[""parachute"", ""balloon"", ""flagpole"", ""umbrella"", ""airship""]","[0.8814380764961243, 0.003917935770004988, 0.0021876886021345854, 0.0012124853674322367, 0.000758343783672899]",True,True
b0469,data/raw/imagenette2-320/val/n03888257/n03888257_7130.JPEG,701,701,parachute,0.753158450126648,"[701, 417, 405, 557, 21]","[""parachute"", ""balloon"", ""airship"", ""flagpole"", ""kite""]","[0.753158450126648, 0.04193471372127533, 0.006311601959168911, 0.0022116266191005707, 0.0011612455127760768]",True,True
b0470,data/raw/imagenette2-320/val/n03888257/n03888257_9932.JPEG,701,447,binoculars,0.09295393526554108,"[447, 401, 405, 880, 403]","[""binoculars"", ""accordion"", ""airship"", ""unicycle"", ""aircraft_carrier""]","[0.09295393526554108, 0.06699956953525543, 0.057097360491752625, 0.035496603697538376, 0.025601135566830635]",False,False
b0471,data/raw/imagenette2-320/val/n03888257/n03888257_6230.JPEG,701,701,parachute,0.7248532772064209,"[701, 405, 417, 619, 846]","[""parachute"", ""airship"", ""balloon"", ""lampshade"", ""table_lamp""]","[0.7248532772064209, 0.02052551507949829, 0.01630081608891487, 0.015469464473426342, 0.013666316866874695]",True,True
b0472,data/raw/imagenette2-320/val/n03888257/n03888257_36971.JPEG,701,701,parachute,0.9215715527534485,"[701, 417, 977, 978, 405]","[""parachute"", ""balloon"", ""sandbar"", ""seashore"", ""airship""]","[0.9215715527534485, 0.0032847628463059664, 0.0030922344885766506, 0.0028310255147516727, 0.00218190997838974]",True,True
b0473,data/raw/imagenette2-320/val/n03888257/n03888257_32391.JPEG,701,701,parachute,0.9597740769386292,"[701, 557, 417, 405, 832]","[""parachute"", ""flagpole"", ""balloon"", ""airship"", ""stupa""]","[0.9597740769386292, 0.001697978819720447, 0.0011685886420309544, 0.00030611822148784995, 0.00021592731354758143]",True,True
b0474,data/raw/imagenette2-320/val/n03888257/n03888257_11450.JPEG,701,701,parachute,0.5923390984535217,"[701, 669, 619, 456, 733]","[""parachute"", ""mosquito_net"", ""lampshade"", ""bow"", ""pole""]","[0.5923390984535217, 0.04737580567598343, 0.03657432273030281, 0.03138906508684158, 0.025714373216032982]",True,True
b0475,data/raw/imagenette2-320/val/n03888257/ILSVRC2012_val_00044850.JPEG,701,701,parachute,0.891575276851654,"[701, 417, 879, 405, 557]","[""parachute"", ""balloon"", ""umbrella"", ""airship"", ""flagpole""]","[0.891575276851654, 0.005531554576009512, 0.0015835819067433476, 0.0010026056552305818, 0.0006847646436654031]",True,True
b0476,data/raw/imagenette2-320/val/n03888257/n03888257_4512.JPEG,701,701,parachute,0.8397547006607056,"[701, 417, 405, 557, 908]","[""parachute"", ""balloon"", ""airship"", ""flagpole"", ""wing""]","[0.8397547006607056, 0.02180412784218788, 0.003949595615267754, 0.0034071141853928566, 0.002331159543246031]",True,True
b0477,data/raw/imagenette2-320/val/n03888257/n03888257_9640.JPEG,701,701,parachute,0.9596284031867981,"[701, 795, 796, 557, 843]","[""parachute"", ""ski"", ""ski_mask"", ""flagpole"", ""swing""]","[0.9596284031867981, 0.014258971437811852, 0.0015656055184081197, 0.0013376533752307296, 0.0011408851714804769]",True,True
b0478,data/raw/imagenette2-320/val/n03888257/n03888257_10680.JPEG,701,701,parachute,0.8401125073432922,"[701, 417, 972, 405, 557]","[""parachute"", ""balloon"", ""cliff"", ""airship"", ""flagpole""]","[0.8401125073432922, 0.011990700848400593, 0.0012525484198704362, 0.0011101372074335814, 0.0007214781944639981]",True,True
b0479,data/raw/imagenette2-320/val/n03888257/n03888257_28011.JPEG,701,701,parachute,0.9214004278182983,"[701, 417, 895, 405, 557]","[""parachute"", ""balloon"", ""warplane"", ""airship"", ""flagpole""]","[0.9214004278182983, 0.008222300559282303, 0.006660575047135353, 0.006196531932801008, 0.002324522938579321]",True,True
b0480,data/raw/imagenette2-320/val/n03888257/n03888257_19960.JPEG,701,701,parachute,0.8311261534690857,"[701, 417, 978, 405, 972]","[""parachute"", ""balloon"", ""seashore"", ""airship"", ""cliff""]","[0.8311261534690857, 0.011464941315352917, 0.0024147804360836744, 0.0015915528638288379, 0.0014508925378322601]",True,True
b0481,data/raw/imagenette2-320/val/n03888257/n03888257_4952.JPEG,701,701,parachute,0.9874961376190186,"[701, 417, 795, 972, 879]","[""parachute"", ""balloon"", ""ski"", ""cliff"", ""umbrella""]","[0.9874961376190186, 0.0010584868723526597, 0.00014845588884782046, 0.0001159662933787331, 0.0001104000912164338]",True,True
b0482,data/raw/imagenette2-320/val/n03888257/n03888257_2760.JPEG,701,417,balloon,0.6045966744422913,"[417, 701, 807, 890, 405]","[""balloon"", ""parachute"", ""solar_dish"", ""volleyball"", ""airship""]","[0.6045966744422913, 0.18480148911476135, 0.009750225581228733, 0.0053983936086297035, 0.004386921413242817]",False,True
b0483,data/raw/imagenette2-320/val/n03888257/n03888257_6541.JPEG,701,701,parachute,0.893779456615448,"[701, 417, 484, 405, 978]","[""parachute"", ""balloon"", ""catamaran"", ""airship"", ""seashore""]","[0.893779456615448, 0.02415645122528076, 0.006200594827532768, 0.0023955884389579296, 0.0014297940069809556]",True,True
b0484,data/raw/imagenette2-320/val/n03888257/n03888257_19570.JPEG,701,701,parachute,0.8564957976341248,"[701, 417, 405, 619, 755]","[""parachute"", ""balloon"", ""airship"", ""lampshade"", ""radio_telescope""]","[0.8564957976341248, 0.017118696123361588, 0.0015050487127155066, 0.0007491695578210056, 0.0005640222225338221]",True,True
b0485,data/raw/imagenette2-320/val/n03888257/n03888257_17340.JPEG,701,701,parachute,0.5153848528862,"[701, 728, 807, 978, 417]","[""parachute"", ""plastic_bag"", ""solar_dish"", ""seashore"", ""balloon""]","[0.5153848528862, 0.13028235733509064, 0.07808265089988708, 0.021011510863900185, 0.016843147575855255]",True,True
b0486,data/raw/imagenette2-320/val/n03888257/n03888257_3651.JPEG,701,701,parachute,0.5895475745201111,"[701, 795, 802, 895, 970]","[""parachute"", ""ski"", ""snowmobile"", ""warplane"", ""alp""]","[0.5895475745201111, 0.09180078655481339, 0.0401582196354866, 0.02364005148410797, 0.020260056480765343]",True,True
b0487,data/raw/imagenette2-320/val/n03888257/n03888257_42680.JPEG,701,701,parachute,0.9462832808494568,"[701, 417, 895, 404, 540]","[""parachute"", ""balloon"", ""warplane"", ""airliner"", ""drilling_platform""]","[0.9462832808494568, 0.001954774372279644, 0.0017866994021460414, 0.0017628684872761369, 0.0015099571319296956]",True,True
b0488,data/raw/imagenette2-320/val/n03888257/n03888257_17851.JPEG,701,701,parachute,0.9360977411270142,"[701, 856, 728, 797, 830]","[""parachute"", ""thresher"", ""plastic_bag"", ""sleeping_bag"", ""stretcher""]","[0.9360977411270142, 0.011892382986843586, 0.006680326536297798, 0.004200178664177656, 0.0033518564887344837]",True,True
b0489,data/raw/imagenette2-320/val/n03888257/n03888257_35020.JPEG,701,701,parachute,0.8570730686187744,"[701, 417, 405, 557, 795]","[""parachute"", ""balloon"", ""airship"", ""flagpole"", ""ski""]","[0.8570730686187744, 0.019855467602610588, 0.0022774741519242525, 0.0011074262438341975, 0.00046217304770834744]",True,True
b0490,data/raw/imagenette2-320/val/n03888257/n03888257_3632.JPEG,701,701,parachute,0.9661439061164856,"[701, 405, 557, 21, 978]","[""parachute"", ""airship"", ""flagpole"", ""kite"", ""seashore""]","[0.9661439061164856, 0.0004990428569726646, 0.00039217647281475365, 0.0003897896967828274, 0.00038852193392813206]",True,True
b0491,data/raw/imagenette2-320/val/n03888257/n03888257_22302.JPEG,701,701,parachute,0.8118913173675537,"[701, 417, 405, 557, 619]","[""parachute"", ""balloon"", ""airship"", ""flagpole"", ""lampshade""]","[0.8118913173675537, 0.03750009089708328, 0.0030160010792315006, 0.0008203557226806879, 0.0007042376091703773]",True,True
b0492,data/raw/imagenette2-320/val/n03888257/n03888257_5812.JPEG,701,701,parachute,0.972437858581543,"[701, 417, 405, 96, 562]","[""parachute"", ""balloon"", ""airship"", ""toucan"", ""fountain""]","[0.972437858581543, 0.0016872492851689458, 0.0008005160489119589, 0.00025744253071025014, 0.00021331787866074592]",True,True
b0493,data/raw/imagenette2-320/val/n03888257/n03888257_12641.JPEG,701,895,warplane,0.6208199858665466,"[895, 404, 403, 908, 812]","[""warplane"", ""airliner"", ""aircraft_carrier"", ""wing"", ""space_shuttle""]","[0.6208199858665466, 0.048160940408706665, 0.04467169940471649, 0.042257342487573624, 0.035852670669555664]",False,False
b0494,data/raw/imagenette2-320/val/n03888257/n03888257_17421.JPEG,701,701,parachute,0.809624195098877,"[701, 557, 405, 417, 733]","[""parachute"", ""flagpole"", ""airship"", ""balloon"", ""pole""]","[0.809624195098877, 0.05210091173648834, 0.0038202982395887375, 0.002894459292292595, 0.0014352655271068215]",True,True
b0495,data/raw/imagenette2-320/val/n03888257/n03888257_36541.JPEG,701,701,parachute,0.8885462880134583,"[701, 417, 405, 404, 895]","[""parachute"", ""balloon"", ""airship"", ""airliner"", ""warplane""]","[0.8885462880134583, 0.009820211678743362, 0.008243702352046967, 0.0013615353964269161, 0.0009226223919540644]",True,True
b0496,data/raw/imagenette2-320/val/n03888257/n03888257_38102.JPEG,701,701,parachute,0.9059963226318359,"[701, 417, 405, 998, 619]","[""parachute"", ""balloon"", ""airship"", ""ear"", ""lampshade""]","[0.9059963226318359, 0.0022521382197737694, 0.0012316678185015917, 0.0008955490775406361, 0.0005346665275283158]",True,True
b0497,data/raw/imagenette2-320/val/n03888257/n03888257_7011.JPEG,701,701,parachute,0.23520779609680176,"[701, 417, 405, 404, 895]","[""parachute"", ""balloon"", ""airship"", ""airliner"", ""warplane""]","[0.23520779609680176, 0.15025387704372406, 0.07308657467365265, 0.05598827451467514, 0.051758624613285065]",True,True
b0498,data/raw/imagenette2-320/val/n03888257/n03888257_29090.JPEG,701,701,parachute,0.5750215649604797,"[701, 728, 644, 107, 807]","[""parachute"", ""plastic_bag"", ""matchstick"", ""jellyfish"", ""solar_dish""]","[0.5750215649604797, 0.11182491481304169, 0.018270747736096382, 0.013849451206624508, 0.011078604497015476]",True,True
b0499,data/raw/imagenette2-320/val/n03888257/n03888257_70632.JPEG,701,701,parachute,0.8954758048057556,"[701, 879, 405, 417, 431]","[""parachute"", ""umbrella"", ""airship"", ""balloon"", ""bassinet""]","[0.8954758048057556, 0.016285104677081108, 0.008364928886294365, 0.005619440693408251, 0.0018087001517415047]",True,True
