sample_id,relative_path,ground_truth_index,predicted_top1_index,predicted_top1_class,predicted_top1_probability,top5_indices,top5_classes,top5_probabilities,top1_correct,top5_correct
b0000,data/raw/imagenette2-320/val/n01440764/n01440764_1310.JPEG,0,0,tench,0.172637477517128,"[0, 397, 392, 394, 29]","[""tench"", ""puffer"", ""rock_beauty"", ""sturgeon"", ""axolotl""]","[0.172637477517128, 0.07700133323669434, 0.04864666610956192, 0.03656970337033272, 0.02673482894897461]",True,True
b0001,data/raw/imagenette2-320/val/n01440764/n01440764_14190.JPEG,0,389,barracouta,0.4449448883533478,"[389, 395, 394, 390, 3]","[""barracouta"", ""gar"", ""sturgeon"", ""eel"", ""tiger_shark""]","[0.4449448883533478, 0.18002833425998688, 0.16382335126399994, 0.01099933311343193, 0.007816077210009098]",False,False
b0002,data/raw/imagenette2-320/val/n01440764/n01440764_8622.JPEG,0,0,tench,0.9125513434410095,"[0, 389, 391, 1, 392]","[""tench"", ""barracouta"", ""coho"", ""goldfish"", ""rock_beauty""]","[0.9125513434410095, 0.006518274545669556, 0.0034523624926805496, 0.0033632093109190464, 0.002115642186254263]",True,True
b0003,data/raw/imagenette2-320/val/n01440764/n01440764_6052.JPEG,0,0,tench,0.6058611273765564,"[0, 389, 394, 987, 998]","[""tench"", ""barracouta"", ""sturgeon"", ""corn"", ""ear""]","[0.6058611273765564, 0.0547240786254406, 0.014300081878900528, 0.008978708647191525, 0.008075324818491936]",True,True
b0004,data/raw/imagenette2-320/val/n01440764/n01440764_8250.JPEG,0,0,tench,0.7729783654212952,"[0, 389, 391, 996, 172]","[""tench"", ""barracouta"", ""coho"", ""hen-of-the-woods"", ""whippet""]","[0.7729783654212952, 0.03066127747297287, 0.028107956051826477, 0.005860787816345692, 0.00453499611467123]",True,True
b0005,data/raw/imagenette2-320/val/n01440764/n01440764_6550.JPEG,0,0,tench,0.8659765124320984,"[0, 391, 389, 103, 394]","[""tench"", ""coho"", ""barracouta"", ""platypus"", ""sturgeon""]","[0.8659765124320984, 0.005670488346368074, 0.004390076734125614, 0.0026611587963998318, 0.001409216201864183]",True,True
b0006,data/raw/imagenette2-320/val/n01440764/n01440764_4512.JPEG,0,0,tench,0.39866504073143005,"[0, 389, 1, 394, 391]","[""tench"", ""barracouta"", ""goldfish"", ""sturgeon"", ""coho""]","[0.39866504073143005, 0.03362264484167099, 0.024443455040454865, 0.020006660372018814, 0.019072063267230988]",True,True
b0007,data/raw/imagenette2-320/val/n01440764/n01440764_13251.JPEG,0,0,tench,0.7912649512290955,"[0, 389, 391, 395, 394]","[""tench"", ""barracouta"", ""coho"", ""gar"", ""sturgeon""]","[0.7912649512290955, 0.01693197526037693, 0.008967911824584007, 0.002809166209772229, 0.0015817541861906648]",True,True
b0008,data/raw/imagenette2-320/val/n01440764/n01440764_12021.JPEG,0,0,tench,0.7884985208511353,"[0, 389, 391, 955, 632]","[""tench"", ""barracouta"", ""coho"", ""jackfruit"", ""loudspeaker""]","[0.7884985208511353, 0.006918659433722496, 0.0018458092818036675, 0.0015905284089967608, 0.0014630189398303628]",True,True
b0009,data/raw/imagenette2-320/val/n01440764/n01440764_3011.JPEG,0,0,tench,0.9057589769363403,"[0, 389, 391, 394, 103]","[""tench"", ""barracouta"", ""coho"", ""sturgeon"", ""platypus""]","[0.9057589769363403, 0.011198067106306553, 0.006802849005907774, 0.0013762649614363909, 0.0012223466765135527]",True,True
b0010,data/raw/imagenette2-320/val/n01440764/n01440764_20650.JPEG,0,0,tench,0.9612480401992798,"[0, 391, 389, 830, 394]","[""tench"", ""coho"", ""barracouta"", ""stretcher"", ""sturgeon""]","[0.9612480401992798, 0.01166775356978178, 0.00598614476621151, 0.0018338829977437854, 0.000967907952144742]",True,True
b0011,data/raw/imagenette2-320/val/n01440764/n01440764_11570.JPEG,0,0,tench,0.828605055809021,"[0, 391, 394, 1, 34]","[""tench"", ""coho"", ""sturgeon"", ""goldfish"", ""leatherback_turtle""]","[0.828605055809021, 0.0686107873916626, 0.01592090167105198, 0.015834705904126167, 0.0037297699600458145]",True,True
b0012,data/raw/imagenette2-320/val/n01440764/n01440764_13452.JPEG,0,0,tench,0.9650774002075195,"[0, 389, 391, 103, 394]","[""tench"", ""barracouta"", ""coho"", ""platypus"", ""sturgeon""]","[0.9650774002075195, 0.006436586380004883, 0.0012187394313514233, 0.0011354819871485233, 0.0011146131437271833]",True,True
b0013,data/raw/imagenette2-320/val/n01440764/n01440764_9572.JPEG,0,0,tench,0.6988345384597778,"[0, 391, 394, 118, 351]","[""tench"", ""coho"", ""sturgeon"", ""Dungeness_crab"", ""hartebeest""]","[0.6988345384597778, 0.03580515831708908, 0.017665335908532143, 0.009025375358760357, 0.007646472658962011]",True,True
b0014,data/raw/imagenette2-320/val/n01440764/n01440764_12881.JPEG,0,0,tench,0.6601513624191284,"[0, 389, 391, 394, 395]","[""tench"", ""barracouta"", ""coho"", ""sturgeon"", ""gar""]","[0.6601513624191284, 0.03951459005475044, 0.004958173260092735, 0.0039533996023237705, 0.003302238183096051]",True,True
b0015,data/raw/imagenette2-320/val/n01440764/n01440764_8451.JPEG,0,0,tench,0.7462958097457886,"[0, 389, 391, 1, 395]","[""tench"", ""barracouta"", ""coho"", ""goldfish"", ""gar""]","[0.7462958097457886, 0.051237620413303375, 0.009058625437319279, 0.0029457067139446735, 0.0026495156344026327]",True,True
b0016,data/raw/imagenette2-320/val/n01440764/n01440764_7040.JPEG,0,0,tench,0.25908347964286804,"[0, 391, 394, 33, 389]","[""tench"", ""coho"", ""sturgeon"", ""loggerhead"", ""barracouta""]","[0.25908347964286804, 0.10386472195386887, 0.04467662051320076, 0.02890017442405224, 0.02874690294265747]",True,True
b0017,data/raw/imagenette2-320/val/n01440764/n01440764_30782.JPEG,0,113,snail,0.545463502407074,"[113, 0, 112, 36, 114]","[""snail"", ""tench"", ""conch"", ""terrapin"", ""slug""]","[0.545463502407074, 0.05924028530716896, 0.04919538274407387, 0.0184503011405468, 0.0158352293074131]",False,True
b0018,data/raw/imagenette2-320/val/n01440764/n01440764_3432.JPEG,0,0,tench,0.5805227160453796,"[0, 389, 394, 395, 1]","[""tench"", ""barracouta"", ""sturgeon"", ""gar"", ""goldfish""]","[0.5805227160453796, 0.1466740369796753, 0.012793893925845623, 0.007081880699843168, 0.0022913820575922728]",True,True
b0019,data/raw/imagenette2-320/val/n01440764/n01440764_7142.JPEG,0,0,tench,0.8719241619110107,"[0, 389, 394, 391, 116]","[""tench"", ""barracouta"", ""sturgeon"", ""coho"", ""chiton""]","[0.8719241619110107, 0.018657971173524857, 0.0019992152228951454, 0.0011011020978912711, 0.0006914397235959768]",True,True
b0020,data/raw/imagenette2-320/val/n01440764/n01440764_4341.JPEG,0,0,tench,0.8902786374092102,"[0, 103, 1, 389, 26]","[""tench"", ""platypus"", ""goldfish"", ""barracouta"", ""common_newt""]","[0.8902786374092102, 0.026296241208910942, 0.0032811248674988747, 0.0026075742207467556, 0.0019147952552884817]",True,True
b0021,data/raw/imagenette2-320/val/n01440764/n01440764_752.JPEG,0,0,tench,0.718468427658081,"[0, 389, 394, 391, 632]","[""tench"", ""barracouta"", ""sturgeon"", ""coho"", ""loudspeaker""]","[0.718468427658081, 0.04015504568815231, 0.014784603379666805, 0.004704596940428019, 0.001753818360157311]",True,True
b0022,data/raw/imagenette2-320/val/n01440764/n01440764_6751.JPEG,0,0,tench,0.9318438172340393,"[0, 395, 389, 391, 1]","[""tench"", ""gar"", ""barracouta"", ""coho"", ""goldfish""]","[0.9318438172340393, 0.013038781471550465, 0.006656081881374121, 0.003775585675612092, 0.003206698689609766]",True,True
b0023,data/raw/imagenette2-320/val/n01440764/n01440764_20592.JPEG,0,0,tench,0.9886829257011414,"[0, 389, 390, 391, 394]","[""tench"", ""barracouta"", ""eel"", ""coho"", ""sturgeon""]","[0.9886829257011414, 0.002524665789678693, 0.0009052284294739366, 0.0007725606556050479, 0.0007065547979436815]",True,True
b0024,data/raw/imagenette2-320/val/n01440764/n01440764_26541.JPEG,0,0,tench,0.8065657615661621,"[0, 389, 391, 108, 103]","[""tench"", ""barracouta"", ""coho"", ""sea_anemone"", ""platypus""]","[0.8065657615661621, 0.004689965397119522, 0.0009510574745945632, 0.0008729245746508241, 0.0007725246832706034]",True,True
b0025,data/raw/imagenette2-320/val/n01440764/n01440764_10592.JPEG,0,0,tench,0.6785055994987488,"[0, 33, 34, 394, 822]","[""tench"", ""loggerhead"", ""leatherback_turtle"", ""sturgeon"", ""steel_drum""]","[0.6785055994987488, 0.06161244213581085, 0.03862052038311958, 0.025881677865982056, 0.021404005587100983]",True,True
b0026,data/raw/imagenette2-320/val/n01440764/n01440764_11602.JPEG,0,0,tench,0.8465872406959534,"[0, 389, 391, 394, 47]","[""tench"", ""barracouta"", ""coho"", ""sturgeon"", ""African_chameleon""]","[0.8465872406959534, 0.011209454387426376, 0.0018504438921809196, 0.0012011012295261025, 0.0007014037691988051]",True,True
b0027,data/raw/imagenette2-320/val/n01440764/n01440764_12291.JPEG,0,0,tench,0.35743221640586853,"[0, 26, 5, 390, 116]","[""tench"", ""common_newt"", ""electric_ray"", ""eel"", ""chiton""]","[0.35743221640586853, 0.08146271854639053, 0.06234188750386238, 0.045623790472745895, 0.039515361189842224]",True,True
b0028,data/raw/imagenette2-320/val/n01440764/n01440764_14530.JPEG,0,0,tench,0.7511560916900635,"[0, 389, 1, 395, 392]","[""tench"", ""barracouta"", ""goldfish"", ""gar"", ""rock_beauty""]","[0.7511560916900635, 0.08926139026880264, 0.013403267599642277, 0.00916347187012434, 0.007350810803472996]",True,True
b0029,data/raw/imagenette2-320/val/n01440764/n01440764_21052.JPEG,0,394,sturgeon,0.20373091101646423,"[394, 0, 389, 223, 395]","[""sturgeon"", ""tench"", ""barracouta"", ""schipperke"", ""gar""]","[0.20373091101646423, 0.0872376412153244, 0.08687122911214828, 0.07127124071121216, 0.05680466815829277]",False,True
b0030,data/raw/imagenette2-320/val/n01440764/n01440764_5490.JPEG,0,0,tench,0.7382660508155823,"[0, 389, 955, 395, 109]","[""tench"", ""barracouta"", ""jackfruit"", ""gar"", ""brain_coral""]","[0.7382660508155823, 0.04732702299952507, 0.0038895574398338795, 0.003006299491971731, 0.002336240839213133]",True,True
b0031,data/raw/imagenette2-320/val/n01440764/n01440764_12241.JPEG,0,0,tench,0.8163068890571594,"[0, 389, 394, 103, 149]","[""tench"", ""barracouta"", ""sturgeon"", ""platypus"", ""dugong""]","[0.8163068890571594, 0.005444360896945, 0.003024875419214368, 0.0020420774817466736, 0.001888219267129898]",True,True
b0032,data/raw/imagenette2-320/val/n01440764/n01440764_13821.JPEG,0,0,tench,0.8155298829078674,"[0, 391, 389, 394, 395]","[""tench"", ""coho"", ""barracouta"", ""sturgeon"", ""gar""]","[0.8155298829078674, 0.034014634788036346, 0.015214658342301846, 0.00969587080180645, 0.0043690502643585205]",True,True
b0033,data/raw/imagenette2-320/val/n01440764/n01440764_3251.JPEG,0,0,tench,0.8141987919807434,"[0, 758, 389, 391, 1]","[""tench"", ""reel"", ""barracouta"", ""coho"", ""goldfish""]","[0.8141987919807434, 0.032793737947940826, 0.021402372047305107, 0.012140253558754921, 0.0032137283124029636]",True,True
b0034,data/raw/imagenette2-320/val/n01440764/n01440764_421.JPEG,0,0,tench,0.6209474205970764,"[0, 389, 391, 395, 1]","[""tench"", ""barracouta"", ""coho"", ""gar"", ""goldfish""]","[0.6209474205970764, 0.030256817117333412, 0.021083105355501175, 0.017249131575226784, 0.003453365992754698]",True,True
b0035,data/raw/imagenette2-320/val/n01440764/n01440764_11151.JPEG,0,0,tench,0.8627185821533203,"[0, 389, 391, 118, 394]","[""tench"", ""barracouta"", ""coho"", ""Dungeness_crab"", ""sturgeon""]","[0.8627185821533203, 0.007569901179522276, 0.005274748429656029, 0.0018734015757218003, 0.0016102915396913886]",True,True
b0036,data/raw/imagenette2-320/val/n01440764/n01440764_10482.JPEG,0,0,tench,0.5226677060127258,"[0, 394, 389, 26, 395]","[""tench"", ""sturgeon"", ""barracouta"", ""common_newt"", ""gar""]","[0.5226677060127258, 0.23540356755256653, 0.05414958298206329, 0.014215170405805111, 0.0063761030323803425]",True,True
b0037,data/raw/imagenette2-320/val/n01440764/n01440764_12702.JPEG,0,0,tench,0.4873547852039337,"[0, 389, 394, 395, 391]","[""tench"", ""barracouta"", ""sturgeon"", ""gar"", ""coho""]","[0.4873547852039337, 0.18581070005893707, 0.010028750635683537, 0.005945312324911356, 0.002782247494906187]",True,True
b0038,data/raw/imagenette2-320/val/n01440764/n01440764_12151.JPEG,0,0,tench,0.5540381073951721,"[0, 389, 394, 391, 395]","[""tench"", ""barracouta"", ""sturgeon"", ""coho"", ""gar""]","[0.5540381073951721, 0.03316299989819527, 0.02977748028934002, 0.006279271095991135, 0.004478964954614639]",True,True
b0039,data/raw/imagenette2-320/val/n01440764/n01440764_1561.JPEG,0,0,tench,0.8698780536651611,"[0, 391, 389, 394, 395]","[""tench"", ""coho"", ""barracouta"", ""sturgeon"", ""gar""]","[0.8698780536651611, 0.04773223027586937, 0.006213465705513954, 0.0052093821577727795, 0.0026924661360681057]",True,True
b0040,data/raw/imagenette2-320/val/n01440764/n01440764_5361.JPEG,0,0,tench,0.9369130730628967,"[0, 394, 389, 391, 329]","[""tench"", ""sturgeon"", ""barracouta"", ""coho"", ""sea_cucumber""]","[0.9369130730628967, 0.00643562525510788, 0.004749690182507038, 0.003796124830842018, 0.0008467035950161517]",True,True
b0041,data/raw/imagenette2-320/val/n01440764/n01440764_7591.JPEG,0,0,tench,0.570655882358551,"[0, 389, 391, 395, 1]","[""tench"", ""barracouta"", ""coho"", ""gar"", ""goldfish""]","[0.570655882358551, 0.07262551784515381, 0.03131319582462311, 0.012904493138194084, 0.01018250361084938]",True,True
b0042,data/raw/imagenette2-320/val/n01440764/n01440764_6410.JPEG,0,0,tench,0.5853244066238403,"[0, 389, 394, 395, 1]","[""tench"", ""barracouta"", ""sturgeon"", ""gar"", ""goldfish""]","[0.5853244066238403, 0.12893381714820862, 0.008548475801944733, 0.005812735762447119, 0.003486313158646226]",True,True
b0043,data/raw/imagenette2-320/val/n01440764/n01440764_7632.JPEG,0,0,tench,0.8562647104263306,"[0, 389, 391, 394, 1]","[""tench"", ""barracouta"", ""coho"", ""sturgeon"", ""goldfish""]","[0.8562647104263306, 0.013004222884774208, 0.007900089025497437, 0.005127854645252228, 0.0008006945136003196]",True,True
b0044,data/raw/imagenette2-320/val/n01440764/n01440764_7030.JPEG,0,0,tench,0.8104985356330872,"[0, 1, 389, 397, 973]","[""tench"", ""goldfish"", ""barracouta"", ""puffer"", ""coral_reef""]","[0.8104985356330872, 0.040453970432281494, 0.01734354719519615, 0.0041907550767064095, 0.0030367502477020025]",True,True
b0045,data/raw/imagenette2-320/val/n01440764/n01440764_25361.JPEG,0,0,tench,0.5531584024429321,"[0, 389, 33, 394, 35]","[""tench"", ""barracouta"", ""loggerhead"", ""sturgeon"", ""mud_turtle""]","[0.5531584024429321, 0.02516726218163967, 0.016766943037509918, 0.012190824374556541, 0.009574387222528458]",True,True
b0046,data/raw/imagenette2-320/val/n01440764/n01440764_5432.JPEG,0,0,tench,0.510963499546051,"[0, 391, 394, 389, 395]","[""tench"", ""coho"", ""sturgeon"", ""barracouta"", ""gar""]","[0.510963499546051, 0.10318084806203842, 0.06697347015142441, 0.03757071867585182, 0.011554643511772156]",True,True
b0047,data/raw/imagenette2-320/val/n01440764/n01440764_13051.JPEG,0,0,tench,0.6255085468292236,"[0, 389, 1, 391, 397]","[""tench"", ""barracouta"", ""goldfish"", ""coho"", ""puffer""]","[0.6255085468292236, 0.13778547942638397, 0.01371068973094225, 0.013141346164047718, 0.009689100086688995]",True,True
b0048,data/raw/imagenette2-320/val/n01440764/n01440764_3781.JPEG,0,0,tench,0.8441915512084961,"[0, 394, 389, 391, 395]","[""tench"", ""sturgeon"", ""barracouta"", ""coho"", ""gar""]","[0.8441915512084961, 0.01622038148343563, 0.010436901822686195, 0.006340436637401581, 0.0016168119618669152]",True,True
b0049,data/raw/imagenette2-320/val/n01440764/n01440764_14650.JPEG,0,0,tench,0.9383067488670349,"[0, 389, 391, 1, 394]","[""tench"", ""barracouta"", ""coho"", ""goldfish"", ""sturgeon""]","[0.9383067488670349, 0.014250208623707294, 0.0014555914094671607, 0.0011543334694579244, 0.0005458683590404689]",True,True
b0050,data/raw/imagenette2-320/val/n02102040/n02102040_990.JPEG,217,217,English_springer,0.4019363522529602,"[217, 212, 239, 216, 219]","[""English_springer"", ""English_setter"", ""Bernese_mountain_dog"", ""clumber"", ""cocker_spaniel""]","[0.4019363522529602, 0.2038642019033432, 0.021076524630188942, 0.02001229114830494, 0.019881881773471832]",True,True
b0051,data/raw/imagenette2-320/val/n02102040/n02102040_1632.JPEG,217,155,Shih-Tzu,0.4758877754211426,"[155, 217, 200, 152, 219]","[""Shih-Tzu"", ""English_springer"", ""Tibetan_terrier"", ""Japanese_spaniel"", ""cocker_spaniel""]","[0.4758877754211426, 0.15484684705734253, 0.15029139816761017, 0.026727987453341484, 0.02457505837082863]",False,True
b0052,data/raw/imagenette2-320/val/n02102040/n02102040_3532.JPEG,217,217,English_springer,0.5168190598487854,"[217, 212, 215, 210, 218]","[""English_springer"", ""English_setter"", ""Brittany_spaniel"", ""German_short-haired_pointer"", ""Welsh_springer_spaniel""]","[0.5168190598487854, 0.16219915449619293, 0.09230510145425797, 0.05092708021402359, 0.023839376866817474]",True,True
b0053,data/raw/imagenette2-320/val/n02102040/n02102040_3052.JPEG,217,217,English_springer,0.6689310073852539,"[217, 215, 155, 218, 247]","[""English_springer"", ""Brittany_spaniel"", ""Shih-Tzu"", ""Welsh_springer_spaniel"", ""Saint_Bernard""]","[0.6689310073852539, 0.06017964333295822, 0.05426786467432976, 0.03304605558514595, 0.02537166327238083]",True,True
b0054,data/raw/imagenette2-320/val/n02102040/n02102040_620.JPEG,217,210,German_short-haired_pointer,0.2467295378446579,"[210, 246, 212, 341, 217]","[""German_short-haired_pointer"", ""Great_Dane"", ""English_setter"", ""hog"", ""English_springer""]","[0.2467295378446579, 0.20000937581062317, 0.08755884319543839, 0.07276314496994019, 0.04089747369289398]",False,True
b0055,data/raw/imagenette2-320/val/n02102040/n02102040_4780.JPEG,217,218,Welsh_springer_spaniel,0.29295825958251953,"[218, 217, 220, 219, 216]","[""Welsh_springer_spaniel"", ""English_springer"", ""Sussex_spaniel"", ""cocker_spaniel"", ""clumber""]","[0.29295825958251953, 0.12743262946605682, 0.10975117236375809, 0.032684847712516785, 0.02500680647790432]",False,True
b0056,data/raw/imagenette2-320/val/n02102040/ILSVRC2012_val_00014280.JPEG,217,217,English_springer,0.3877449035644531,"[217, 212, 210, 215, 218]","[""English_springer"", ""English_setter"", ""German_short-haired_pointer"", ""Brittany_spaniel"", ""Welsh_springer_spaniel""]","[0.3877449035644531, 0.09249727427959442, 0.05026714503765106, 0.04285094141960144, 0.01788557507097721]",True,True
b0057,data/raw/imagenette2-320/val/n02102040/n02102040_3091.JPEG,217,217,English_springer,0.7950987815856934,"[217, 215, 220, 210, 219]","[""English_springer"", ""Brittany_spaniel"", ""Sussex_spaniel"", ""German_short-haired_pointer"", ""cocker_spaniel""]","[0.7950987815856934, 0.05437035858631134, 0.010443683713674545, 0.01001324225217104, 0.009317541494965553]",True,True
b0058,data/raw/imagenette2-320/val/n02102040/n02102040_5120.JPEG,217,217,English_springer,0.22554545104503632,"[217, 219, 221, 181, 267]","[""English_springer"", ""cocker_spaniel"", ""Irish_water_spaniel"", ""Bedlington_terrier"", ""standard_poodle""]","[0.22554545104503632, 0.050435468554496765, 0.04188324883580208, 0.038794826716184616, 0.035398613661527634]",True,True
b0059,data/raw/imagenette2-320/val/n02102040/n02102040_4352.JPEG,217,217,English_springer,0.6570921540260315,"[217, 218, 220, 219, 215]","[""English_springer"", ""Welsh_springer_spaniel"", ""Sussex_spaniel"", ""cocker_spaniel"", ""Brittany_spaniel""]","[0.6570921540260315, 0.12793895602226257, 0.05133199691772461, 0.030348993837833405, 0.009939517825841904]",True,True
b0060,data/raw/imagenette2-320/val/n02102040/n02102040_1782.JPEG,217,217,English_springer,0.1675964891910553,"[217, 212, 247, 219, 232]","[""English_springer"", ""English_setter"", ""Saint_Bernard"", ""cocker_spaniel"", ""Border_collie""]","[0.1675964891910553, 0.15757443010807037, 0.05326865613460541, 0.05280517041683197, 0.0481991283595562]",True,True
b0061,data/raw/imagenette2-320/val/n02102040/n02102040_3891.JPEG,217,217,English_springer,0.7784952521324158,"[217, 219, 212, 215, 218]","[""English_springer"", ""cocker_spaniel"", ""English_setter"", ""Brittany_spaniel"", ""Welsh_springer_spaniel""]","[0.7784952521324158, 0.025519048795104027, 0.010423146188259125, 0.008950915187597275, 0.006925433408468962]",True,True
b0062,data/raw/imagenette2-320/val/n02102040/n02102040_1642.JPEG,217,217,English_springer,0.7433986067771912,"[217, 210, 220, 219, 218]","[""English_springer"", ""German_short-haired_pointer"", ""Sussex_spaniel"", ""cocker_spaniel"", ""Welsh_springer_spaniel""]","[0.7433986067771912, 0.0368988960981369, 0.033552784472703934, 0.027950800955295563, 0.026064591482281685]",True,True
b0063,data/raw/imagenette2-320/val/n02102040/n02102040_5061.JPEG,217,217,English_springer,0.3678375780582428,"[217, 210, 267, 215, 218]","[""English_springer"", ""German_short-haired_pointer"", ""standard_poodle"", ""Brittany_spaniel"", ""Welsh_springer_spaniel""]","[0.3678375780582428, 0.0585787333548069, 0.05773086100816727, 0.04353639855980873, 0.03863632678985596]",True,True
b0064,data/raw/imagenette2-320/val/n02102040/n02102040_3582.JPEG,217,212,English_setter,0.36046385765075684,"[212, 215, 217, 177, 169]","[""English_setter"", ""Brittany_spaniel"", ""English_springer"", ""Scottish_deerhound"", ""borzoi""]","[0.36046385765075684, 0.14558924734592438, 0.05620146170258522, 0.049567654728889465, 0.04160391539335251]",False,True
b0065,data/raw/imagenette2-320/val/n02102040/n02102040_2111.JPEG,217,212,English_setter,0.09622596204280853,"[212, 246, 215, 264, 172]","[""English_setter"", ""Great_Dane"", ""Brittany_spaniel"", ""Cardigan"", ""whippet""]","[0.09622596204280853, 0.05972914397716522, 0.05864774063229561, 0.05817097797989845, 0.05292866751551628]",False,False
b0066,data/raw/imagenette2-320/val/n02102040/n02102040_290.JPEG,217,217,English_springer,0.4407118558883667,"[217, 219, 218, 220, 267]","[""English_springer"", ""cocker_spaniel"", ""Welsh_springer_spaniel"", ""Sussex_spaniel"", ""standard_poodle""]","[0.4407118558883667, 0.20953544974327087, 0.040358077734708786, 0.03948938846588135, 0.02648257091641426]",True,True
b0067,data/raw/imagenette2-320/val/n02102040/n02102040_4872.JPEG,217,217,English_springer,0.3231737017631531,"[217, 218, 212, 219, 164]","[""English_springer"", ""Welsh_springer_spaniel"", ""English_setter"", ""cocker_spaniel"", ""bluetick""]","[0.3231737017631531, 0.1337868869304657, 0.058599140495061874, 0.03640146553516388, 0.026794888079166412]",True,True
b0068,data/raw/imagenette2-320/val/n02102040/n02102040_460.JPEG,217,217,English_springer,0.7222329378128052,"[217, 218, 219, 215, 220]","[""English_springer"", ""Welsh_springer_spaniel"", ""cocker_spaniel"", ""Brittany_spaniel"", ""Sussex_spaniel""]","[0.7222329378128052, 0.0538402795791626, 0.04388570040464401, 0.035051681101322174, 0.023135269060730934]",True,True
b0069,data/raw/imagenette2-320/val/n02102040/n02102040_1160.JPEG,217,212,English_setter,0.35575419664382935,"[212, 216, 215, 217, 218]","[""English_setter"", ""clumber"", ""Brittany_spaniel"", ""English_springer"", ""Welsh_springer_spaniel""]","[0.35575419664382935, 0.10462033003568649, 0.09521955251693726, 0.0681367814540863, 0.03235362842679024]",False,True
b0070,data/raw/imagenette2-320/val/n02102040/n02102040_3462.JPEG,217,217,English_springer,0.7784819602966309,"[217, 219, 232, 218, 212]","[""English_springer"", ""cocker_spaniel"", ""Border_collie"", ""Welsh_springer_spaniel"", ""English_setter""]","[0.7784819602966309, 0.029269888997077942, 0.015435787849128246, 0.007943348027765751, 0.007397450506687164]",True,True
b0071,data/raw/imagenette2-320/val/n02102040/n02102040_430.JPEG,217,218,Welsh_springer_spaniel,0.15488286316394806,"[218, 217, 219, 220, 188]","[""Welsh_springer_spaniel"", ""English_springer"", ""cocker_spaniel"", ""Sussex_spaniel"", ""wire-haired_fox_terrier""]","[0.15488286316394806, 0.1534125953912735, 0.11006651073694229, 0.033523667603731155, 0.024450279772281647]",False,True
b0072,data/raw/imagenette2-320/val/n02102040/n02102040_700.JPEG,217,218,Welsh_springer_spaniel,0.12196221202611923,"[218, 156, 215, 169, 212]","[""Welsh_springer_spaniel"", ""Blenheim_spaniel"", ""Brittany_spaniel"", ""borzoi"", ""English_setter""]","[0.12196221202611923, 0.09121224284172058, 0.069225013256073, 0.06346879154443741, 0.04657353460788727]",False,False
b0073,data/raw/imagenette2-320/val/n02102040/n02102040_1081.JPEG,217,212,English_setter,0.16343477368354797,"[212, 187, 797, 196, 155]","[""English_setter"", ""Yorkshire_terrier"", ""sleeping_bag"", ""miniature_schnauzer"", ""Shih-Tzu""]","[0.16343477368354797, 0.06292486190795898, 0.04701967537403107, 0.04303038492798805, 0.0422469824552536]",False,False
b0074,data/raw/imagenette2-320/val/n02102040/n02102040_681.JPEG,217,222,kuvasz,0.04923814907670021,"[222, 257, 169, 232, 258]","[""kuvasz"", ""Great_Pyrenees"", ""borzoi"", ""Border_collie"", ""Samoyed""]","[0.04923814907670021, 0.027613593265414238, 0.027238866314291954, 0.02409680001437664, 0.02363390475511551]",False,False
b0075,data/raw/imagenette2-320/val/n02102040/n02102040_7421.JPEG,217,917,comic_book,0.15459579229354858,"[917, 916, 151, 179, 227]","[""comic_book"", ""web_site"", ""Chihuahua"", ""Staffordshire_bullterrier"", ""kelpie""]","[0.15459579229354858, 0.06799867004156113, 0.045285601168870926, 0.027275588363409042, 0.0209506768733263]",False,False
b0076,data/raw/imagenette2-320/val/n02102040/n02102040_571.JPEG,217,217,English_springer,0.6423686146736145,"[217, 210, 216, 212, 220]","[""English_springer"", ""German_short-haired_pointer"", ""clumber"", ""English_setter"", ""Sussex_spaniel""]","[0.6423686146736145, 0.0515286885201931, 0.031983327120542526, 0.03165069594979286, 0.025277091190218925]",True,True
b0077,data/raw/imagenette2-320/val/n02102040/n02102040_960.JPEG,217,217,English_springer,0.3484267592430115,"[217, 188, 215, 232, 247]","[""English_springer"", ""wire-haired_fox_terrier"", ""Brittany_spaniel"", ""Border_collie"", ""Saint_Bernard""]","[0.3484267592430115, 0.08974449336528778, 0.033570822328329086, 0.031231535598635674, 0.02809830754995346]",True,True
b0078,data/raw/imagenette2-320/val/n02102040/n02102040_2481.JPEG,217,217,English_springer,0.4736318290233612,"[217, 220, 219, 218, 216]","[""English_springer"", ""Sussex_spaniel"", ""cocker_spaniel"", ""Welsh_springer_spaniel"", ""clumber""]","[0.4736318290233612, 0.1458280235528946, 0.08621782809495926, 0.01660619117319584, 0.01362464390695095]",True,True
b0079,data/raw/imagenette2-320/val/n02102040/n02102040_7002.JPEG,217,217,English_springer,0.5318199396133423,"[217, 218, 215, 219, 220]","[""English_springer"", ""Welsh_springer_spaniel"", ""Brittany_spaniel"", ""cocker_spaniel"", ""Sussex_spaniel""]","[0.5318199396133423, 0.35580769181251526, 0.02250257320702076, 0.015198800712823868, 0.009190189652144909]",True,True
b0080,data/raw/imagenette2-320/val/n02102040/n02102040_4250.JPEG,217,217,English_springer,0.7150461077690125,"[217, 218, 215, 212, 219]","[""English_springer"", ""Welsh_springer_spaniel"", ""Brittany_spaniel"", ""English_setter"", ""cocker_spaniel""]","[0.7150461077690125, 0.04339286684989929, 0.04262958839535713, 0.03773244097828865, 0.023439187556505203]",True,True
b0081,data/raw/imagenette2-320/val/n02102040/n02102040_8272.JPEG,217,217,English_springer,0.5770144462585449,"[217, 218, 220, 215, 219]","[""English_springer"", ""Welsh_springer_spaniel"", ""Sussex_spaniel"", ""Brittany_spaniel"", ""cocker_spaniel""]","[0.5770144462585449, 0.09145711362361908, 0.059302911162376404, 0.03684219345450401, 0.02665044739842415]",True,True
b0082,data/raw/imagenette2-320/val/n02102040/n02102040_970.JPEG,217,176,Saluki,0.20487214624881744,"[176, 212, 215, 172, 217]","[""Saluki"", ""English_setter"", ""Brittany_spaniel"", ""whippet"", ""English_springer""]","[0.20487214624881744, 0.16283181309700012, 0.13983243703842163, 0.04511481150984764, 0.02213408425450325]",False,True
b0083,data/raw/imagenette2-320/val/n02102040/n02102040_1201.JPEG,217,217,English_springer,0.7472521066665649,"[217, 219, 215, 212, 220]","[""English_springer"", ""cocker_spaniel"", ""Brittany_spaniel"", ""English_setter"", ""Sussex_spaniel""]","[0.7472521066665649, 0.09654146432876587, 0.014870784245431423, 0.014096767641603947, 0.012057173065841198]",True,True
b0084,data/raw/imagenette2-320/val/n02102040/n02102040_3260.JPEG,217,219,cocker_spaniel,0.41477343440055847,"[219, 217, 218, 220, 216]","[""cocker_spaniel"", ""English_springer"", ""Welsh_springer_spaniel"", ""Sussex_spaniel"", ""clumber""]","[0.41477343440055847, 0.20667514204978943, 0.0981362834572792, 0.06815068423748016, 0.028784340247511864]",False,True
b0085,data/raw/imagenette2-320/val/n02102040/n02102040_7011.JPEG,217,212,English_setter,0.27297118306159973,"[212, 217, 246, 219, 215]","[""English_setter"", ""English_springer"", ""Great_Dane"", ""cocker_spaniel"", ""Brittany_spaniel""]","[0.27297118306159973, 0.1923997402191162, 0.08534768223762512, 0.04934807866811752, 0.04841742292046547]",False,True
b0086,data/raw/imagenette2-320/val/n02102040/n02102040_4801.JPEG,217,212,English_setter,0.2488127052783966,"[212, 217, 215, 247, 232]","[""English_setter"", ""English_springer"", ""Brittany_spaniel"", ""Saint_Bernard"", ""Border_collie""]","[0.2488127052783966, 0.18782013654708862, 0.16241028904914856, 0.048596303910017014, 0.035795219242572784]",False,True
b0087,data/raw/imagenette2-320/val/n02102040/n02102040_350.JPEG,217,217,English_springer,0.57045978307724,"[217, 218, 212, 219, 216]","[""English_springer"", ""Welsh_springer_spaniel"", ""English_setter"", ""cocker_spaniel"", ""clumber""]","[0.57045978307724, 0.11107122898101807, 0.07862351089715958, 0.0560200996696949, 0.03257828205823898]",True,True
b0088,data/raw/imagenette2-320/val/n02102040/n02102040_702.JPEG,217,217,English_springer,0.4238266348838806,"[217, 219, 212, 215, 265]","[""English_springer"", ""cocker_spaniel"", ""English_setter"", ""Brittany_spaniel"", ""toy_poodle""]","[0.4238266348838806, 0.2015073150396347, 0.054542332887649536, 0.05372373014688492, 0.03687584772706032]",True,True
b0089,data/raw/imagenette2-320/val/n02102040/n02102040_1300.JPEG,217,217,English_springer,0.44745051860809326,"[217, 215, 218, 212, 220]","[""English_springer"", ""Brittany_spaniel"", ""Welsh_springer_spaniel"", ""English_setter"", ""Sussex_spaniel""]","[0.44745051860809326, 0.09816990047693253, 0.05390739440917969, 0.023611634969711304, 0.023164110258221626]",True,True
b0090,data/raw/imagenette2-320/val/n02102040/ILSVRC2012_val_00016582.JPEG,217,212,English_setter,0.4613296091556549,"[212, 219, 217, 214, 239]","[""English_setter"", ""cocker_spaniel"", ""English_springer"", ""Gordon_setter"", ""Bernese_mountain_dog""]","[0.4613296091556549, 0.21782691776752472, 0.08250133693218231, 0.04640335217118263, 0.012101282365620136]",False,True
b0091,data/raw/imagenette2-320/val/n02102040/n02102040_911.JPEG,217,217,English_springer,0.5382447242736816,"[217, 232, 212, 215, 231]","[""English_springer"", ""Border_collie"", ""English_setter"", ""Brittany_spaniel"", ""collie""]","[0.5382447242736816, 0.11765924096107483, 0.07944907993078232, 0.027976466342806816, 0.020398179069161415]",True,True
b0092,data/raw/imagenette2-320/val/n02102040/n02102040_1310.JPEG,217,217,English_springer,0.4337172210216522,"[217, 219, 220, 156, 212]","[""English_springer"", ""cocker_spaniel"", ""Sussex_spaniel"", ""Blenheim_spaniel"", ""English_setter""]","[0.4337172210216522, 0.09698591381311417, 0.06726476550102234, 0.03407013788819313, 0.024511484429240227]",True,True
b0093,data/raw/imagenette2-320/val/n02102040/n02102040_2950.JPEG,217,217,English_springer,0.1490962952375412,"[217, 180, 242, 212, 195]","[""English_springer"", ""American_Staffordshire_terrier"", ""boxer"", ""English_setter"", ""Boston_bull""]","[0.1490962952375412, 0.09316808730363846, 0.04420040547847748, 0.043691329658031464, 0.04040178656578064]",True,True
b0094,data/raw/imagenette2-320/val/n02102040/n02102040_1842.JPEG,217,217,English_springer,0.3309094309806824,"[217, 220, 218, 219, 216]","[""English_springer"", ""Sussex_spaniel"", ""Welsh_springer_spaniel"", ""cocker_spaniel"", ""clumber""]","[0.3309094309806824, 0.1340407431125641, 0.10412602126598358, 0.060237277299165726, 0.03751729801297188]",True,True
b0095,data/raw/imagenette2-320/val/n02102040/n02102040_4320.JPEG,217,217,English_springer,0.7609454393386841,"[217, 219, 220, 212, 218]","[""English_springer"", ""cocker_spaniel"", ""Sussex_spaniel"", ""English_setter"", ""Welsh_springer_spaniel""]","[0.7609454393386841, 0.03764033690094948, 0.03434472903609276, 0.020226243883371353, 0.01768035627901554]",True,True
b0096,data/raw/imagenette2-320/val/n02102040/n02102040_8012.JPEG,217,217,English_springer,0.30535608530044556,"[217, 155, 212, 188, 229]","[""English_springer"", ""Shih-Tzu"", ""English_setter"", ""wire-haired_fox_terrier"", ""Old_English_sheepdog""]","[0.30535608530044556, 0.157789945602417, 0.08948181569576263, 0.07865066826343536, 0.036467429250478745]",True,True
b0097,data/raw/imagenette2-320/val/n02102040/n02102040_5101.JPEG,217,217,English_springer,0.6529085040092468,"[217, 219, 232, 229, 212]","[""English_springer"", ""cocker_spaniel"", ""Border_collie"", ""Old_English_sheepdog"", ""English_setter""]","[0.6529085040092468, 0.04873530939221382, 0.025701075792312622, 0.01724841818213463, 0.015130401588976383]",True,True
b0098,data/raw/imagenette2-320/val/n02102040/n02102040_5091.JPEG,217,217,English_springer,0.2649100720882416,"[217, 219, 220, 212, 218]","[""English_springer"", ""cocker_spaniel"", ""Sussex_spaniel"", ""English_setter"", ""Welsh_springer_spaniel""]","[0.2649100720882416, 0.17746423184871674, 0.07615819573402405, 0.07248450815677643, 0.024259084835648537]",True,True
b0099,data/raw/imagenette2-320/val/n02102040/n02102040_281.JPEG,217,217,English_springer,0.3960210680961609,"[217, 212, 218, 216, 215]","[""English_springer"", ""English_setter"", ""Welsh_springer_spaniel"", ""clumber"", ""Brittany_spaniel""]","[0.3960210680961609, 0.12428776174783707, 0.09471971541643143, 0.0891372561454773, 0.08112777769565582]",True,True
b0100,data/raw/imagenette2-320/val/n02979186/n02979186_8861.JPEG,482,592,hard_disc,0.16311609745025635,"[592, 848, 482, 481, 921]","[""hard_disc"", ""tape_player"", ""cassette_player"", ""cassette"", ""book_jacket""]","[0.16311609745025635, 0.16255338490009308, 0.09004046022891998, 0.0786999762058258, 0.045940935611724854]",False,True
b0101,data/raw/imagenette2-320/val/n02979186/n02979186_22882.JPEG,482,848,tape_player,0.45988360047340393,"[848, 482, 485, 891, 859]","[""tape_player"", ""cassette_player"", ""CD_player"", ""waffle_iron"", ""toaster""]","[0.45988360047340393, 0.25473546981811523, 0.04757026955485344, 0.03730571269989014, 0.019833162426948547]",False,True
b0102,data/raw/imagenette2-320/val/n02979186/n02979186_1561.JPEG,482,482,cassette_player,0.5252642631530762,"[482, 848, 485, 481, 818]","[""cassette_player"", ""tape_player"", ""CD_player"", ""cassette"", ""spotlight""]","[0.5252642631530762, 0.11316104233264923, 0.030572544783353806, 0.01958606019616127, 0.01834251917898655]",True,True
b0103,data/raw/imagenette2-320/val/n02979186/n02979186_16142.JPEG,482,848,tape_player,0.2095564752817154,"[848, 482, 481, 662, 754]","[""tape_player"", ""cassette_player"", ""cassette"", ""modem"", ""radio""]","[0.2095564752817154, 0.20090828835964203, 0.1639656275510788, 0.10055689513683319, 0.04611634463071823]",False,True
b0104,data/raw/imagenette2-320/val/n02979186/n02979186_11000.JPEG,482,527,desktop_computer,0.1501626968383789,"[527, 848, 632, 754, 664]","[""desktop_computer"", ""tape_player"", ""loudspeaker"", ""radio"", ""monitor""]","[0.1501626968383789, 0.14584112167358398, 0.13984747231006622, 0.11811086535453796, 0.08366226404905319]",False,False
b0105,data/raw/imagenette2-320/val/n02979186/n02979186_3321.JPEG,482,848,tape_player,0.31960591673851013,"[848, 482, 754, 481, 662]","[""tape_player"", ""cassette_player"", ""radio"", ""cassette"", ""modem""]","[0.31960591673851013, 0.3064160943031311, 0.13963274657726288, 0.042047176510095596, 0.03392527252435684]",False,True
b0106,data/raw/imagenette2-320/val/n02979186/n02979186_11481.JPEG,482,893,wallet,0.14805926382541656,"[893, 692, 626, 848, 593]","[""wallet"", ""packet"", ""lighter"", ""tape_player"", ""harmonica""]","[0.14805926382541656, 0.09539949148893356, 0.04997784271836281, 0.04893582686781883, 0.03474421054124832]",False,False
b0107,data/raw/imagenette2-320/val/n02979186/ILSVRC2012_val_00042482.JPEG,482,848,tape_player,0.6634292602539062,"[848, 482, 485, 481, 632]","[""tape_player"", ""cassette_player"", ""CD_player"", ""cassette"", ""loudspeaker""]","[0.6634292602539062, 0.1313735842704773, 0.0686250627040863, 0.041050273925065994, 0.03823942318558693]",False,True
b0108,data/raw/imagenette2-320/val/n02979186/n02979186_15800.JPEG,482,848,tape_player,0.5042643547058105,"[848, 485, 482, 754, 688]","[""tape_player"", ""CD_player"", ""cassette_player"", ""radio"", ""oscilloscope""]","[0.5042643547058105, 0.16735482215881348, 0.09985529631376266, 0.07353945821523666, 0.03445858508348465]",False,True
b0109,data/raw/imagenette2-320/val/n02979186/n02979186_351.JPEG,482,656,minivan,0.43335288763046265,"[656, 436, 479, 627, 482]","[""minivan"", ""beach_wagon"", ""car_wheel"", ""limousine"", ""cassette_player""]","[0.43335288763046265, 0.25386977195739746, 0.039145950227975845, 0.03286432847380638, 0.027887696400284767]",False,True
b0110,data/raw/imagenette2-320/val/n02979186/n02979186_22101.JPEG,482,482,cassette_player,0.43971866369247437,"[482, 848, 754, 632, 811]","[""cassette_player"", ""tape_player"", ""radio"", ""loudspeaker"", ""space_heater""]","[0.43971866369247437, 0.16396445035934448, 0.14221371710300446, 0.09083830565214157, 0.03349250927567482]",True,True
b0111,data/raw/imagenette2-320/val/n02979186/n02979186_3902.JPEG,482,548,entertainment_center,0.5743760466575623,"[548, 598, 851, 848, 482]","[""entertainment_center"", ""home_theater"", ""television"", ""tape_player"", ""cassette_player""]","[0.5743760466575623, 0.13948814570903778, 0.05529441684484482, 0.018506303429603577, 0.011757769621908665]",False,True
b0112,data/raw/imagenette2-320/val/n02979186/n02979186_14251.JPEG,482,481,cassette,0.9772941470146179,"[481, 848, 482, 893, 592]","[""cassette"", ""tape_player"", ""cassette_player"", ""wallet"", ""hard_disc""]","[0.9772941470146179, 0.013519739732146263, 0.0060962713323533535, 0.0003142402565572411, 0.00015726996934972703]",False,True
b0113,data/raw/imagenette2-320/val/n02979186/n02979186_23650.JPEG,482,485,CD_player,0.25749459862709045,"[485, 482, 409, 848, 826]","[""CD_player"", ""cassette_player"", ""analog_clock"", ""tape_player"", ""stopwatch""]","[0.25749459862709045, 0.20212890207767487, 0.09546910226345062, 0.08645036816596985, 0.06550575792789459]",False,True
b0114,data/raw/imagenette2-320/val/n02979186/n02979186_10670.JPEG,482,482,cassette_player,0.6079943180084229,"[482, 848, 754, 485, 636]","[""cassette_player"", ""tape_player"", ""radio"", ""CD_player"", ""mailbag""]","[0.6079943180084229, 0.13098424673080444, 0.05343305319547653, 0.023451047018170357, 0.01561342366039753]",True,True
b0115,data/raw/imagenette2-320/val/n02979186/n02979186_5280.JPEG,482,548,entertainment_center,0.30892693996429443,"[548, 851, 598, 771, 526]","[""entertainment_center"", ""television"", ""home_theater"", ""safe"", ""desk""]","[0.30892693996429443, 0.13444441556930542, 0.0700511559844017, 0.04061480984091759, 0.03309817239642143]",False,False
b0116,data/raw/imagenette2-320/val/n02979186/n02979186_271.JPEG,482,453,bookcase,0.6928794384002686,"[453, 848, 548, 624, 482]","[""bookcase"", ""tape_player"", ""entertainment_center"", ""library"", ""cassette_player""]","[0.6928794384002686, 0.06584905833005905, 0.06187982112169266, 0.03845805674791336, 0.021073468029499054]",False,True
b0117,data/raw/imagenette2-320/val/n02979186/n02979186_15432.JPEG,482,592,hard_disc,0.2177702635526657,"[592, 487, 482, 844, 848]","[""hard_disc"", ""cellular_telephone"", ""cassette_player"", ""switch"", ""tape_player""]","[0.2177702635526657, 0.19781263172626495, 0.06945191323757172, 0.05943409726023674, 0.05141358822584152]",False,True
b0118,data/raw/imagenette2-320/val/n02979186/n02979186_13661.JPEG,482,848,tape_player,0.5623033046722412,"[848, 482, 485, 481, 754]","[""tape_player"", ""cassette_player"", ""CD_player"", ""cassette"", ""radio""]","[0.5623033046722412, 0.253551721572876, 0.09400087594985962, 0.023056883364915848, 0.013788069598376751]",False,True
b0119,data/raw/imagenette2-320/val/n02979186/n02979186_10691.JPEG,482,485,CD_player,0.3322518765926361,"[485, 482, 606, 761, 848]","[""CD_player"", ""cassette_player"", ""iron"", ""remote_control"", ""tape_player""]","[0.3322518765926361, 0.17283684015274048, 0.03284037113189697, 0.029633482918143272, 0.024675419554114342]",False,True
b0120,data/raw/imagenette2-320/val/n02979186/n02979186_560.JPEG,482,848,tape_player,0.27978405356407166,"[848, 482, 481, 754, 485]","[""tape_player"", ""cassette_player"", ""cassette"", ""radio"", ""CD_player""]","[0.27978405356407166, 0.2682376503944397, 0.15536925196647644, 0.11413364857435226, 0.014577791094779968]",False,True
b0121,data/raw/imagenette2-320/val/n02979186/n02979186_15401.JPEG,482,485,CD_player,0.31807830929756165,"[485, 848, 482, 751, 535]","[""CD_player"", ""tape_player"", ""cassette_player"", ""racer"", ""disk_brake""]","[0.31807830929756165, 0.24317318201065063, 0.15449734032154083, 0.03137262538075447, 0.01856549270451069]",False,True
b0122,data/raw/imagenette2-320/val/n02979186/n02979186_6851.JPEG,482,848,tape_player,0.33502712845802307,"[848, 482, 487, 662, 485]","[""tape_player"", ""cassette_player"", ""cellular_telephone"", ""modem"", ""CD_player""]","[0.33502712845802307, 0.2279643565416336, 0.1169201135635376, 0.05747270584106445, 0.020022226497530937]",False,True
b0123,data/raw/imagenette2-320/val/n02979186/n02979186_5031.JPEG,482,482,cassette_player,0.48382264375686646,"[482, 848, 485, 754, 481]","[""cassette_player"", ""tape_player"", ""CD_player"", ""radio"", ""cassette""]","[0.48382264375686646, 0.29156413674354553, 0.14601771533489227, 0.024566369131207466, 0.01116302702575922]",True,True
b0124,data/raw/imagenette2-320/val/n02979186/n02979186_26802.JPEG,482,482,cassette_player,0.36762046813964844,"[482, 636, 606, 748, 859]","[""cassette_player"", ""mailbag"", ""iron"", ""purse"", ""toaster""]","[0.36762046813964844, 0.29113417863845825, 0.0530938059091568, 0.040130238980054855, 0.037655625492334366]",True,True
b0125,data/raw/imagenette2-320/val/n02979186/n02979186_9450.JPEG,482,593,harmonica,0.25529277324676514,"[593, 848, 481, 482, 477]","[""harmonica"", ""tape_player"", ""cassette"", ""cassette_player"", ""carpenter's_kit""]","[0.25529277324676514, 0.09123153984546661, 0.07138331234455109, 0.05412132292985916, 0.052706584334373474]",False,True
b0126,data/raw/imagenette2-320/val/n02979186/n02979186_6271.JPEG,482,482,cassette_player,0.23342928290367126,"[482, 606, 636, 849, 414]","[""cassette_player"", ""iron"", ""mailbag"", ""teapot"", ""backpack""]","[0.23342928290367126, 0.1328732669353485, 0.06170760095119476, 0.05265152454376221, 0.044308457523584366]",True,True
b0127,data/raw/imagenette2-320/val/n02979186/n02979186_11861.JPEG,482,482,cassette_player,0.9832883477210999,"[482, 848, 485, 481, 754]","[""cassette_player"", ""tape_player"", ""CD_player"", ""cassette"", ""radio""]","[0.9832883477210999, 0.009678657166659832, 0.0015107555082067847, 0.0006413838127627969, 0.0006198609480634332]",True,True
b0128,data/raw/imagenette2-320/val/n02979186/n02979186_2810.JPEG,482,482,cassette_player,0.47420433163642883,"[482, 848, 485, 827, 609]","[""cassette_player"", ""tape_player"", ""CD_player"", ""stove"", ""jeep""]","[0.47420433163642883, 0.30605193972587585, 0.06731069087982178, 0.018638646230101585, 0.010223651304841042]",True,True
b0129,data/raw/imagenette2-320/val/n02979186/n02979186_15350.JPEG,482,848,tape_player,0.47178950905799866,"[848, 482, 481, 754, 485]","[""tape_player"", ""cassette_player"", ""cassette"", ""radio"", ""CD_player""]","[0.47178950905799866, 0.24401000142097473, 0.07624578475952148, 0.02459697611629963, 0.02143152430653572]",False,True
b0130,data/raw/imagenette2-320/val/n02979186/n02979186_3010.JPEG,482,848,tape_player,0.40945518016815186,"[848, 482, 485, 754, 827]","[""tape_player"", ""cassette_player"", ""CD_player"", ""radio"", ""stove""]","[0.40945518016815186, 0.2601427137851715, 0.1184738427400589, 0.059712912887334824, 0.021740088239312172]",False,True
b0131,data/raw/imagenette2-320/val/n02979186/n02979186_20220.JPEG,482,482,cassette_player,0.3187795877456665,"[482, 485, 848, 754, 481]","[""cassette_player"", ""CD_player"", ""tape_player"", ""radio"", ""cassette""]","[0.3187795877456665, 0.251279354095459, 0.2057407647371292, 0.01618622988462448, 0.012730393558740616]",True,True
b0132,data/raw/imagenette2-320/val/n02979186/n02979186_11971.JPEG,482,848,tape_player,0.6032289266586304,"[848, 482, 485, 481, 754]","[""tape_player"", ""cassette_player"", ""CD_player"", ""cassette"", ""radio""]","[0.6032289266586304, 0.2913129925727844, 0.02082856185734272, 0.015305183827877045, 0.006956869270652533]",False,True
b0133,data/raw/imagenette2-320/val/n02979186/n02979186_9371.JPEG,482,754,radio,0.2817763388156891,"[754, 482, 485, 878, 848]","[""radio"", ""cassette_player"", ""CD_player"", ""typewriter_keyboard"", ""tape_player""]","[0.2817763388156891, 0.1367812603712082, 0.0877702534198761, 0.060420192778110504, 0.058501262217760086]",False,True
b0134,data/raw/imagenette2-320/val/n02979186/n02979186_20701.JPEG,482,485,CD_player,0.23899555206298828,"[485, 487, 482, 662, 592]","[""CD_player"", ""cellular_telephone"", ""cassette_player"", ""modem"", ""hard_disc""]","[0.23899555206298828, 0.12659017741680145, 0.12432505935430527, 0.09389963746070862, 0.08051731437444687]",False,True
b0135,data/raw/imagenette2-320/val/n02979186/n02979186_19390.JPEG,482,632,loudspeaker,0.3154360353946686,"[632, 482, 848, 485, 754]","[""loudspeaker"", ""cassette_player"", ""tape_player"", ""CD_player"", ""radio""]","[0.3154360353946686, 0.3153795003890991, 0.07276705652475357, 0.06307565420866013, 0.044793713837862015]",False,True
b0136,data/raw/imagenette2-320/val/n02979186/n02979186_15521.JPEG,482,848,tape_player,0.49768099188804626,"[848, 482, 485, 481, 754]","[""tape_player"", ""cassette_player"", ""CD_player"", ""cassette"", ""radio""]","[0.49768099188804626, 0.41599103808403015, 0.027771642431616783, 0.019054559990763664, 0.0050040180794894695]",False,True
b0137,data/raw/imagenette2-320/val/n02979186/n02979186_2742.JPEG,482,482,cassette_player,0.23945851624011993,"[482, 848, 685, 485, 469]","[""cassette_player"", ""tape_player"", ""odometer"", ""CD_player"", ""caldron""]","[0.23945851624011993, 0.2033236026763916, 0.0684889629483223, 0.06300663203001022, 0.03667331486940384]",True,True
b0138,data/raw/imagenette2-320/val/n02979186/n02979186_4971.JPEG,482,848,tape_player,0.411811888217926,"[848, 482, 481, 593, 485]","[""tape_player"", ""cassette_player"", ""cassette"", ""harmonica"", ""CD_player""]","[0.411811888217926, 0.21298952400684357, 0.10042871534824371, 0.08509024977684021, 0.05604204535484314]",False,True
b0139,data/raw/imagenette2-320/val/n02979186/n02979186_21401.JPEG,482,485,CD_player,0.19222469627857208,"[485, 798, 481, 769, 492]","[""CD_player"", ""slide_rule"", ""cassette"", ""rule"", ""chest""]","[0.19222469627857208, 0.16792619228363037, 0.05791934207081795, 0.057225730270147324, 0.051689255982637405]",False,False
b0140,data/raw/imagenette2-320/val/n02979186/ILSVRC2012_val_00043731.JPEG,482,848,tape_player,0.29568299651145935,"[848, 482, 477, 742, 481]","[""tape_player"", ""cassette_player"", ""carpenter's_kit"", ""printer"", ""cassette""]","[0.29568299651145935, 0.18785884976387024, 0.08034247159957886, 0.058806728571653366, 0.04778530076146126]",False,True
b0141,data/raw/imagenette2-320/val/n02979186/n02979186_2051.JPEG,482,481,cassette,0.5373929738998413,"[481, 482, 626, 848, 845]","[""cassette"", ""cassette_player"", ""lighter"", ""tape_player"", ""syringe""]","[0.5373929738998413, 0.03222058340907097, 0.029924260452389717, 0.027358412742614746, 0.020598990842700005]",False,True
b0142,data/raw/imagenette2-320/val/n02979186/n02979186_21392.JPEG,482,482,cassette_player,0.7715612053871155,"[482, 461, 469, 848, 485]","[""cassette_player"", ""breastplate"", ""caldron"", ""tape_player"", ""CD_player""]","[0.7715612053871155, 0.031451400369405746, 0.019868293777108192, 0.016147486865520477, 0.01306922733783722]",True,True
b0143,data/raw/imagenette2-320/val/n02979186/n02979186_3620.JPEG,482,636,mailbag,0.19205214083194733,"[636, 482, 748, 485, 464]","[""mailbag"", ""cassette_player"", ""purse"", ""CD_player"", ""buckle""]","[0.19205214083194733, 0.16070669889450073, 0.0740501806139946, 0.0731889009475708, 0.048971425741910934]",False,True
b0144,data/raw/imagenette2-320/val/n02979186/n02979186_2981.JPEG,482,482,cassette_player,0.6706094741821289,"[482, 485, 746, 635, 633]","[""cassette_player"", ""CD_player"", ""puck"", ""magnetic_compass"", ""loupe""]","[0.6706094741821289, 0.09518931806087494, 0.040760140866041183, 0.019069746136665344, 0.018300076946616173]",True,True
b0145,data/raw/imagenette2-320/val/n02979186/n02979186_931.JPEG,482,662,modem,0.4849202334880829,"[662, 482, 590, 592, 921]","[""modem"", ""cassette_player"", ""hand-held_computer"", ""hard_disc"", ""book_jacket""]","[0.4849202334880829, 0.04740813747048378, 0.04018058255314827, 0.028668278828263283, 0.02774462290108204]",False,True
b0146,data/raw/imagenette2-320/val/n02979186/n02979186_9232.JPEG,482,848,tape_player,0.31628796458244324,"[848, 482, 481, 754, 674]","[""tape_player"", ""cassette_player"", ""cassette"", ""radio"", ""mousetrap""]","[0.31628796458244324, 0.24685020744800568, 0.21575970947742462, 0.017660299316048622, 0.015293003059923649]",False,True
b0147,data/raw/imagenette2-320/val/n02979186/n02979186_19190.JPEG,482,482,cassette_player,0.5564829111099243,"[482, 811, 848, 754, 590]","[""cassette_player"", ""space_heater"", ""tape_player"", ""radio"", ""hand-held_computer""]","[0.5564829111099243, 0.06850110739469528, 0.024762097746133804, 0.024634458124637604, 0.02154911309480667]",True,True
b0148,data/raw/imagenette2-320/val/n02979186/n02979186_13950.JPEG,482,482,cassette_player,0.46976202726364136,"[482, 848, 481, 754, 485]","[""cassette_player"", ""tape_player"", ""cassette"", ""radio"", ""CD_player""]","[0.46976202726364136, 0.3477534055709839, 0.1279740333557129, 0.014759080484509468, 0.012007398530840874]",True,True
b0149,data/raw/imagenette2-320/val/n02979186/n02979186_1542.JPEG,482,848,tape_player,0.4637420177459717,"[848, 482, 754, 481, 485]","[""tape_player"", ""cassette_player"", ""radio"", ""cassette"", ""CD_player""]","[0.4637420177459717, 0.15894421935081482, 0.11705603450536728, 0.11309298872947693, 0.07238616794347763]",False,True
b0150,data/raw/imagenette2-320/val/n03000684/n03000684_17431.JPEG,491,491,chain_saw,0.9188355207443237,"[491, 413, 464, 777, 795]","[""chain_saw"", ""assault_rifle"", ""buckle"", ""scabbard"", ""ski""]","[0.9188355207443237, 0.009432760067284107, 0.005162870045751333, 0.001923752366565168, 0.0019093316514045]",True,True
b0151,data/raw/imagenette2-320/val/n03000684/n03000684_9260.JPEG,491,491,chain_saw,0.8973431587219238,"[491, 972, 830, 671, 996]","[""chain_saw"", ""cliff"", ""stretcher"", ""mountain_bike"", ""hen-of-the-woods""]","[0.8973431587219238, 0.00687387865036726, 0.004623936954885721, 0.0039075277745723724, 0.0020475934725254774]",True,True
b0152,data/raw/imagenette2-320/val/n03000684/n03000684_10820.JPEG,491,491,chain_saw,0.9955110549926758,"[491, 830, 621, 634, 866]","[""chain_saw"", ""stretcher"", ""lawn_mower"", ""lumbermill"", ""tractor""]","[0.9955110549926758, 0.0005715822917409241, 0.0002982853911817074, 0.00017159989511128515, 9.878013952402398e-05]",True,True
b0153,data/raw/imagenette2-320/val/n03000684/n03000684_1100.JPEG,491,491,chain_saw,0.4082350432872772,"[491, 880, 870, 543, 671]","[""chain_saw"", ""unicycle"", ""tricycle"", ""dumbbell"", ""mountain_bike""]","[0.4082350432872772, 0.03282421454787254, 0.018094230443239212, 0.01494632288813591, 0.009871918708086014]",True,True
b0154,data/raw/imagenette2-320/val/n03000684/n03000684_7822.JPEG,491,491,chain_saw,0.9775307774543762,"[491, 621, 730, 740, 676]","[""chain_saw"", ""lawn_mower"", ""plow"", ""power_drill"", ""muzzle""]","[0.9775307774543762, 0.001236335257999599, 0.00094106380129233, 0.000721030286513269, 0.000577547587454319]",True,True
b0155,data/raw/imagenette2-320/val/n03000684/n03000684_3470.JPEG,491,491,chain_saw,0.8462531566619873,"[491, 634, 787, 577, 730]","[""chain_saw"", ""lumbermill"", ""shield"", ""gong"", ""plow""]","[0.8462531566619873, 0.07483832538127899, 0.01213789451867342, 0.01047216821461916, 0.0027993894182145596]",True,True
b0156,data/raw/imagenette2-320/val/n03000684/n03000684_13352.JPEG,491,491,chain_saw,0.89505535364151,"[491, 758, 676, 803, 634]","[""chain_saw"", ""reel"", ""muzzle"", ""snowplow"", ""lumbermill""]","[0.89505535364151, 0.0012946961214765906, 0.0012041762238368392, 0.0008587594493292272, 0.0008567781769670546]",True,True
b0157,data/raw/imagenette2-320/val/n03000684/n03000684_2961.JPEG,491,491,chain_saw,0.9005764126777649,"[491, 830, 671, 120, 570]","[""chain_saw"", ""stretcher"", ""mountain_bike"", ""fiddler_crab"", ""gasmask""]","[0.9005764126777649, 0.020978562533855438, 0.004817367997020483, 0.004507355857640505, 0.0032073408365249634]",True,True
b0158,data/raw/imagenette2-320/val/n03000684/n03000684_5970.JPEG,491,491,chain_saw,0.9743640422821045,"[491, 674, 803, 840, 662]","[""chain_saw"", ""mousetrap"", ""snowplow"", ""swab"", ""modem""]","[0.9743640422821045, 0.002907179994508624, 0.00198766915127635, 0.0004179822572041303, 0.00031229641172103584]",True,True
b0159,data/raw/imagenette2-320/val/n03000684/n03000684_30692.JPEG,491,491,chain_saw,0.9933613538742065,"[491, 803, 621, 595, 866]","[""chain_saw"", ""snowplow"", ""lawn_mower"", ""harvester"", ""tractor""]","[0.9933613538742065, 0.0008899119566194713, 0.0006328400340862572, 0.0005297863390296698, 0.00038847982068546116]",True,True
b0160,data/raw/imagenette2-320/val/n03000684/n03000684_9182.JPEG,491,491,chain_saw,0.9447464942932129,"[491, 634, 807, 471, 413]","[""chain_saw"", ""lumbermill"", ""solar_dish"", ""cannon"", ""assault_rifle""]","[0.9447464942932129, 0.004689204506576061, 0.0034258731175214052, 0.003370737424120307, 0.0014217490097507834]",True,True
b0161,data/raw/imagenette2-320/val/n03000684/n03000684_33461.JPEG,491,634,lumbermill,0.050408653914928436,"[634, 413, 491, 807, 764]","[""lumbermill"", ""assault_rifle"", ""chain_saw"", ""solar_dish"", ""rifle""]","[0.050408653914928436, 0.04903669282793999, 0.04507654905319214, 0.03944201394915581, 0.038338709622621536]",False,True
b0162,data/raw/imagenette2-320/val/n03000684/n03000684_33281.JPEG,491,491,chain_saw,0.59615558385849,"[491, 830, 634, 596, 972]","[""chain_saw"", ""stretcher"", ""lumbermill"", ""hatchet"", ""cliff""]","[0.59615558385849, 0.04771874472498894, 0.024796053767204285, 0.020037660375237465, 0.016805795952677727]",True,True
b0163,data/raw/imagenette2-320/val/n03000684/n03000684_4012.JPEG,491,413,assault_rifle,0.2884748578071594,"[413, 491, 830, 764, 777]","[""assault_rifle"", ""chain_saw"", ""stretcher"", ""rifle"", ""scabbard""]","[0.2884748578071594, 0.2476029247045517, 0.1262398660182953, 0.10607758164405823, 0.01833689957857132]",False,True
b0164,data/raw/imagenette2-320/val/n03000684/n03000684_36420.JPEG,491,491,chain_saw,0.35544881224632263,"[491, 465, 634, 500, 730]","[""chain_saw"", ""bulletproof_vest"", ""lumbermill"", ""cliff_dwelling"", ""plow""]","[0.35544881224632263, 0.058361295610666275, 0.04429049789905548, 0.02598723955452442, 0.025735098868608475]",True,True
b0165,data/raw/imagenette2-320/val/n03000684/n03000684_14132.JPEG,491,870,tricycle,0.06394343078136444,"[870, 692, 830, 751, 678]","[""tricycle"", ""packet"", ""stretcher"", ""racer"", ""neck_brace""]","[0.06394343078136444, 0.05793154612183571, 0.05431186035275459, 0.04847988858819008, 0.026285426691174507]",False,False
b0166,data/raw/imagenette2-320/val/n03000684/n03000684_7312.JPEG,491,491,chain_saw,0.9746859073638916,"[491, 803, 674, 621, 592]","[""chain_saw"", ""snowplow"", ""mousetrap"", ""lawn_mower"", ""hard_disc""]","[0.9746859073638916, 0.0010726305190473795, 0.00021473507513292134, 0.00018070799706038088, 0.00016575332847423851]",True,True
b0167,data/raw/imagenette2-320/val/n03000684/n03000684_27361.JPEG,491,491,chain_saw,0.9423037171363831,"[491, 730, 535, 898, 895]","[""chain_saw"", ""plow"", ""disk_brake"", ""water_bottle"", ""warplane""]","[0.9423037171363831, 0.004392009228467941, 0.004145147278904915, 0.0026759037282317877, 0.0021738819777965546]",True,True
b0168,data/raw/imagenette2-320/val/n03000684/n03000684_17330.JPEG,491,491,chain_saw,0.641837477684021,"[491, 751, 674, 408, 803]","[""chain_saw"", ""racer"", ""mousetrap"", ""amphibian"", ""snowplow""]","[0.641837477684021, 0.056333545595407486, 0.013063786551356316, 0.008611666038632393, 0.008339866064488888]",True,True
b0169,data/raw/imagenette2-320/val/n03000684/n03000684_23960.JPEG,491,491,chain_saw,0.7198745608329773,"[491, 473, 584, 812, 623]","[""chain_saw"", ""can_opener"", ""hair_slide"", ""space_shuttle"", ""letter_opener""]","[0.7198745608329773, 0.02583715319633484, 0.012299438938498497, 0.012228959240019321, 0.010325389914214611]",True,True
b0170,data/raw/imagenette2-320/val/n03000684/n03000684_4472.JPEG,491,583,guillotine,0.15115764737129211,"[583, 634, 830, 856, 595]","[""guillotine"", ""lumbermill"", ""stretcher"", ""thresher"", ""harvester""]","[0.15115764737129211, 0.0798749029636383, 0.041769612580537796, 0.03014253079891205, 0.027536725625395775]",False,False
b0171,data/raw/imagenette2-320/val/n03000684/n03000684_33902.JPEG,491,862,torch,0.3233587443828583,"[862, 491, 583, 740, 585]","[""torch"", ""chain_saw"", ""guillotine"", ""power_drill"", ""hair_spray""]","[0.3233587443828583, 0.06954608112573624, 0.028384504839777946, 0.028185848146677017, 0.012819257564842701]",False,True
b0172,data/raw/imagenette2-320/val/n03000684/n03000684_14600.JPEG,491,730,plow,0.4420974552631378,"[730, 491, 456, 413, 595]","[""plow"", ""chain_saw"", ""bow"", ""assault_rifle"", ""harvester""]","[0.4420974552631378, 0.3670380711555481, 0.0156527329236269, 0.013866549357771873, 0.011984474956989288]",False,True
b0173,data/raw/imagenette2-320/val/n03000684/n03000684_931.JPEG,491,491,chain_saw,0.984193742275238,"[491, 507, 803, 676, 856]","[""chain_saw"", ""combination_lock"", ""snowplow"", ""muzzle"", ""thresher""]","[0.984193742275238, 0.00036208960227668285, 0.00027480730204842985, 0.0001812364935176447, 0.00017908094741869718]",True,True
b0174,data/raw/imagenette2-320/val/n03000684/n03000684_8831.JPEG,491,491,chain_saw,0.4659022390842438,"[491, 843, 456, 413, 862]","[""chain_saw"", ""swing"", ""bow"", ""assault_rifle"", ""torch""]","[0.4659022390842438, 0.08883478492498398, 0.042244937270879745, 0.02315686084330082, 0.019087785854935646]",True,True
b0175,data/raw/imagenette2-320/val/n03000684/n03000684_3361.JPEG,491,491,chain_saw,0.8726736903190613,"[491, 634, 856, 803, 671]","[""chain_saw"", ""lumbermill"", ""thresher"", ""snowplow"", ""mountain_bike""]","[0.8726736903190613, 0.03629733994603157, 0.0037221007514744997, 0.003534219926223159, 0.002888469258323312]",True,True
b0176,data/raw/imagenette2-320/val/n03000684/ILSVRC2012_val_00036092.JPEG,491,646,maze,0.4630454480648041,"[646, 730, 830, 491, 671]","[""maze"", ""plow"", ""stretcher"", ""chain_saw"", ""mountain_bike""]","[0.4630454480648041, 0.05348418280482292, 0.04494470730423927, 0.02942573092877865, 0.02695622853934765]",False,True
b0177,data/raw/imagenette2-320/val/n03000684/ILSVRC2012_val_00011170.JPEG,491,491,chain_saw,0.2364867776632309,"[491, 802, 671, 634, 796]","[""chain_saw"", ""snowmobile"", ""mountain_bike"", ""lumbermill"", ""ski_mask""]","[0.2364867776632309, 0.07259821146726608, 0.07231500744819641, 0.03876752033829689, 0.03817392513155937]",True,True
b0178,data/raw/imagenette2-320/val/n03000684/n03000684_6471.JPEG,491,456,bow,0.0735531896352768,"[456, 795, 830, 64, 784]","[""bow"", ""ski"", ""stretcher"", ""green_mamba"", ""screwdriver""]","[0.0735531896352768, 0.0732436254620552, 0.04608307033777237, 0.036486487835645676, 0.0324685275554657]",False,False
b0179,data/raw/imagenette2-320/val/n03000684/n03000684_34011.JPEG,491,491,chain_saw,0.3417187035083771,"[491, 410, 830, 634, 544]","[""chain_saw"", ""apiary"", ""stretcher"", ""lumbermill"", ""Dutch_oven""]","[0.3417187035083771, 0.12661463022232056, 0.08194239437580109, 0.07892952114343643, 0.018329789862036705]",True,True
b0180,data/raw/imagenette2-320/val/n03000684/n03000684_9752.JPEG,491,646,maze,0.2443242073059082,"[646, 671, 970, 491, 880]","[""maze"", ""mountain_bike"", ""alp"", ""chain_saw"", ""unicycle""]","[0.2443242073059082, 0.2062986046075821, 0.04458164423704147, 0.03301195055246353, 0.0313403457403183]",False,True
b0181,data/raw/imagenette2-320/val/n03000684/ILSVRC2012_val_00011951.JPEG,491,491,chain_saw,0.49072062969207764,"[491, 477, 740, 414, 790]","[""chain_saw"", ""carpenter's_kit"", ""power_drill"", ""backpack"", ""shopping_basket""]","[0.49072062969207764, 0.14659973978996277, 0.054042596369981766, 0.021719036623835564, 0.011143277399241924]",True,True
b0182,data/raw/imagenette2-320/val/n03000684/n03000684_13071.JPEG,491,456,bow,0.07097020000219345,"[456, 794, 583, 700, 602]","[""bow"", ""shower_curtain"", ""guillotine"", ""paper_towel"", ""horizontal_bar""]","[0.07097020000219345, 0.05799137055873871, 0.03323547542095184, 0.0323830284178257, 0.03229869157075882]",False,False
b0183,data/raw/imagenette2-320/val/n03000684/n03000684_15441.JPEG,491,868,tray,0.18003655970096588,"[868, 921, 549, 692, 458]","[""tray"", ""book_jacket"", ""envelope"", ""packet"", ""brass""]","[0.18003655970096588, 0.15995946526527405, 0.07326905429363251, 0.050412677228450775, 0.03325694799423218]",False,False
b0184,data/raw/imagenette2-320/val/n03000684/n03000684_6160.JPEG,491,491,chain_saw,0.6794732809066772,"[491, 674, 751, 692, 450]","[""chain_saw"", ""mousetrap"", ""racer"", ""packet"", ""bobsled""]","[0.6794732809066772, 0.02940472774207592, 0.021319929510354996, 0.018081309273838997, 0.00860215537250042]",True,True
b0185,data/raw/imagenette2-320/val/n03000684/n03000684_27220.JPEG,491,491,chain_saw,0.7435845732688904,"[491, 395, 671, 830, 456]","[""chain_saw"", ""gar"", ""mountain_bike"", ""stretcher"", ""bow""]","[0.7435845732688904, 0.017388733103871346, 0.015676800161600113, 0.006192369386553764, 0.00571033637970686]",True,True
b0186,data/raw/imagenette2-320/val/n03000684/n03000684_30092.JPEG,491,491,chain_saw,0.9215350151062012,"[491, 634, 492, 856, 583]","[""chain_saw"", ""lumbermill"", ""chest"", ""thresher"", ""guillotine""]","[0.9215350151062012, 0.0168326273560524, 0.008783722296357155, 0.007803096901625395, 0.004071126691997051]",True,True
b0187,data/raw/imagenette2-320/val/n03000684/n03000684_24332.JPEG,491,491,chain_saw,0.8326807022094727,"[491, 803, 769, 464, 507]","[""chain_saw"", ""snowplow"", ""rule"", ""buckle"", ""combination_lock""]","[0.8326807022094727, 0.0033722519874572754, 0.0015823005232959986, 0.0015617863973602653, 0.0012931054225191474]",True,True
b0188,data/raw/imagenette2-320/val/n03000684/n03000684_27981.JPEG,491,491,chain_saw,0.2000511735677719,"[491, 752, 621, 972, 825]","[""chain_saw"", ""racket"", ""lawn_mower"", ""cliff"", ""stone_wall""]","[0.2000511735677719, 0.05792878195643425, 0.03777686133980751, 0.033540546894073486, 0.02772170677781105]",True,True
b0189,data/raw/imagenette2-320/val/n03000684/n03000684_272.JPEG,491,491,chain_saw,0.9254230260848999,"[491, 740, 587, 758, 763]","[""chain_saw"", ""power_drill"", ""hammer"", ""reel"", ""revolver""]","[0.9254230260848999, 0.006126102991402149, 0.0056038410402834415, 0.0037444387562572956, 0.002047685906291008]",True,True
b0190,data/raw/imagenette2-320/val/n03000684/n03000684_1821.JPEG,491,570,gasmask,0.08517614752054214,"[570, 491, 797, 414, 615]","[""gasmask"", ""chain_saw"", ""sleeping_bag"", ""backpack"", ""knee_pad""]","[0.08517614752054214, 0.0753379613161087, 0.053864289075136185, 0.042164869606494904, 0.03561493754386902]",False,True
b0191,data/raw/imagenette2-320/val/n03000684/n03000684_7161.JPEG,491,491,chain_saw,0.6458628177642822,"[491, 410, 830, 996, 337]","[""chain_saw"", ""apiary"", ""stretcher"", ""hen-of-the-woods"", ""beaver""]","[0.6458628177642822, 0.06071798503398895, 0.015045111998915672, 0.013226542621850967, 0.0052512697875499725]",True,True
b0192,data/raw/imagenette2-320/val/n03000684/n03000684_6710.JPEG,491,464,buckle,0.36655113101005554,"[464, 491, 492, 803, 730]","[""buckle"", ""chain_saw"", ""chest"", ""snowplow"", ""plow""]","[0.36655113101005554, 0.3321045935153961, 0.02840941585600376, 0.011270817369222641, 0.008026253432035446]",False,True
b0193,data/raw/imagenette2-320/val/n03000684/n03000684_29900.JPEG,491,634,lumbermill,0.22119103372097015,"[634, 726, 807, 491, 410]","[""lumbermill"", ""plane"", ""solar_dish"", ""chain_saw"", ""apiary""]","[0.22119103372097015, 0.18071800470352173, 0.07600440829992294, 0.03325704112648964, 0.0321844108402729]",False,True
b0194,data/raw/imagenette2-320/val/n03000684/n03000684_7790.JPEG,491,491,chain_saw,0.6222193241119385,"[491, 371, 465, 830, 228]","[""chain_saw"", ""patas"", ""bulletproof_vest"", ""stretcher"", ""komondor""]","[0.6222193241119385, 0.023374617099761963, 0.022599004209041595, 0.02187207341194153, 0.016540534794330597]",True,True
b0195,data/raw/imagenette2-320/val/n03000684/n03000684_2610.JPEG,491,491,chain_saw,0.8491097092628479,"[491, 233, 730, 410, 634]","[""chain_saw"", ""Bouvier_des_Flandres"", ""plow"", ""apiary"", ""lumbermill""]","[0.8491097092628479, 0.007691416423767805, 0.005972107872366905, 0.005503597669303417, 0.005177182611078024]",True,True
b0196,data/raw/imagenette2-320/val/n03000684/n03000684_2922.JPEG,491,491,chain_saw,0.5570730566978455,"[491, 912, 830, 730, 634]","[""chain_saw"", ""worm_fence"", ""stretcher"", ""plow"", ""lumbermill""]","[0.5570730566978455, 0.11884791404008865, 0.06282766163349152, 0.02031615935266018, 0.020200924947857857]",True,True
b0197,data/raw/imagenette2-320/val/n03000684/n03000684_19272.JPEG,491,273,dingo,0.146998792886734,"[273, 173, 491, 830, 277]","[""dingo"", ""Ibizan_hound"", ""chain_saw"", ""stretcher"", ""red_fox""]","[0.146998792886734, 0.06557495892047882, 0.057173214852809906, 0.04710930585861206, 0.04159943759441376]",False,True
b0198,data/raw/imagenette2-320/val/n03000684/n03000684_13402.JPEG,491,491,chain_saw,0.1263633519411087,"[491, 972, 410, 830, 634]","[""chain_saw"", ""cliff"", ""apiary"", ""stretcher"", ""lumbermill""]","[0.1263633519411087, 0.03927239403128624, 0.03811454400420189, 0.030301284044981003, 0.025446496903896332]",True,True
b0199,data/raw/imagenette2-320/val/n03000684/n03000684_31000.JPEG,491,795,ski,0.4636693298816681,"[795, 491, 807, 701, 796]","[""ski"", ""chain_saw"", ""solar_dish"", ""parachute"", ""ski_mask""]","[0.4636693298816681, 0.06375566124916077, 0.03696882724761963, 0.032377906143665314, 0.030831102281808853]",False,True
b0200,data/raw/imagenette2-320/val/n03028079/n03028079_29670.JPEG,497,442,bell_cote,0.4658356308937073,"[442, 497, 663, 483, 668]","[""bell_cote"", ""church"", ""monastery"", ""castle"", ""mosque""]","[0.4658356308937073, 0.27476638555526733, 0.06193491443991661, 0.015753472223877907, 0.014137113466858864]",False,True
b0201,data/raw/imagenette2-320/val/n03028079/ILSVRC2012_val_00019331.JPEG,497,884,vault,0.4442448914051056,"[884, 663, 442, 873, 497]","[""vault"", ""monastery"", ""bell_cote"", ""triumphal_arch"", ""church""]","[0.4442448914051056, 0.09981079399585724, 0.08364760875701904, 0.05821756646037102, 0.040164198726415634]",False,True
b0202,data/raw/imagenette2-320/val/n03028079/n03028079_57572.JPEG,497,497,church,0.22631824016571045,"[497, 663, 442, 698, 483]","[""church"", ""monastery"", ""bell_cote"", ""palace"", ""castle""]","[0.22631824016571045, 0.15282760560512543, 0.11166424304246902, 0.05991557613015175, 0.025760311633348465]",True,True
b0203,data/raw/imagenette2-320/val/n03028079/n03028079_7882.JPEG,497,442,bell_cote,0.2532632350921631,"[442, 663, 497, 483, 884]","[""bell_cote"", ""monastery"", ""church"", ""castle"", ""vault""]","[0.2532632350921631, 0.24600864946842194, 0.12160676717758179, 0.05842640623450279, 0.01669934391975403]",False,True
b0204,data/raw/imagenette2-320/val/n03028079/n03028079_8360.JPEG,497,687,organ,0.4673904478549957,"[687, 406, 884, 497, 663]","[""organ"", ""altar"", ""vault"", ""church"", ""monastery""]","[0.4673904478549957, 0.07293454557657242, 0.03458869084715843, 0.02806541696190834, 0.021737901493906975]",False,True
b0205,data/raw/imagenette2-320/val/n03028079/n03028079_11591.JPEG,497,497,church,0.5368746519088745,"[497, 442, 663, 682, 406]","[""church"", ""bell_cote"", ""monastery"", ""obelisk"", ""altar""]","[0.5368746519088745, 0.14289934933185577, 0.03288429602980614, 0.02127690799534321, 0.015101817436516285]",True,True
b0206,data/raw/imagenette2-320/val/n03028079/n03028079_8611.JPEG,497,442,bell_cote,0.43361538648605347,"[442, 497, 663, 970, 449]","[""bell_cote"", ""church"", ""monastery"", ""alp"", ""boathouse""]","[0.43361538648605347, 0.4133414328098297, 0.012752804905176163, 0.008963499218225479, 0.0071809678338468075]",False,True
b0207,data/raw/imagenette2-320/val/n03028079/n03028079_41101.JPEG,497,483,castle,0.22986488044261932,"[483, 975, 663, 562, 442]","[""castle"", ""lakeside"", ""monastery"", ""fountain"", ""bell_cote""]","[0.22986488044261932, 0.1534305065870285, 0.08779046684503555, 0.06711139529943466, 0.028169356286525726]",False,False
b0208,data/raw/imagenette2-320/val/n03028079/n03028079_29412.JPEG,497,687,organ,0.48591193556785583,"[687, 497, 677, 494, 442]","[""organ"", ""church"", ""nail"", ""chime"", ""bell_cote""]","[0.48591193556785583, 0.03838634118437767, 0.03289055451750755, 0.028626609593629837, 0.02858003042638302]",False,True
b0209,data/raw/imagenette2-320/val/n03028079/n03028079_56741.JPEG,497,663,monastery,0.29960140585899353,"[663, 698, 497, 483, 406]","[""monastery"", ""palace"", ""church"", ""castle"", ""altar""]","[0.29960140585899353, 0.1174578070640564, 0.10510942339897156, 0.05792379006743431, 0.04004150256514549]",False,True
b0210,data/raw/imagenette2-320/val/n03028079/n03028079_99351.JPEG,497,497,church,0.28055378794670105,"[497, 663, 442, 698, 538]","[""church"", ""monastery"", ""bell_cote"", ""palace"", ""dome""]","[0.28055378794670105, 0.21730126440525055, 0.09173169732093811, 0.08519230037927628, 0.0337931290268898]",True,True
b0211,data/raw/imagenette2-320/val/n03028079/ILSVRC2012_val_00019711.JPEG,497,442,bell_cote,0.5690503716468811,"[442, 417, 657, 538, 517]","[""bell_cote"", ""balloon"", ""missile"", ""dome"", ""crane""]","[0.5690503716468811, 0.0628800094127655, 0.03494596853852272, 0.032911550253629684, 0.02949889376759529]",False,False
b0212,data/raw/imagenette2-320/val/n03028079/n03028079_14210.JPEG,497,497,church,0.27583450078964233,"[497, 406, 884, 663, 762]","[""church"", ""altar"", ""vault"", ""monastery"", ""restaurant""]","[0.27583450078964233, 0.1818748265504837, 0.09893204271793365, 0.029242848977446556, 0.017499588429927826]",True,True
b0213,data/raw/imagenette2-320/val/n03028079/n03028079_26291.JPEG,497,406,altar,0.2955913543701172,"[406, 497, 884, 663, 698]","[""altar"", ""church"", ""vault"", ""monastery"", ""palace""]","[0.2955913543701172, 0.2773924171924591, 0.15013234317302704, 0.08226103335618973, 0.028116947039961815]",False,True
b0214,data/raw/imagenette2-320/val/n03028079/n03028079_12802.JPEG,497,497,church,0.8956446647644043,"[497, 448, 538, 442, 716]","[""church"", ""birdhouse"", ""dome"", ""bell_cote"", ""picket_fence""]","[0.8956446647644043, 0.010255364701151848, 0.006484699435532093, 0.005875845439732075, 0.0033586211502552032]",True,True
b0215,data/raw/imagenette2-320/val/n03028079/n03028079_53551.JPEG,497,497,church,0.5195765495300293,"[497, 442, 425, 912, 449]","[""church"", ""bell_cote"", ""barn"", ""worm_fence"", ""boathouse""]","[0.5195765495300293, 0.09815157949924469, 0.05161669850349426, 0.05125376954674721, 0.016732489690184593]",True,True
b0216,data/raw/imagenette2-320/val/n03028079/n03028079_25680.JPEG,497,884,vault,0.379872590303421,"[884, 538, 406, 887, 873]","[""vault"", ""dome"", ""altar"", ""vestment"", ""triumphal_arch""]","[0.379872590303421, 0.17975108325481415, 0.06784044951200485, 0.05545693635940552, 0.032989680767059326]",False,False
b0217,data/raw/imagenette2-320/val/n03028079/n03028079_2951.JPEG,497,884,vault,0.40905457735061646,"[884, 497, 406, 687, 663]","[""vault"", ""church"", ""altar"", ""organ"", ""monastery""]","[0.40905457735061646, 0.25228485465049744, 0.15532203018665314, 0.03227635845541954, 0.01096724346280098]",False,True
b0218,data/raw/imagenette2-320/val/n03028079/n03028079_13331.JPEG,497,884,vault,0.40576258301734924,"[884, 406, 663, 698, 687]","[""vault"", ""altar"", ""monastery"", ""palace"", ""organ""]","[0.40576258301734924, 0.17672069370746613, 0.1284506767988205, 0.040994793176651, 0.017271818593144417]",False,False
b0219,data/raw/imagenette2-320/val/n03028079/n03028079_10410.JPEG,497,812,space_shuttle,0.13401806354522705,"[812, 449, 483, 562, 497]","[""space_shuttle"", ""boathouse"", ""castle"", ""fountain"", ""church""]","[0.13401806354522705, 0.10596910864114761, 0.09503022581338882, 0.058991070836782455, 0.04375305026769638]",False,True
b0220,data/raw/imagenette2-320/val/n03028079/n03028079_1332.JPEG,497,497,church,0.4053179919719696,"[497, 442, 663, 483, 970]","[""church"", ""bell_cote"", ""monastery"", ""castle"", ""alp""]","[0.4053179919719696, 0.2630983293056488, 0.08530719578266144, 0.0529165156185627, 0.01420488953590393]",True,True
b0221,data/raw/imagenette2-320/val/n03028079/n03028079_8661.JPEG,497,442,bell_cote,0.6304283142089844,"[442, 497, 663, 483, 538]","[""bell_cote"", ""church"", ""monastery"", ""castle"", ""dome""]","[0.6304283142089844, 0.17489033937454224, 0.055545270442962646, 0.01412823237478733, 0.007530946750193834]",False,True
b0222,data/raw/imagenette2-320/val/n03028079/n03028079_6860.JPEG,497,442,bell_cote,0.3303547501564026,"[442, 497, 663, 698, 406]","[""bell_cote"", ""church"", ""monastery"", ""palace"", ""altar""]","[0.3303547501564026, 0.16988219320774078, 0.0662788599729538, 0.059169214218854904, 0.030437959358096123]",False,True
b0223,data/raw/imagenette2-320/val/n03028079/n03028079_4292.JPEG,497,884,vault,0.8390037417411804,"[884, 497, 538, 406, 663]","[""vault"", ""church"", ""dome"", ""altar"", ""monastery""]","[0.8390037417411804, 0.06613274663686752, 0.027371777221560478, 0.007331803906708956, 0.004338247235864401]",False,True
b0224,data/raw/imagenette2-320/val/n03028079/n03028079_38692.JPEG,497,497,church,0.6993411183357239,"[497, 483, 442, 663, 975]","[""church"", ""castle"", ""bell_cote"", ""monastery"", ""lakeside""]","[0.6993411183357239, 0.14755626022815704, 0.023789716884493828, 0.02157673053443432, 0.0036632404662668705]",True,True
b0225,data/raw/imagenette2-320/val/n03028079/n03028079_14600.JPEG,497,497,church,0.2925412058830261,"[497, 663, 698, 442, 483]","[""church"", ""monastery"", ""palace"", ""bell_cote"", ""castle""]","[0.2925412058830261, 0.09950626641511917, 0.06752173602581024, 0.03192860633134842, 0.029030531644821167]",True,True
b0226,data/raw/imagenette2-320/val/n03028079/n03028079_28352.JPEG,497,425,barn,0.4068112075328827,"[425, 497, 449, 442, 912]","[""barn"", ""church"", ""boathouse"", ""bell_cote"", ""worm_fence""]","[0.4068112075328827, 0.1157691478729248, 0.076191745698452, 0.0751476138830185, 0.0482047013938427]",False,True
b0227,data/raw/imagenette2-320/val/n03028079/ILSVRC2012_val_00028310.JPEG,497,483,castle,0.21914327144622803,"[483, 698, 497, 663, 442]","[""castle"", ""palace"", ""church"", ""monastery"", ""bell_cote""]","[0.21914327144622803, 0.19515074789524078, 0.1239425465464592, 0.07814855873584747, 0.06549333035945892]",False,True
b0228,data/raw/imagenette2-320/val/n03028079/n03028079_26371.JPEG,497,497,church,0.34470775723457336,"[497, 442, 663, 884, 698]","[""church"", ""bell_cote"", ""monastery"", ""vault"", ""palace""]","[0.34470775723457336, 0.14827972650527954, 0.08912238478660583, 0.029290014877915382, 0.020186899229884148]",True,True
b0229,data/raw/imagenette2-320/val/n03028079/n03028079_7250.JPEG,497,497,church,0.48482745885849,"[497, 442, 663, 698, 858]","[""church"", ""bell_cote"", ""monastery"", ""palace"", ""tile_roof""]","[0.48482745885849, 0.1290460079908371, 0.0631398931145668, 0.03735366463661194, 0.017658045515418053]",True,True
b0230,data/raw/imagenette2-320/val/n03028079/n03028079_8132.JPEG,497,431,bassinet,0.24858494102954865,"[431, 538, 516, 812, 470]","[""bassinet"", ""dome"", ""cradle"", ""space_shuttle"", ""candle""]","[0.24858494102954865, 0.1178152933716774, 0.07646261155605316, 0.0398368313908577, 0.03659222275018692]",False,False
b0231,data/raw/imagenette2-320/val/n03028079/n03028079_16960.JPEG,497,497,church,0.4054412543773651,"[497, 442, 663, 884, 668]","[""church"", ""bell_cote"", ""monastery"", ""vault"", ""mosque""]","[0.4054412543773651, 0.2457355409860611, 0.09139017015695572, 0.024450428783893585, 0.014805234968662262]",True,True
b0232,data/raw/imagenette2-320/val/n03028079/n03028079_20670.JPEG,497,497,church,0.30282214283943176,"[497, 442, 483, 970, 437]","[""church"", ""bell_cote"", ""castle"", ""alp"", ""beacon""]","[0.30282214283943176, 0.17137442529201508, 0.07328585535287857, 0.034050386399030685, 0.02160589024424553]",True,True
b0233,data/raw/imagenette2-320/val/n03028079/n03028079_28302.JPEG,497,497,church,0.8491948246955872,"[497, 437, 442, 449, 663]","[""church"", ""beacon"", ""bell_cote"", ""boathouse"", ""monastery""]","[0.8491948246955872, 0.03749026730656624, 0.03313382342457771, 0.012862274423241615, 0.011505921371281147]",True,True
b0234,data/raw/imagenette2-320/val/n03028079/ILSVRC2012_val_00046232.JPEG,497,884,vault,0.1923501193523407,"[884, 868, 669, 794, 750]","[""vault"", ""tray"", ""mosquito_net"", ""shower_curtain"", ""quilt""]","[0.1923501193523407, 0.12219272553920746, 0.11847624182701111, 0.09526517242193222, 0.05545558035373688]",False,False
b0235,data/raw/imagenette2-320/val/n03028079/n03028079_26601.JPEG,497,442,bell_cote,0.5877035856246948,"[442, 497, 483, 663, 884]","[""bell_cote"", ""church"", ""castle"", ""monastery"", ""vault""]","[0.5877035856246948, 0.3022216856479645, 0.014105623587965965, 0.012267323210835457, 0.004624304361641407]",False,True
b0236,data/raw/imagenette2-320/val/n03028079/n03028079_7881.JPEG,497,442,bell_cote,0.41172024607658386,"[442, 497, 483, 663, 698]","[""bell_cote"", ""church"", ""castle"", ""monastery"", ""palace""]","[0.41172024607658386, 0.160931795835495, 0.047843191772699356, 0.03162642940878868, 0.026362646371126175]",False,True
b0237,data/raw/imagenette2-320/val/n03028079/n03028079_7171.JPEG,497,698,palace,0.2500579059123993,"[698, 663, 442, 668, 483]","[""palace"", ""monastery"", ""bell_cote"", ""mosque"", ""castle""]","[0.2500579059123993, 0.1511063128709793, 0.04527205973863602, 0.030070729553699493, 0.022205883637070656]",False,False
b0238,data/raw/imagenette2-320/val/n03028079/n03028079_2342.JPEG,497,425,barn,0.29634881019592285,"[425, 853, 663, 497, 912]","[""barn"", ""thatch"", ""monastery"", ""church"", ""worm_fence""]","[0.29634881019592285, 0.16406786441802979, 0.0569489449262619, 0.03228915110230446, 0.024922417476773262]",False,True
b0239,data/raw/imagenette2-320/val/n03028079/n03028079_6720.JPEG,497,663,monastery,0.21415983140468597,"[663, 497, 483, 442, 698]","[""monastery"", ""church"", ""castle"", ""bell_cote"", ""palace""]","[0.21415983140468597, 0.19623766839504242, 0.18717718124389648, 0.08441375941038132, 0.051952049136161804]",False,True
b0240,data/raw/imagenette2-320/val/n03028079/n03028079_3972.JPEG,497,725,pitcher,0.2869061827659607,"[725, 899, 743, 884, 849]","[""pitcher"", ""water_jug"", ""prison"", ""vault"", ""teapot""]","[0.2869061827659607, 0.1388116180896759, 0.05907800793647766, 0.04797752574086189, 0.0358627587556839]",False,False
b0241,data/raw/imagenette2-320/val/n03028079/n03028079_4572.JPEG,497,663,monastery,0.4443328082561493,"[663, 497, 698, 442, 884]","[""monastery"", ""church"", ""palace"", ""bell_cote"", ""vault""]","[0.4443328082561493, 0.1914924681186676, 0.05429426580667496, 0.019514739513397217, 0.016271226108074188]",False,True
b0242,data/raw/imagenette2-320/val/n03028079/n03028079_41342.JPEG,497,538,dome,0.8154413104057312,"[538, 884, 640, 497, 632]","[""dome"", ""vault"", ""manhole_cover"", ""church"", ""loudspeaker""]","[0.8154413104057312, 0.052177391946315765, 0.010547629557549953, 0.00874452106654644, 0.006889081560075283]",False,True
b0243,data/raw/imagenette2-320/val/n03028079/n03028079_26110.JPEG,497,668,mosque,0.19746702909469604,"[668, 663, 538, 698, 497]","[""mosque"", ""monastery"", ""dome"", ""palace"", ""church""]","[0.19746702909469604, 0.11056363582611084, 0.10226050019264221, 0.05702664330601692, 0.04449118301272392]",False,True
b0244,data/raw/imagenette2-320/val/n03028079/n03028079_16361.JPEG,497,663,monastery,0.3225785195827484,"[663, 442, 497, 483, 698]","[""monastery"", ""bell_cote"", ""church"", ""castle"", ""palace""]","[0.3225785195827484, 0.28953027725219727, 0.22467398643493652, 0.06236615031957626, 0.01985466480255127]",False,True
b0245,data/raw/imagenette2-320/val/n03028079/n03028079_13002.JPEG,497,442,bell_cote,0.37808534502983093,"[442, 497, 663, 437, 698]","[""bell_cote"", ""church"", ""monastery"", ""beacon"", ""palace""]","[0.37808534502983093, 0.2557905614376068, 0.17272962629795074, 0.01825026236474514, 0.012194313108921051]",False,True
b0246,data/raw/imagenette2-320/val/n03028079/ILSVRC2012_val_00007400.JPEG,497,406,altar,0.7831548452377319,"[406, 884, 663, 497, 687]","[""altar"", ""vault"", ""monastery"", ""church"", ""organ""]","[0.7831548452377319, 0.0767122209072113, 0.031948965042829514, 0.023831721395254135, 0.006942752283066511]",False,True
b0247,data/raw/imagenette2-320/val/n03028079/n03028079_5261.JPEG,497,663,monastery,0.5982924103736877,"[663, 442, 500, 970, 972]","[""monastery"", ""bell_cote"", ""cliff_dwelling"", ""alp"", ""cliff""]","[0.5982924103736877, 0.10356338322162628, 0.03207697719335556, 0.023601846769452095, 0.018663858994841576]",False,False
b0248,data/raw/imagenette2-320/val/n03028079/n03028079_26390.JPEG,497,663,monastery,0.5475756525993347,"[663, 497, 698, 483, 442]","[""monastery"", ""church"", ""palace"", ""castle"", ""bell_cote""]","[0.5475756525993347, 0.15638548135757446, 0.05833461508154869, 0.026860831305384636, 0.02575612999498844]",False,True
b0249,data/raw/imagenette2-320/val/n03028079/n03028079_13021.JPEG,497,497,church,0.3090827167034149,"[497, 442, 663, 483, 698]","[""church"", ""bell_cote"", ""monastery"", ""castle"", ""palace""]","[0.3090827167034149, 0.30275291204452515, 0.0916588306427002, 0.021768730133771896, 0.011200053617358208]",True,True
b0250,data/raw/imagenette2-320/val/n03394916/n03394916_39220.JPEG,566,513,cornet,0.22651590406894684,"[513, 683, 875, 566, 558]","[""cornet"", ""oboe"", ""trombone"", ""French_horn"", ""flute""]","[0.22651590406894684, 0.18121843039989471, 0.13277633488178253, 0.1231575608253479, 0.1167583018541336]",False,True
b0251,data/raw/imagenette2-320/val/n03394916/n03394916_47211.JPEG,566,566,French_horn,0.6617788672447205,"[566, 513, 875, 683, 776]","[""French_horn"", ""cornet"", ""trombone"", ""oboe"", ""sax""]","[0.6617788672447205, 0.09625428915023804, 0.09118332713842392, 0.05465302616357803, 0.016846271231770515]",True,True
b0252,data/raw/imagenette2-320/val/n03394916/n03394916_32800.JPEG,566,566,French_horn,0.3782353699207306,"[566, 513, 875, 776, 683]","[""French_horn"", ""cornet"", ""trombone"", ""sax"", ""oboe""]","[0.3782353699207306, 0.14368653297424316, 0.1270953118801117, 0.06132879853248596, 0.020700085908174515]",True,True
b0253,data/raw/imagenette2-320/val/n03394916/n03394916_3522.JPEG,566,584,hair_slide,0.08117936551570892,"[584, 126, 772, 398, 122]","[""hair_slide"", ""isopod"", ""safety_pin"", ""abacus"", ""American_lobster""]","[0.08117936551570892, 0.057799071073532104, 0.04913736879825592, 0.029036549851298332, 0.018647843971848488]",False,False
b0254,data/raw/imagenette2-320/val/n03394916/n03394916_36771.JPEG,566,566,French_horn,0.8262752890586853,"[566, 513, 875, 683, 776]","[""French_horn"", ""cornet"", ""trombone"", ""oboe"", ""sax""]","[0.8262752890586853, 0.032656967639923096, 0.009642262011766434, 0.0038298896979540586, 0.003083348274230957]",True,True
b0255,data/raw/imagenette2-320/val/n03394916/n03394916_45631.JPEG,566,566,French_horn,0.8931321501731873,"[566, 513, 776, 875, 432]","[""French_horn"", ""cornet"", ""sax"", ""trombone"", ""bassoon""]","[0.8931321501731873, 0.013515130616724491, 0.005768578965216875, 0.001332026906311512, 0.00116932753007859]",True,True
b0256,data/raw/imagenette2-320/val/n03394916/n03394916_9851.JPEG,566,566,French_horn,0.9196346998214722,"[566, 513, 875, 439, 776]","[""French_horn"", ""cornet"", ""trombone"", ""bearskin"", ""sax""]","[0.9196346998214722, 0.01213266234844923, 0.0011165215400978923, 0.0006619872874580324, 0.0005387680139392614]",True,True
b0257,data/raw/imagenette2-320/val/n03394916/n03394916_25580.JPEG,566,566,French_horn,0.39205026626586914,"[566, 513, 875, 683, 432]","[""French_horn"", ""cornet"", ""trombone"", ""oboe"", ""bassoon""]","[0.39205026626586914, 0.14893469214439392, 0.10013402253389359, 0.07372692972421646, 0.06681550294160843]",True,True
b0258,data/raw/imagenette2-320/val/n03394916/n03394916_35292.JPEG,566,566,French_horn,0.851406455039978,"[566, 432, 513, 683, 875]","[""French_horn"", ""bassoon"", ""cornet"", ""oboe"", ""trombone""]","[0.851406455039978, 0.008143899030983448, 0.006489668972790241, 0.0036848236341029406, 0.0035519155208021402]",True,True
b0259,data/raw/imagenette2-320/val/n03394916/n03394916_44882.JPEG,566,566,French_horn,0.6010605096817017,"[566, 601, 676, 689, 363]","[""French_horn"", ""hoopskirt"", ""muzzle"", ""overskirt"", ""armadillo""]","[0.6010605096817017, 0.020014392212033272, 0.012440433725714684, 0.005771245341747999, 0.004829822573810816]",True,True
b0260,data/raw/imagenette2-320/val/n03394916/n03394916_32931.JPEG,566,566,French_horn,0.6703904867172241,"[566, 776, 875, 513, 432]","[""French_horn"", ""sax"", ""trombone"", ""cornet"", ""bassoon""]","[0.6703904867172241, 0.06280218809843063, 0.06121231988072395, 0.05260146036744118, 0.0017424768302589655]",True,True
b0261,data/raw/imagenette2-320/val/n03394916/n03394916_29412.JPEG,566,566,French_horn,0.9404755234718323,"[566, 513, 776, 432, 683]","[""French_horn"", ""cornet"", ""sax"", ""bassoon"", ""oboe""]","[0.9404755234718323, 0.003867194289341569, 0.0024907824117690325, 0.001989945536479354, 0.001268630032427609]",True,True
b0262,data/raw/imagenette2-320/val/n03394916/n03394916_47212.JPEG,566,566,French_horn,0.9469331502914429,"[566, 513, 875, 432, 560]","[""French_horn"", ""cornet"", ""trombone"", ""bassoon"", ""football_helmet""]","[0.9469331502914429, 0.003635681699961424, 0.0007113731699064374, 0.0005444486159831285, 0.00039905330049805343]",True,True
b0263,data/raw/imagenette2-320/val/n03394916/n03394916_69060.JPEG,566,566,French_horn,0.4706874191761017,"[566, 513, 875, 558, 683]","[""French_horn"", ""cornet"", ""trombone"", ""flute"", ""oboe""]","[0.4706874191761017, 0.19149982929229736, 0.07966747879981995, 0.04047555476427078, 0.03629544749855995]",True,True
b0264,data/raw/imagenette2-320/val/n03394916/n03394916_14162.JPEG,566,566,French_horn,0.933485209941864,"[566, 513, 676, 875, 560]","[""French_horn"", ""cornet"", ""muzzle"", ""trombone"", ""football_helmet""]","[0.933485209941864, 0.016202259808778763, 0.002010118681937456, 0.0012999378377571702, 0.0008957803947851062]",True,True
b0265,data/raw/imagenette2-320/val/n03394916/n03394916_33262.JPEG,566,854,theater_curtain,0.11649423092603683,"[854, 558, 566, 819, 513]","[""theater_curtain"", ""flute"", ""French_horn"", ""stage"", ""cornet""]","[0.11649423092603683, 0.08056382834911346, 0.05631471797823906, 0.04622999578714371, 0.03702807426452637]",False,True
b0266,data/raw/imagenette2-320/val/n03394916/n03394916_42550.JPEG,566,566,French_horn,0.9498780965805054,"[566, 513, 875, 545, 846]","[""French_horn"", ""cornet"", ""trombone"", ""electric_fan"", ""table_lamp""]","[0.9498780965805054, 0.026644637808203697, 0.0110846608877182, 0.0025404810439795256, 0.0009551242692396045]",True,True
b0267,data/raw/imagenette2-320/val/n03394916/n03394916_46931.JPEG,566,566,French_horn,0.9885919690132141,"[566, 875, 513, 432, 683]","[""French_horn"", ""trombone"", ""cornet"", ""bassoon"", ""oboe""]","[0.9885919690132141, 0.002927070716395974, 0.002885067369788885, 0.0005684007192030549, 0.00038808814133517444]",True,True
b0268,data/raw/imagenette2-320/val/n03394916/n03394916_47110.JPEG,566,494,chime,0.045888740569353104,"[494, 733, 919, 600, 702]","[""chime"", ""pole"", ""street_sign"", ""hook"", ""parallel_bars""]","[0.045888740569353104, 0.042593009769916534, 0.03745627775788307, 0.03457653895020485, 0.03445989266037941]",False,False
b0269,data/raw/imagenette2-320/val/n03394916/n03394916_38702.JPEG,566,566,French_horn,0.3866615295410156,"[566, 513, 776, 875, 432]","[""French_horn"", ""cornet"", ""sax"", ""trombone"", ""bassoon""]","[0.3866615295410156, 0.38364702463150024, 0.0883370190858841, 0.046448301523923874, 0.0059772273525595665]",True,True
b0270,data/raw/imagenette2-320/val/n03394916/n03394916_51571.JPEG,566,566,French_horn,0.6769053936004639,"[566, 513, 683, 875, 432]","[""French_horn"", ""cornet"", ""oboe"", ""trombone"", ""bassoon""]","[0.6769053936004639, 0.007269811816513538, 0.002735429909080267, 0.002636766992509365, 0.0015339227393269539]",True,True
b0271,data/raw/imagenette2-320/val/n03394916/ILSVRC2012_val_00011691.JPEG,566,107,jellyfish,0.6053475141525269,"[107, 776, 73, 650, 819]","[""jellyfish"", ""sax"", ""barn_spider"", ""microphone"", ""stage""]","[0.6053475141525269, 0.04306551441550255, 0.015960238873958588, 0.011868019588291645, 0.009301689453423023]",False,False
b0272,data/raw/imagenette2-320/val/n03394916/n03394916_43381.JPEG,566,566,French_horn,0.9059268236160278,"[566, 513, 776, 875, 111]","[""French_horn"", ""cornet"", ""sax"", ""trombone"", ""nematode""]","[0.9059268236160278, 0.020686591044068336, 0.0018237004987895489, 0.0012615610612556338, 0.0008101139683276415]",True,True
b0273,data/raw/imagenette2-320/val/n03394916/n03394916_38340.JPEG,566,566,French_horn,0.8394569754600525,"[566, 513, 875, 776, 506]","[""French_horn"", ""cornet"", ""trombone"", ""sax"", ""coil""]","[0.8394569754600525, 0.023547248914837837, 0.0037506476510316133, 0.0016898930771276355, 0.0009185512899421155]",True,True
b0274,data/raw/imagenette2-320/val/n03394916/n03394916_33771.JPEG,566,566,French_horn,0.8936212062835693,"[566, 676, 432, 513, 683]","[""French_horn"", ""muzzle"", ""bassoon"", ""cornet"", ""oboe""]","[0.8936212062835693, 0.0029037510976195335, 0.0017654906259849668, 0.0017282282933592796, 0.0015858736587688327]",True,True
b0275,data/raw/imagenette2-320/val/n03394916/n03394916_26260.JPEG,566,566,French_horn,0.5989987850189209,"[566, 513, 875, 776, 683]","[""French_horn"", ""cornet"", ""trombone"", ""sax"", ""oboe""]","[0.5989987850189209, 0.050335925072431564, 0.01209860760718584, 0.0038688245695084333, 0.0031845727935433388]",True,True
b0276,data/raw/imagenette2-320/val/n03394916/n03394916_33462.JPEG,566,566,French_horn,0.8615178465843201,"[566, 513, 875, 683, 776]","[""French_horn"", ""cornet"", ""trombone"", ""oboe"", ""sax""]","[0.8615178465843201, 0.03646678850054741, 0.007641717791557312, 0.0017536513041704893, 0.001002004835754633]",True,True
b0277,data/raw/imagenette2-320/val/n03394916/n03394916_59361.JPEG,566,566,French_horn,0.8767274618148804,"[566, 513, 464, 875, 584]","[""French_horn"", ""cornet"", ""buckle"", ""trombone"", ""hair_slide""]","[0.8767274618148804, 0.011566595174372196, 0.0015206410316750407, 0.0014003738760948181, 0.001095422776415944]",True,True
b0278,data/raw/imagenette2-320/val/n03394916/ILSVRC2012_val_00037592.JPEG,566,566,French_horn,0.9107133746147156,"[566, 513, 776, 875, 683]","[""French_horn"", ""cornet"", ""sax"", ""trombone"", ""oboe""]","[0.9107133746147156, 0.0169290192425251, 0.004174697678536177, 0.0028878841549158096, 0.002438865602016449]",True,True
b0279,data/raw/imagenette2-320/val/n03394916/n03394916_30222.JPEG,566,513,cornet,0.3734969198703766,"[513, 566, 683, 822, 432]","[""cornet"", ""French_horn"", ""oboe"", ""steel_drum"", ""bassoon""]","[0.3734969198703766, 0.08917983621358871, 0.08119599521160126, 0.027693813666701317, 0.021414674818515778]",False,True
b0280,data/raw/imagenette2-320/val/n03394916/n03394916_35740.JPEG,566,566,French_horn,0.8795289993286133,"[566, 513, 878, 683, 810]","[""French_horn"", ""cornet"", ""typewriter_keyboard"", ""oboe"", ""space_bar""]","[0.8795289993286133, 0.005457453895360231, 0.00503549026325345, 0.004366102162748575, 0.0026396261528134346]",True,True
b0281,data/raw/imagenette2-320/val/n03394916/n03394916_38221.JPEG,566,566,French_horn,0.629214882850647,"[566, 875, 513, 432, 776]","[""French_horn"", ""trombone"", ""cornet"", ""bassoon"", ""sax""]","[0.629214882850647, 0.02053910866379738, 0.013415692374110222, 0.0039884415455162525, 0.0035431396681815386]",True,True
b0282,data/raw/imagenette2-320/val/n03394916/n03394916_4301.JPEG,566,566,French_horn,0.8108450770378113,"[566, 875, 513, 432, 683]","[""French_horn"", ""trombone"", ""cornet"", ""bassoon"", ""oboe""]","[0.8108450770378113, 0.02646797150373459, 0.024359116330742836, 0.008896052837371826, 0.007990988902747631]",True,True
b0283,data/raw/imagenette2-320/val/n03394916/n03394916_17100.JPEG,566,566,French_horn,0.7713024020195007,"[566, 513, 464, 875, 787]","[""French_horn"", ""cornet"", ""buckle"", ""trombone"", ""shield""]","[0.7713024020195007, 0.03744738548994064, 0.00459685456007719, 0.0036907466128468513, 0.0027799077797681093]",True,True
b0284,data/raw/imagenette2-320/val/n03394916/n03394916_60232.JPEG,566,566,French_horn,0.8329400420188904,"[566, 513, 875, 776, 494]","[""French_horn"", ""cornet"", ""trombone"", ""sax"", ""chime""]","[0.8329400420188904, 0.06999477744102478, 0.011148891411721706, 0.0031082185450941324, 0.0006143807549960911]",True,True
b0285,data/raw/imagenette2-320/val/n03394916/n03394916_59430.JPEG,566,566,French_horn,0.7258212566375732,"[566, 513, 875, 776, 432]","[""French_horn"", ""cornet"", ""trombone"", ""sax"", ""bassoon""]","[0.7258212566375732, 0.148746520280838, 0.04703611135482788, 0.013113276101648808, 0.005651707295328379]",True,True
b0286,data/raw/imagenette2-320/val/n03394916/n03394916_30162.JPEG,566,566,French_horn,0.851582407951355,"[566, 513, 875, 776, 683]","[""French_horn"", ""cornet"", ""trombone"", ""sax"", ""oboe""]","[0.851582407951355, 0.08208098262548447, 0.00614904472604394, 0.002770516090095043, 0.0016185403801500797]",True,True
b0287,data/raw/imagenette2-320/val/n03394916/n03394916_29722.JPEG,566,566,French_horn,0.33749666810035706,"[566, 513, 875, 432, 683]","[""French_horn"", ""cornet"", ""trombone"", ""bassoon"", ""oboe""]","[0.33749666810035706, 0.25453218817710876, 0.13007709383964539, 0.12229418009519577, 0.029850585386157036]",True,True
b0288,data/raw/imagenette2-320/val/n03394916/n03394916_11571.JPEG,566,566,French_horn,0.7445160150527954,"[566, 513, 776, 875, 464]","[""French_horn"", ""cornet"", ""sax"", ""trombone"", ""buckle""]","[0.7445160150527954, 0.05841770023107529, 0.014405811205506325, 0.0066039045341312885, 0.006252012215554714]",True,True
b0289,data/raw/imagenette2-320/val/n03394916/n03394916_36532.JPEG,566,566,French_horn,0.9274681210517883,"[566, 677, 683, 783, 513]","[""French_horn"", ""nail"", ""oboe"", ""screw"", ""cornet""]","[0.9274681210517883, 0.009939273819327354, 0.008534528315067291, 0.008340557105839252, 0.007571232970803976]",True,True
b0290,data/raw/imagenette2-320/val/n03394916/n03394916_37261.JPEG,566,566,French_horn,0.6393425464630127,"[566, 513, 683, 875, 432]","[""French_horn"", ""cornet"", ""oboe"", ""trombone"", ""bassoon""]","[0.6393425464630127, 0.1403241604566574, 0.0796758159995079, 0.036121971905231476, 0.02960824966430664]",True,True
b0291,data/raw/imagenette2-320/val/n03394916/n03394916_36420.JPEG,566,566,French_horn,0.4518163800239563,"[566, 875, 513, 776, 765]","[""French_horn"", ""trombone"", ""cornet"", ""sax"", ""rocking_chair""]","[0.4518163800239563, 0.322797566652298, 0.04995071142911911, 0.034455884248018265, 0.0022721101995557547]",True,True
b0292,data/raw/imagenette2-320/val/n03394916/n03394916_30671.JPEG,566,875,trombone,0.32891958951950073,"[875, 566, 513, 776, 807]","[""trombone"", ""French_horn"", ""cornet"", ""sax"", ""solar_dish""]","[0.32891958951950073, 0.32674700021743774, 0.16330264508724213, 0.024917995557188988, 0.004318419378250837]",False,True
b0293,data/raw/imagenette2-320/val/n03394916/n03394916_24532.JPEG,566,566,French_horn,0.9495086669921875,"[566, 513, 875, 432, 765]","[""French_horn"", ""cornet"", ""trombone"", ""bassoon"", ""rocking_chair""]","[0.9495086669921875, 0.004478279501199722, 0.0010050480486825109, 0.0005846802378073335, 0.0004967793356627226]",True,True
b0294,data/raw/imagenette2-320/val/n03394916/n03394916_59452.JPEG,566,566,French_horn,0.6924830675125122,"[566, 513, 776, 875, 432]","[""French_horn"", ""cornet"", ""sax"", ""trombone"", ""bassoon""]","[0.6924830675125122, 0.16277581453323364, 0.016459571197628975, 0.008080970495939255, 0.004098563455045223]",True,True
b0295,data/raw/imagenette2-320/val/n03394916/n03394916_9451.JPEG,566,566,French_horn,0.7684138417243958,"[566, 513, 875, 746, 683]","[""French_horn"", ""cornet"", ""trombone"", ""puck"", ""oboe""]","[0.7684138417243958, 0.014283855445683002, 0.004837404005229473, 0.0027365265414118767, 0.0025278266984969378]",True,True
b0296,data/raw/imagenette2-320/val/n03394916/n03394916_43422.JPEG,566,566,French_horn,0.8614730834960938,"[566, 513, 875, 659, 776]","[""French_horn"", ""cornet"", ""trombone"", ""mixing_bowl"", ""sax""]","[0.8614730834960938, 0.006131199654191732, 0.003355720080435276, 0.0011505618458613753, 0.0010019527981057763]",True,True
b0297,data/raw/imagenette2-320/val/n03394916/ILSVRC2012_val_00004301.JPEG,566,566,French_horn,0.8777597546577454,"[566, 513, 776, 875, 432]","[""French_horn"", ""cornet"", ""sax"", ""trombone"", ""bassoon""]","[0.8777597546577454, 0.005833073984831572, 0.003275468945503235, 0.0027833906933665276, 0.002616851357743144]",True,True
b0298,data/raw/imagenette2-320/val/n03394916/n03394916_23071.JPEG,566,566,French_horn,0.7173835635185242,"[566, 513, 875, 683, 776]","[""French_horn"", ""cornet"", ""trombone"", ""oboe"", ""sax""]","[0.7173835635185242, 0.015295557677745819, 0.00681490870192647, 0.003813964780420065, 0.002499580616131425]",True,True
b0299,data/raw/imagenette2-320/val/n03394916/n03394916_31871.JPEG,566,420,banjo,0.0772867500782013,"[420, 432, 413, 683, 862]","[""banjo"", ""bassoon"", ""assault_rifle"", ""oboe"", ""torch""]","[0.0772867500782013, 0.06611829996109009, 0.0656215101480484, 0.059391580522060394, 0.038389500230550766]",False,False
b0300,data/raw/imagenette2-320/val/n03417042/n03417042_28702.JPEG,569,569,garbage_truck,0.9365149736404419,"[569, 690, 867, 856, 408]","[""garbage_truck"", ""oxcart"", ""trailer_truck"", ""thresher"", ""amphibian""]","[0.9365149736404419, 0.013977672904729843, 0.006898407358676195, 0.0019002807093784213, 0.0018631652928888798]",True,True
b0301,data/raw/imagenette2-320/val/n03417042/n03417042_90.JPEG,569,569,garbage_truck,0.9517059922218323,"[569, 867, 864, 517, 561]","[""garbage_truck"", ""trailer_truck"", ""tow_truck"", ""crane"", ""forklift""]","[0.9517059922218323, 0.006545687094330788, 0.0021177337039262056, 0.0015054440591484308, 0.0011771904537454247]",True,True
b0302,data/raw/imagenette2-320/val/n03417042/n03417042_130.JPEG,569,866,tractor,0.44634220004081726,"[866, 733, 595, 517, 807]","[""tractor"", ""pole"", ""harvester"", ""crane"", ""solar_dish""]","[0.44634220004081726, 0.062392380088567734, 0.05521204322576523, 0.04107673838734627, 0.02588224969804287]",False,False
b0303,data/raw/imagenette2-320/val/n03417042/n03417042_9240.JPEG,569,586,half_track,0.20760031044483185,"[586, 569, 864, 867, 856]","[""half_track"", ""garbage_truck"", ""tow_truck"", ""trailer_truck"", ""thresher""]","[0.20760031044483185, 0.10488313436508179, 0.10439097881317139, 0.08767807483673096, 0.06755980104207993]",False,True
b0304,data/raw/imagenette2-320/val/n03417042/n03417042_5631.JPEG,569,569,garbage_truck,0.9225054979324341,"[569, 595, 866, 856, 864]","[""garbage_truck"", ""harvester"", ""tractor"", ""thresher"", ""tow_truck""]","[0.9225054979324341, 0.011665348894894123, 0.0028553216252475977, 0.00282464106567204, 0.0025216382928192616]",True,True
b0305,data/raw/imagenette2-320/val/n03417042/n03417042_7521.JPEG,569,803,snowplow,0.22834119200706482,"[803, 569, 807, 403, 970]","[""snowplow"", ""garbage_truck"", ""solar_dish"", ""aircraft_carrier"", ""alp""]","[0.22834119200706482, 0.08844562619924545, 0.0595010407269001, 0.03519711643457413, 0.028622586280107498]",False,True
b0306,data/raw/imagenette2-320/val/n03417042/n03417042_10121.JPEG,569,569,garbage_truck,0.9679637551307678,"[569, 675, 734, 803, 867]","[""garbage_truck"", ""moving_van"", ""police_van"", ""snowplow"", ""trailer_truck""]","[0.9679637551307678, 0.002484327182173729, 0.0021561402827501297, 0.0008771358407102525, 0.0007418064633384347]",True,True
b0307,data/raw/imagenette2-320/val/n03417042/n03417042_9021.JPEG,569,569,garbage_truck,0.9500929117202759,"[569, 675, 867, 407, 866]","[""garbage_truck"", ""moving_van"", ""trailer_truck"", ""ambulance"", ""tractor""]","[0.9500929117202759, 0.005184615962207317, 0.004043385852128267, 0.003383300267159939, 0.0027458099648356438]",True,True
b0308,data/raw/imagenette2-320/val/n03417042/n03417042_12711.JPEG,569,569,garbage_truck,0.6830213069915771,"[569, 867, 675, 803, 856]","[""garbage_truck"", ""trailer_truck"", ""moving_van"", ""snowplow"", ""thresher""]","[0.6830213069915771, 0.08370020240545273, 0.02374083921313286, 0.02189277857542038, 0.014266656711697578]",True,True
b0309,data/raw/imagenette2-320/val/n03417042/n03417042_4462.JPEG,569,586,half_track,0.4087167978286743,"[586, 569, 847, 856, 744]","[""half_track"", ""garbage_truck"", ""tank"", ""thresher"", ""projectile""]","[0.4087167978286743, 0.11930128186941147, 0.04082995280623436, 0.03614320978522301, 0.028845811262726784]",False,True
b0310,data/raw/imagenette2-320/val/n03417042/n03417042_3862.JPEG,569,569,garbage_truck,0.05161945894360542,"[569, 847, 586, 660, 913]","[""garbage_truck"", ""tank"", ""half_track"", ""mobile_home"", ""wreck""]","[0.05161945894360542, 0.04941694438457489, 0.04805459827184677, 0.03735510632395744, 0.02852891944348812]",True,True
b0311,data/raw/imagenette2-320/val/n03417042/n03417042_12601.JPEG,569,586,half_track,0.415349543094635,"[586, 569, 408, 847, 595]","[""half_track"", ""garbage_truck"", ""amphibian"", ""tank"", ""harvester""]","[0.415349543094635, 0.24068844318389893, 0.050741225481033325, 0.02397257275879383, 0.016901738941669464]",False,True
b0312,data/raw/imagenette2-320/val/n03417042/n03417042_9480.JPEG,569,569,garbage_truck,0.9266409277915955,"[569, 675, 867, 555, 803]","[""garbage_truck"", ""moving_van"", ""trailer_truck"", ""fire_engine"", ""snowplow""]","[0.9266409277915955, 0.013207131996750832, 0.009617345407605171, 0.004062664695084095, 0.0035443708766251802]",True,True
b0313,data/raw/imagenette2-320/val/n03417042/ILSVRC2012_val_00008430.JPEG,569,569,garbage_truck,0.7412214875221252,"[569, 675, 555, 867, 407]","[""garbage_truck"", ""moving_van"", ""fire_engine"", ""trailer_truck"", ""ambulance""]","[0.7412214875221252, 0.108750119805336, 0.031235618516802788, 0.026434194296598434, 0.009713562205433846]",True,True
b0314,data/raw/imagenette2-320/val/n03417042/n03417042_7061.JPEG,569,569,garbage_truck,0.22087280452251434,"[569, 654, 864, 867, 675]","[""garbage_truck"", ""minibus"", ""tow_truck"", ""trailer_truck"", ""moving_van""]","[0.22087280452251434, 0.20933695137500763, 0.11859390139579773, 0.05373449996113777, 0.03716956079006195]",True,True
b0315,data/raw/imagenette2-320/val/n03417042/n03417042_1790.JPEG,569,569,garbage_truck,0.9632148146629333,"[569, 675, 867, 595, 407]","[""garbage_truck"", ""moving_van"", ""trailer_truck"", ""harvester"", ""ambulance""]","[0.9632148146629333, 0.003995268605649471, 0.0020648252684623003, 0.0015566652873530984, 0.0011449519079178572]",True,True
b0316,data/raw/imagenette2-320/val/n03417042/n03417042_23802.JPEG,569,569,garbage_truck,0.98526531457901,"[569, 575, 407, 675, 866]","[""garbage_truck"", ""golfcart"", ""ambulance"", ""moving_van"", ""tractor""]","[0.98526531457901, 0.0016219780081883073, 0.0014386761467903852, 0.0013641610275954008, 0.0007224695291370153]",True,True
b0317,data/raw/imagenette2-320/val/n03417042/n03417042_2231.JPEG,569,569,garbage_truck,0.37332767248153687,"[569, 675, 867, 864, 803]","[""garbage_truck"", ""moving_van"", ""trailer_truck"", ""tow_truck"", ""snowplow""]","[0.37332767248153687, 0.2312021404504776, 0.193108931183815, 0.013820267282426357, 0.01372525654733181]",True,True
b0318,data/raw/imagenette2-320/val/n03417042/n03417042_20382.JPEG,569,569,garbage_truck,0.9511897563934326,"[569, 867, 856, 675, 517]","[""garbage_truck"", ""trailer_truck"", ""thresher"", ""moving_van"", ""crane""]","[0.9511897563934326, 0.005703685339540243, 0.0027194416616111994, 0.0022794746328145266, 0.0018483087187632918]",True,True
b0319,data/raw/imagenette2-320/val/n03417042/n03417042_1211.JPEG,569,569,garbage_truck,0.5129001140594482,"[569, 867, 675, 561, 864]","[""garbage_truck"", ""trailer_truck"", ""moving_van"", ""forklift"", ""tow_truck""]","[0.5129001140594482, 0.07720943540334702, 0.03790487349033356, 0.031618740409612656, 0.016553698107600212]",True,True
b0320,data/raw/imagenette2-320/val/n03417042/n03417042_10442.JPEG,569,569,garbage_truck,0.4732222259044647,"[569, 867, 864, 555, 690]","[""garbage_truck"", ""trailer_truck"", ""tow_truck"", ""fire_engine"", ""oxcart""]","[0.4732222259044647, 0.1320505291223526, 0.04900269955396652, 0.034516166895627975, 0.024269424378871918]",True,True
b0321,data/raw/imagenette2-320/val/n03417042/n03417042_27982.JPEG,569,569,garbage_truck,0.8717013597488403,"[569, 561, 555, 874, 867]","[""garbage_truck"", ""forklift"", ""fire_engine"", ""trolleybus"", ""trailer_truck""]","[0.8717013597488403, 0.0192110575735569, 0.01144926343113184, 0.007484805770218372, 0.007364880293607712]",True,True
b0322,data/raw/imagenette2-320/val/n03417042/n03417042_9052.JPEG,569,569,garbage_truck,0.5691529512405396,"[569, 864, 867, 675, 517]","[""garbage_truck"", ""tow_truck"", ""trailer_truck"", ""moving_van"", ""crane""]","[0.5691529512405396, 0.18909330666065216, 0.10524772107601166, 0.021187162026762962, 0.018399009481072426]",True,True
b0323,data/raw/imagenette2-320/val/n03417042/n03417042_18042.JPEG,569,569,garbage_truck,0.84871506690979,"[569, 595, 856, 675, 864]","[""garbage_truck"", ""harvester"", ""thresher"", ""moving_van"", ""tow_truck""]","[0.84871506690979, 0.02281874045729637, 0.007269171066582203, 0.00463139871135354, 0.0043004401959478855]",True,True
b0324,data/raw/imagenette2-320/val/n03417042/n03417042_9601.JPEG,569,569,garbage_truck,0.8884118795394897,"[569, 675, 864, 867, 517]","[""garbage_truck"", ""moving_van"", ""tow_truck"", ""trailer_truck"", ""crane""]","[0.8884118795394897, 0.01784106343984604, 0.016566146165132523, 0.015959274023771286, 0.00450887531042099]",True,True
b0325,data/raw/imagenette2-320/val/n03417042/n03417042_22532.JPEG,569,569,garbage_truck,0.6317682862281799,"[569, 864, 517, 408, 609]","[""garbage_truck"", ""tow_truck"", ""crane"", ""amphibian"", ""jeep""]","[0.6317682862281799, 0.09871968626976013, 0.04980669170618057, 0.015893690288066864, 0.007315163500607014]",True,True
b0326,data/raw/imagenette2-320/val/n03417042/n03417042_2812.JPEG,569,569,garbage_truck,0.31841251254081726,"[569, 612, 830, 583, 866]","[""garbage_truck"", ""jinrikisha"", ""stretcher"", ""guillotine"", ""tractor""]","[0.31841251254081726, 0.0486811138689518, 0.03632423281669617, 0.029077984392642975, 0.02014094404876232]",True,True
b0327,data/raw/imagenette2-320/val/n03417042/n03417042_28062.JPEG,569,569,garbage_truck,0.648356020450592,"[569, 867, 517, 864, 866]","[""garbage_truck"", ""trailer_truck"", ""crane"", ""tow_truck"", ""tractor""]","[0.648356020450592, 0.13751843571662903, 0.02757442556321621, 0.017034532502293587, 0.014661379158496857]",True,True
b0328,data/raw/imagenette2-320/val/n03417042/ILSVRC2012_val_00022172.JPEG,569,569,garbage_truck,0.9739798307418823,"[569, 867, 864, 675, 803]","[""garbage_truck"", ""trailer_truck"", ""tow_truck"", ""moving_van"", ""snowplow""]","[0.9739798307418823, 0.0076836273074150085, 0.001436239923350513, 0.0006342513952404261, 0.0005461152759380639]",True,True
b0329,data/raw/imagenette2-320/val/n03417042/n03417042_11611.JPEG,569,569,garbage_truck,0.7628360390663147,"[569, 675, 867, 864, 517]","[""garbage_truck"", ""moving_van"", ""trailer_truck"", ""tow_truck"", ""crane""]","[0.7628360390663147, 0.06925315409898758, 0.06194867193698883, 0.0033699122723191977, 0.0023955879732966423]",True,True
b0330,data/raw/imagenette2-320/val/n03417042/n03417042_16370.JPEG,569,569,garbage_truck,0.9399576783180237,"[569, 408, 595, 675, 757]","[""garbage_truck"", ""amphibian"", ""harvester"", ""moving_van"", ""recreational_vehicle""]","[0.9399576783180237, 0.009053757414221764, 0.0032298427540808916, 0.003173844190314412, 0.0020464782137423754]",True,True
b0331,data/raw/imagenette2-320/val/n03417042/n03417042_4560.JPEG,569,569,garbage_truck,0.5056207180023193,"[569, 864, 517, 803, 866]","[""garbage_truck"", ""tow_truck"", ""crane"", ""snowplow"", ""tractor""]","[0.5056207180023193, 0.290755033493042, 0.05244237929582596, 0.013193061575293541, 0.010675894096493721]",True,True
b0332,data/raw/imagenette2-320/val/n03417042/n03417042_1770.JPEG,569,569,garbage_truck,0.28591421246528625,"[569, 690, 603, 586, 408]","[""garbage_truck"", ""oxcart"", ""horse_cart"", ""half_track"", ""amphibian""]","[0.28591421246528625, 0.1985829770565033, 0.19563797116279602, 0.03643190115690231, 0.01878664456307888]",True,True
b0333,data/raw/imagenette2-320/val/n03417042/n03417042_6442.JPEG,569,569,garbage_truck,0.08665163069963455,"[569, 654, 612, 830, 407]","[""garbage_truck"", ""minibus"", ""jinrikisha"", ""stretcher"", ""ambulance""]","[0.08665163069963455, 0.06242416426539421, 0.04250495880842209, 0.03637804463505745, 0.030530812218785286]",True,True
b0334,data/raw/imagenette2-320/val/n03417042/n03417042_18582.JPEG,569,569,garbage_truck,0.8376259803771973,"[569, 675, 867, 517, 864]","[""garbage_truck"", ""moving_van"", ""trailer_truck"", ""crane"", ""tow_truck""]","[0.8376259803771973, 0.043934233486652374, 0.04208984971046448, 0.00559283047914505, 0.0018638813635334373]",True,True
b0335,data/raw/imagenette2-320/val/n03417042/n03417042_7021.JPEG,569,569,garbage_truck,0.9327648282051086,"[569, 555, 864, 856, 609]","[""garbage_truck"", ""fire_engine"", ""tow_truck"", ""thresher"", ""jeep""]","[0.9327648282051086, 0.007580688688904047, 0.005421095062047243, 0.004943354520946741, 0.004743027500808239]",True,True
b0336,data/raw/imagenette2-320/val/n03417042/ILSVRC2012_val_00024560.JPEG,569,867,trailer_truck,0.2263900488615036,"[867, 471, 569, 586, 847]","[""trailer_truck"", ""cannon"", ""garbage_truck"", ""half_track"", ""tank""]","[0.2263900488615036, 0.12722264230251312, 0.08440729230642319, 0.07337013632059097, 0.040702685713768005]",False,True
b0337,data/raw/imagenette2-320/val/n03417042/n03417042_4491.JPEG,569,569,garbage_truck,0.4666179418563843,"[569, 971, 498, 645, 830]","[""garbage_truck"", ""bubble"", ""cinema"", ""maypole"", ""stretcher""]","[0.4666179418563843, 0.06409593671560287, 0.03443237766623497, 0.03262146934866905, 0.01903003267943859]",True,True
b0338,data/raw/imagenette2-320/val/n03417042/n03417042_9311.JPEG,569,569,garbage_truck,0.9568668603897095,"[569, 771, 412, 519, 492]","[""garbage_truck"", ""safe"", ""ashcan"", ""crate"", ""chest""]","[0.9568668603897095, 0.004889862146228552, 0.0029733474366366863, 0.0024150169920176268, 0.0019054720178246498]",True,True
b0339,data/raw/imagenette2-320/val/n03417042/n03417042_6602.JPEG,569,569,garbage_truck,0.8437612652778625,"[569, 847, 561, 586, 864]","[""garbage_truck"", ""tank"", ""forklift"", ""half_track"", ""tow_truck""]","[0.8437612652778625, 0.036905959248542786, 0.015137611888349056, 0.013740706257522106, 0.011959120631217957]",True,True
b0340,data/raw/imagenette2-320/val/n03417042/n03417042_3171.JPEG,569,569,garbage_truck,0.3863871395587921,"[569, 864, 730, 866, 803]","[""garbage_truck"", ""tow_truck"", ""plow"", ""tractor"", ""snowplow""]","[0.3863871395587921, 0.2548522651195526, 0.06016441062092781, 0.03688109666109085, 0.03234712406992912]",True,True
b0341,data/raw/imagenette2-320/val/n03417042/n03417042_10150.JPEG,569,569,garbage_truck,0.9466343522071838,"[569, 675, 867, 595, 866]","[""garbage_truck"", ""moving_van"", ""trailer_truck"", ""harvester"", ""tractor""]","[0.9466343522071838, 0.0036662595812231302, 0.0020292813424021006, 0.002012712648138404, 0.001201444654725492]",True,True
b0342,data/raw/imagenette2-320/val/n03417042/n03417042_1311.JPEG,569,692,packet,0.1236598864197731,"[692, 569, 728, 803, 675]","[""packet"", ""garbage_truck"", ""plastic_bag"", ""snowplow"", ""moving_van""]","[0.1236598864197731, 0.09217972308397293, 0.0736018717288971, 0.03041490539908409, 0.025069978088140488]",False,True
b0343,data/raw/imagenette2-320/val/n03417042/n03417042_8700.JPEG,569,569,garbage_truck,0.3603462874889374,"[569, 864, 803, 609, 407]","[""garbage_truck"", ""tow_truck"", ""snowplow"", ""jeep"", ""ambulance""]","[0.3603462874889374, 0.11972007155418396, 0.11889704316854477, 0.056506529450416565, 0.04861106351017952]",True,True
b0344,data/raw/imagenette2-320/val/n03417042/n03417042_20021.JPEG,569,569,garbage_truck,0.7884489297866821,"[569, 867, 864, 586, 517]","[""garbage_truck"", ""trailer_truck"", ""tow_truck"", ""half_track"", ""crane""]","[0.7884489297866821, 0.04866836220026016, 0.029187709093093872, 0.020750874653458595, 0.005638157948851585]",True,True
b0345,data/raw/imagenette2-320/val/n03417042/n03417042_8121.JPEG,569,569,garbage_truck,0.8997830152511597,"[569, 675, 407, 654, 734]","[""garbage_truck"", ""moving_van"", ""ambulance"", ""minibus"", ""police_van""]","[0.8997830152511597, 0.009747813455760479, 0.009598924778401852, 0.006551288068294525, 0.005234823562204838]",True,True
b0346,data/raw/imagenette2-320/val/n03417042/n03417042_30.JPEG,569,569,garbage_truck,0.5767368674278259,"[569, 675, 654, 407, 867]","[""garbage_truck"", ""moving_van"", ""minibus"", ""ambulance"", ""trailer_truck""]","[0.5767368674278259, 0.1367516815662384, 0.030679041519761086, 0.02781405672430992, 0.02359171211719513]",True,True
b0347,data/raw/imagenette2-320/val/n03417042/n03417042_24980.JPEG,569,569,garbage_truck,0.8477965593338013,"[569, 856, 595, 660, 408]","[""garbage_truck"", ""thresher"", ""harvester"", ""mobile_home"", ""amphibian""]","[0.8477965593338013, 0.021753301844000816, 0.007608714513480663, 0.005789740476757288, 0.005052878521382809]",True,True
b0348,data/raw/imagenette2-320/val/n03417042/n03417042_27151.JPEG,569,569,garbage_truck,0.9840153455734253,"[569, 867, 803, 864, 675]","[""garbage_truck"", ""trailer_truck"", ""snowplow"", ""tow_truck"", ""moving_van""]","[0.9840153455734253, 0.003183122258633375, 0.001895878347568214, 0.0015540345339104533, 0.0005216361023485661]",True,True
b0349,data/raw/imagenette2-320/val/n03417042/ILSVRC2012_val_00028190.JPEG,569,569,garbage_truck,0.9511435627937317,"[569, 864, 867, 856, 595]","[""garbage_truck"", ""tow_truck"", ""trailer_truck"", ""thresher"", ""harvester""]","[0.9511435627937317, 0.00392330065369606, 0.0037795770913362503, 0.0022136704064905643, 0.002022300148382783]",True,True
b0350,data/raw/imagenette2-320/val/n03425413/n03425413_430.JPEG,571,456,bow,0.12526856362819672,"[456, 650, 571, 870, 600]","[""bow"", ""microphone"", ""gas_pump"", ""tricycle"", ""hook""]","[0.12526856362819672, 0.10073620080947876, 0.055693551898002625, 0.04057890549302101, 0.033687226474285126]",False,True
b0351,data/raw/imagenette2-320/val/n03425413/n03425413_8641.JPEG,571,691,oxygen_mask,0.09965752810239792,"[691, 785, 411, 777, 414]","[""oxygen_mask"", ""seat_belt"", ""apron"", ""scabbard"", ""backpack""]","[0.09965752810239792, 0.055137768387794495, 0.03638922795653343, 0.03494693711400032, 0.02747722901403904]",False,False
b0352,data/raw/imagenette2-320/val/n03425413/n03425413_15792.JPEG,571,571,gas_pump,0.8666247725486755,"[571, 778, 637, 704, 886]","[""gas_pump"", ""scale"", ""mailbox"", ""parking_meter"", ""vending_machine""]","[0.8666247725486755, 0.006837896071374416, 0.0030764611437916756, 0.0028105953242629766, 0.002226791111752391]",True,True
b0353,data/raw/imagenette2-320/val/n03425413/n03425413_3602.JPEG,571,561,forklift,0.15882666409015656,"[561, 571, 864, 675, 867]","[""forklift"", ""gas_pump"", ""tow_truck"", ""moving_van"", ""trailer_truck""]","[0.15882666409015656, 0.15853066742420197, 0.12547734379768372, 0.04830987751483917, 0.04035026952624321]",False,True
b0354,data/raw/imagenette2-320/val/n03425413/n03425413_27300.JPEG,571,571,gas_pump,0.8160193562507629,"[571, 707, 480, 886, 407]","[""gas_pump"", ""pay-phone"", ""cash_machine"", ""vending_machine"", ""ambulance""]","[0.8160193562507629, 0.03824156895279884, 0.007764346431940794, 0.007716221734881401, 0.004587625153362751]",True,True
b0355,data/raw/imagenette2-320/val/n03425413/n03425413_15070.JPEG,571,571,gas_pump,0.5342627763748169,"[571, 612, 609, 555, 583]","[""gas_pump"", ""jinrikisha"", ""jeep"", ""fire_engine"", ""guillotine""]","[0.5342627763748169, 0.04019263759255409, 0.03133479133248329, 0.017904052510857582, 0.010543076321482658]",True,True
b0356,data/raw/imagenette2-320/val/n03425413/n03425413_7292.JPEG,571,571,gas_pump,0.9626496434211731,"[571, 637, 707, 886, 448]","[""gas_pump"", ""mailbox"", ""pay-phone"", ""vending_machine"", ""birdhouse""]","[0.9626496434211731, 0.012576068751513958, 0.0020611907821148634, 0.001639174297451973, 0.0005061838892288506]",True,True
b0357,data/raw/imagenette2-320/val/n03425413/n03425413_14952.JPEG,571,571,gas_pump,0.995754599571228,"[571, 886, 637, 707, 412]","[""gas_pump"", ""vending_machine"", ""mailbox"", ""pay-phone"", ""ashcan""]","[0.995754599571228, 0.0006061508902348578, 0.0005181789165362716, 0.0004403707862365991, 0.0001124230184359476]",True,True
b0358,data/raw/imagenette2-320/val/n03425413/n03425413_9241.JPEG,571,571,gas_pump,0.9527620673179626,"[571, 800, 612, 886, 688]","[""gas_pump"", ""slot"", ""jinrikisha"", ""vending_machine"", ""oscilloscope""]","[0.9527620673179626, 0.003463789587840438, 0.003274843329563737, 0.002621890278533101, 0.0024563970509916544]",True,True
b0359,data/raw/imagenette2-320/val/n03425413/n03425413_10022.JPEG,571,571,gas_pump,0.6725916266441345,"[571, 886, 637, 704, 800]","[""gas_pump"", ""vending_machine"", ""mailbox"", ""parking_meter"", ""slot""]","[0.6725916266441345, 0.013522484339773655, 0.013259260915219784, 0.011310565285384655, 0.009637324139475822]",True,True
b0360,data/raw/imagenette2-320/val/n03425413/ILSVRC2012_val_00009821.JPEG,571,571,gas_pump,0.9798975586891174,"[571, 800, 886, 707, 688]","[""gas_pump"", ""slot"", ""vending_machine"", ""pay-phone"", ""oscilloscope""]","[0.9798975586891174, 0.001460774103179574, 0.0006841836730018258, 0.0006105991778895259, 0.00048722457722760737]",True,True
b0361,data/raw/imagenette2-320/val/n03425413/n03425413_21592.JPEG,571,571,gas_pump,0.508305549621582,"[571, 800, 886, 670, 859]","[""gas_pump"", ""slot"", ""vending_machine"", ""motor_scooter"", ""toaster""]","[0.508305549621582, 0.026803145185112953, 0.016515938565135002, 0.015446932055056095, 0.01473612803965807]",True,True
b0362,data/raw/imagenette2-320/val/n03425413/n03425413_4792.JPEG,571,571,gas_pump,0.9786558151245117,"[571, 704, 778, 886, 707]","[""gas_pump"", ""parking_meter"", ""scale"", ""vending_machine"", ""pay-phone""]","[0.9786558151245117, 0.003640503156930208, 0.0020982902497053146, 0.0020470693707466125, 0.0006994706345722079]",True,True
b0363,data/raw/imagenette2-320/val/n03425413/n03425413_13811.JPEG,571,571,gas_pump,0.22333623468875885,"[571, 919, 458, 707, 704]","[""gas_pump"", ""street_sign"", ""brass"", ""pay-phone"", ""parking_meter""]","[0.22333623468875885, 0.1463398039340973, 0.060178760439157486, 0.04731474071741104, 0.029386600479483604]",True,True
b0364,data/raw/imagenette2-320/val/n03425413/n03425413_14672.JPEG,571,458,brass,0.10461434721946716,"[458, 921, 901, 919, 653]","[""brass"", ""book_jacket"", ""whiskey_jug"", ""street_sign"", ""milk_can""]","[0.10461434721946716, 0.0846037045121193, 0.061494119465351105, 0.04277411103248596, 0.026974117383360863]",False,False
b0365,data/raw/imagenette2-320/val/n03425413/n03425413_7730.JPEG,571,571,gas_pump,0.44785988330841064,"[571, 428, 691, 707, 600]","[""gas_pump"", ""barrow"", ""oxygen_mask"", ""pay-phone"", ""hook""]","[0.44785988330841064, 0.09117987751960754, 0.03341123089194298, 0.031671516597270966, 0.024571722373366356]",True,True
b0366,data/raw/imagenette2-320/val/n03425413/n03425413_19250.JPEG,571,571,gas_pump,0.9810814261436462,"[571, 886, 707, 800, 778]","[""gas_pump"", ""vending_machine"", ""pay-phone"", ""slot"", ""scale""]","[0.9810814261436462, 0.0014564584707841277, 0.000987993204034865, 0.0009692056919448078, 0.0009237569174729288]",True,True
b0367,data/raw/imagenette2-320/val/n03425413/n03425413_13702.JPEG,571,571,gas_pump,0.9694469571113586,"[571, 778, 707, 886, 412]","[""gas_pump"", ""scale"", ""pay-phone"", ""vending_machine"", ""ashcan""]","[0.9694469571113586, 0.004733063280582428, 0.004726685117930174, 0.0032771765254437923, 0.0022368167992681265]",True,True
b0368,data/raw/imagenette2-320/val/n03425413/n03425413_21202.JPEG,571,482,cassette_player,0.1550520658493042,"[482, 477, 848, 680, 707]","[""cassette_player"", ""carpenter's_kit"", ""tape_player"", ""nipple"", ""pay-phone""]","[0.1550520658493042, 0.1409912407398224, 0.07102284580469131, 0.06605298072099686, 0.06261080503463745]",False,False
b0369,data/raw/imagenette2-320/val/n03425413/n03425413_28542.JPEG,571,571,gas_pump,0.6738919019699097,"[571, 830, 791, 807, 975]","[""gas_pump"", ""stretcher"", ""shopping_cart"", ""solar_dish"", ""lakeside""]","[0.6738919019699097, 0.053300004452466965, 0.03576372191309929, 0.032701414078474045, 0.009924422949552536]",True,True
b0370,data/raw/imagenette2-320/val/n03425413/n03425413_32871.JPEG,571,571,gas_pump,0.5251403450965881,"[571, 707, 784, 886, 477]","[""gas_pump"", ""pay-phone"", ""screwdriver"", ""vending_machine"", ""carpenter's_kit""]","[0.5251403450965881, 0.09056635946035385, 0.029263978824019432, 0.02244819514453411, 0.017272748053073883]",True,True
b0371,data/raw/imagenette2-320/val/n03425413/n03425413_4661.JPEG,571,771,safe,0.13927222788333893,"[771, 519, 526, 760, 743]","[""safe"", ""crate"", ""desk"", ""refrigerator"", ""prison""]","[0.13927222788333893, 0.09691648930311203, 0.06122755631804466, 0.030216975137591362, 0.02768705226480961]",False,False
b0372,data/raw/imagenette2-320/val/n03425413/n03425413_10410.JPEG,571,571,gas_pump,0.6248292326927185,"[571, 760, 771, 886, 707]","[""gas_pump"", ""refrigerator"", ""safe"", ""vending_machine"", ""pay-phone""]","[0.6248292326927185, 0.07680394500494003, 0.06374549865722656, 0.026709599420428276, 0.018118539825081825]",True,True
b0373,data/raw/imagenette2-320/val/n03425413/n03425413_20301.JPEG,571,583,guillotine,0.3428305983543396,"[583, 571, 580, 950, 428]","[""guillotine"", ""gas_pump"", ""greenhouse"", ""orange"", ""barrow""]","[0.3428305983543396, 0.18804511427879333, 0.08875163644552231, 0.06738002598285675, 0.06626343727111816]",False,True
b0374,data/raw/imagenette2-320/val/n03425413/n03425413_10621.JPEG,571,571,gas_pump,0.9950488209724426,"[571, 844, 707, 692, 800]","[""gas_pump"", ""switch"", ""pay-phone"", ""packet"", ""slot""]","[0.9950488209724426, 0.001069681253284216, 0.0003344898286741227, 0.00016362484893761575, 0.00014409936557058245]",True,True
b0375,data/raw/imagenette2-320/val/n03425413/n03425413_13200.JPEG,571,571,gas_pump,0.9909029603004456,"[571, 707, 637, 412, 886]","[""gas_pump"", ""pay-phone"", ""mailbox"", ""ashcan"", ""vending_machine""]","[0.9909029603004456, 0.0008699934696778655, 0.0004197712114546448, 0.00031294074142351747, 0.00023094726202543825]",True,True
b0376,data/raw/imagenette2-320/val/n03425413/n03425413_12722.JPEG,571,571,gas_pump,0.6422083973884583,"[571, 743, 707, 637, 412]","[""gas_pump"", ""prison"", ""pay-phone"", ""mailbox"", ""ashcan""]","[0.6422083973884583, 0.06306090950965881, 0.019944343715906143, 0.013558947481215, 0.009438293986022472]",True,True
b0377,data/raw/imagenette2-320/val/n03425413/n03425413_16661.JPEG,571,634,lumbermill,0.3741495609283447,"[634, 561, 456, 583, 743]","[""lumbermill"", ""forklift"", ""bow"", ""guillotine"", ""prison""]","[0.3741495609283447, 0.1057305783033371, 0.04902799054980278, 0.02458960935473442, 0.022033117711544037]",False,False
b0378,data/raw/imagenette2-320/val/n03425413/n03425413_15332.JPEG,571,571,gas_pump,0.7350797057151794,"[571, 695, 844, 583, 771]","[""gas_pump"", ""padlock"", ""switch"", ""guillotine"", ""safe""]","[0.7350797057151794, 0.026074819266796112, 0.015078763477504253, 0.013544556684792042, 0.0135043915361166]",True,True
b0379,data/raw/imagenette2-320/val/n03425413/n03425413_21211.JPEG,571,654,minibus,0.12008526176214218,"[654, 860, 571, 634, 864]","[""minibus"", ""tobacco_shop"", ""gas_pump"", ""lumbermill"", ""tow_truck""]","[0.12008526176214218, 0.08394243568181992, 0.06533210724592209, 0.047840677201747894, 0.045083194971084595]",False,True
b0380,data/raw/imagenette2-320/val/n03425413/n03425413_15131.JPEG,571,660,mobile_home,0.2654532790184021,"[660, 425, 449, 571, 412]","[""mobile_home"", ""barn"", ""boathouse"", ""gas_pump"", ""ashcan""]","[0.2654532790184021, 0.12883582711219788, 0.09510200470685959, 0.08306340873241425, 0.009551783092319965]",False,True
b0381,data/raw/imagenette2-320/val/n03425413/n03425413_13170.JPEG,571,498,cinema,0.1506866067647934,"[498, 571, 424, 762, 919]","[""cinema"", ""gas_pump"", ""barbershop"", ""restaurant"", ""street_sign""]","[0.1506866067647934, 0.12565244734287262, 0.07562819123268127, 0.05853763967752457, 0.0545610710978508]",False,True
b0382,data/raw/imagenette2-320/val/n03425413/n03425413_70.JPEG,571,862,torch,0.0814865455031395,"[862, 863, 422, 623, 477]","[""torch"", ""totem_pole"", ""barbell"", ""letter_opener"", ""carpenter's_kit""]","[0.0814865455031395, 0.04220135137438774, 0.03119070827960968, 0.030553195625543594, 0.027148064225912094]",False,False
b0383,data/raw/imagenette2-320/val/n03425413/ILSVRC2012_val_00000732.JPEG,571,480,cash_machine,0.7289323210716248,"[480, 571, 886, 771, 620]","[""cash_machine"", ""gas_pump"", ""vending_machine"", ""safe"", ""laptop""]","[0.7289323210716248, 0.1493239849805832, 0.01357177458703518, 0.010095467790961266, 0.00291474349796772]",False,True
b0384,data/raw/imagenette2-320/val/n03425413/n03425413_6540.JPEG,571,571,gas_pump,0.99308842420578,"[571, 707, 637, 528, 886]","[""gas_pump"", ""pay-phone"", ""mailbox"", ""dial_telephone"", ""vending_machine""]","[0.99308842420578, 0.0013157223584130406, 0.00034247091389261186, 0.00026516520301811397, 0.000216116284718737]",True,True
b0385,data/raw/imagenette2-320/val/n03425413/n03425413_16712.JPEG,571,535,disk_brake,0.6648703813552856,"[535, 670, 686, 518, 571]","[""disk_brake"", ""motor_scooter"", ""oil_filter"", ""crash_helmet"", ""gas_pump""]","[0.6648703813552856, 0.043866030871868134, 0.03512442484498024, 0.024504803121089935, 0.014588920399546623]",False,True
b0386,data/raw/imagenette2-320/val/n03425413/n03425413_1610.JPEG,571,571,gas_pump,0.9024711847305298,"[571, 612, 519, 423, 870]","[""gas_pump"", ""jinrikisha"", ""crate"", ""barber_chair"", ""tricycle""]","[0.9024711847305298, 0.00810188241302967, 0.007645675912499428, 0.004553534090518951, 0.004404026549309492]",True,True
b0387,data/raw/imagenette2-320/val/n03425413/n03425413_8670.JPEG,571,571,gas_pump,0.24185051023960114,"[571, 583, 707, 674, 856]","[""gas_pump"", ""guillotine"", ""pay-phone"", ""mousetrap"", ""thresher""]","[0.24185051023960114, 0.20737867057323456, 0.0446704663336277, 0.04365355148911476, 0.015833143144845963]",True,True
b0388,data/raw/imagenette2-320/val/n03425413/n03425413_12711.JPEG,571,571,gas_pump,0.19289086759090424,"[571, 412, 637, 863, 480]","[""gas_pump"", ""ashcan"", ""mailbox"", ""totem_pole"", ""cash_machine""]","[0.19289086759090424, 0.06645029038190842, 0.041922442615032196, 0.03629457205533981, 0.024855853989720345]",True,True
b0389,data/raw/imagenette2-320/val/n03425413/n03425413_1911.JPEG,571,571,gas_pump,0.9844797253608704,"[571, 778, 886, 800, 473]","[""gas_pump"", ""scale"", ""vending_machine"", ""slot"", ""can_opener""]","[0.9844797253608704, 0.0011386885307729244, 0.0005992872174829245, 0.0005246630753390491, 0.00030764591065235436]",True,True
b0390,data/raw/imagenette2-320/val/n03425413/n03425413_8302.JPEG,571,571,gas_pump,0.7499299049377441,"[571, 437, 756, 494, 747]","[""gas_pump"", ""beacon"", ""rain_barrel"", ""chime"", ""punching_bag""]","[0.7499299049377441, 0.04377935454249382, 0.011413339525461197, 0.008004712872207165, 0.006544146221131086]",True,True
b0391,data/raw/imagenette2-320/val/n03425413/n03425413_21032.JPEG,571,571,gas_pump,0.3064649701118469,"[571, 535, 691, 512, 670]","[""gas_pump"", ""disk_brake"", ""oxygen_mask"", ""corkscrew"", ""motor_scooter""]","[0.3064649701118469, 0.3001289367675781, 0.05206116661429405, 0.04834670573472977, 0.021207090467214584]",True,True
b0392,data/raw/imagenette2-320/val/n03425413/n03425413_16220.JPEG,571,480,cash_machine,0.8027915954589844,"[480, 571, 886, 617, 713]","[""cash_machine"", ""gas_pump"", ""vending_machine"", ""lab_coat"", ""photocopier""]","[0.8027915954589844, 0.022509703412652016, 0.018361059948801994, 0.008498383685946465, 0.006835295353084803]",False,True
b0393,data/raw/imagenette2-320/val/n03425413/n03425413_691.JPEG,571,571,gas_pump,0.7913812398910522,"[571, 583, 733, 707, 637]","[""gas_pump"", ""guillotine"", ""pole"", ""pay-phone"", ""mailbox""]","[0.7913812398910522, 0.03556156903505325, 0.012671146541833878, 0.010793110355734825, 0.010338610038161278]",True,True
b0394,data/raw/imagenette2-320/val/n03425413/ILSVRC2012_val_00004860.JPEG,571,571,gas_pump,0.4297294616699219,"[571, 412, 860, 583, 612]","[""gas_pump"", ""ashcan"", ""tobacco_shop"", ""guillotine"", ""jinrikisha""]","[0.4297294616699219, 0.09810447692871094, 0.05744432657957077, 0.011948604136705399, 0.011557350866496563]",True,True
b0395,data/raw/imagenette2-320/val/n03425413/n03425413_2141.JPEG,571,571,gas_pump,0.5390992760658264,"[571, 412, 886, 707, 637]","[""gas_pump"", ""ashcan"", ""vending_machine"", ""pay-phone"", ""mailbox""]","[0.5390992760658264, 0.07615333050489426, 0.034774914383888245, 0.01362908910959959, 0.010627634823322296]",True,True
b0396,data/raw/imagenette2-320/val/n03425413/n03425413_5732.JPEG,571,481,cassette,0.12728674709796906,"[481, 478, 781, 620, 480]","[""cassette"", ""carton"", ""scoreboard"", ""laptop"", ""cash_machine""]","[0.12728674709796906, 0.09125303477048874, 0.08943258970975876, 0.03451142460107803, 0.027187542989850044]",False,False
b0397,data/raw/imagenette2-320/val/n03425413/n03425413_9051.JPEG,571,475,car_mirror,0.10124816000461578,"[475, 660, 919, 634, 685]","[""car_mirror"", ""mobile_home"", ""street_sign"", ""lumbermill"", ""odometer""]","[0.10124816000461578, 0.07777523249387741, 0.0477723628282547, 0.04654575511813164, 0.04026108235120773]",False,False
b0398,data/raw/imagenette2-320/val/n03425413/n03425413_12712.JPEG,571,441,beer_glass,0.27951741218566895,"[441, 461, 572, 412, 503]","[""beer_glass"", ""breastplate"", ""goblet"", ""ashcan"", ""cocktail_shaker""]","[0.27951741218566895, 0.047611355781555176, 0.025519615039229393, 0.0248694010078907, 0.021598121151328087]",False,False
b0399,data/raw/imagenette2-320/val/n03425413/n03425413_16992.JPEG,571,571,gas_pump,0.801397442817688,"[571, 707, 480, 886, 778]","[""gas_pump"", ""pay-phone"", ""cash_machine"", ""vending_machine"", ""scale""]","[0.801397442817688, 0.010205332189798355, 0.006207356229424477, 0.005760028026998043, 0.00514746829867363]",True,True
b0400,data/raw/imagenette2-320/val/n03445777/n03445777_3981.JPEG,574,574,golf_ball,0.9000290036201477,"[574, 429, 900, 768, 81]","[""golf_ball"", ""baseball"", ""water_tower"", ""rugby_ball"", ""ptarmigan""]","[0.9000290036201477, 0.026794759556651115, 0.0036494650412350893, 0.003243214450776577, 0.0022065944503992796]",True,True
b0401,data/raw/imagenette2-320/val/n03445777/n03445777_9340.JPEG,574,574,golf_ball,0.8796496391296387,"[574, 429, 852, 522, 805]","[""golf_ball"", ""baseball"", ""tennis_ball"", ""croquet_ball"", ""soccer_ball""]","[0.8796496391296387, 0.021318551152944565, 0.00527776125818491, 0.0033601780887693167, 0.0032385739032179117]",True,True
b0402,data/raw/imagenette2-320/val/n03445777/n03445777_3391.JPEG,574,429,baseball,0.21456606686115265,"[429, 574, 522, 805, 768]","[""baseball"", ""golf_ball"", ""croquet_ball"", ""soccer_ball"", ""rugby_ball""]","[0.21456606686115265, 0.16586817800998688, 0.14275309443473816, 0.0851341187953949, 0.02978862076997757]",False,True
b0403,data/raw/imagenette2-320/val/n03445777/n03445777_7091.JPEG,574,574,golf_ball,0.7117688059806824,"[574, 429, 992, 722, 572]","[""golf_ball"", ""baseball"", ""agaric"", ""ping-pong_ball"", ""goblet""]","[0.7117688059806824, 0.004086642060428858, 0.0024177771992981434, 0.0018911792431026697, 0.001040040049701929]",True,True
b0404,data/raw/imagenette2-320/val/n03445777/n03445777_16331.JPEG,574,574,golf_ball,0.41347700357437134,"[574, 895, 758, 676, 843]","[""golf_ball"", ""warplane"", ""reel"", ""muzzle"", ""swing""]","[0.41347700357437134, 0.11426328122615814, 0.07672934979200363, 0.041231460869312286, 0.018407579511404037]",True,True
b0405,data/raw/imagenette2-320/val/n03445777/n03445777_5592.JPEG,574,574,golf_ball,0.2763550281524658,"[574, 599, 825, 996, 995]","[""golf_ball"", ""honeycomb"", ""stone_wall"", ""hen-of-the-woods"", ""earthstar""]","[0.2763550281524658, 0.09532825648784637, 0.0749276876449585, 0.05741629749536514, 0.042234864085912704]",True,True
b0406,data/raw/imagenette2-320/val/n03445777/n03445777_12920.JPEG,574,574,golf_ball,0.8142426609992981,"[574, 722, 429, 855, 852]","[""golf_ball"", ""ping-pong_ball"", ""baseball"", ""thimble"", ""tennis_ball""]","[0.8142426609992981, 0.004295035265386105, 0.002354847965762019, 0.0008632512181065977, 0.0008214184199459851]",True,True
b0407,data/raw/imagenette2-320/val/n03445777/n03445777_4211.JPEG,574,574,golf_ball,0.8574215769767761,"[574, 807, 429, 855, 992]","[""golf_ball"", ""solar_dish"", ""baseball"", ""thimble"", ""agaric""]","[0.8574215769767761, 0.002174796536564827, 0.0021619198378175497, 0.0020699528977274895, 0.0019301030552014709]",True,True
b0408,data/raw/imagenette2-320/val/n03445777/n03445777_9120.JPEG,574,574,golf_ball,0.5250452756881714,"[574, 722, 429, 852, 805]","[""golf_ball"", ""ping-pong_ball"", ""baseball"", ""tennis_ball"", ""soccer_ball""]","[0.5250452756881714, 0.026620253920555115, 0.014595136046409607, 0.007682475261390209, 0.0057909623719751835]",True,True
b0409,data/raw/imagenette2-320/val/n03445777/n03445777_340.JPEG,574,574,golf_ball,0.5251784920692444,"[574, 852, 948, 429, 956]","[""golf_ball"", ""tennis_ball"", ""Granny_Smith"", ""baseball"", ""custard_apple""]","[0.5251784920692444, 0.024654924869537354, 0.0068340180441737175, 0.006411142647266388, 0.005338643677532673]",True,True
b0410,data/raw/imagenette2-320/val/n03445777/n03445777_20400.JPEG,574,574,golf_ball,0.9672105312347412,"[574, 81, 429, 992, 522]","[""golf_ball"", ""ptarmigan"", ""baseball"", ""agaric"", ""croquet_ball""]","[0.9672105312347412, 0.003578313859179616, 0.002995792543515563, 0.0006786013836972415, 0.000621217826846987]",True,True
b0411,data/raw/imagenette2-320/val/n03445777/n03445777_3090.JPEG,574,574,golf_ball,0.6995833516120911,"[574, 429, 722, 768, 852]","[""golf_ball"", ""baseball"", ""ping-pong_ball"", ""rugby_ball"", ""tennis_ball""]","[0.6995833516120911, 0.010490923188626766, 0.004232683219015598, 0.0014564760494977236, 0.0014010986778885126]",True,True
b0412,data/raw/imagenette2-320/val/n03445777/n03445777_1152.JPEG,574,574,golf_ball,0.9238677024841309,"[574, 429, 722, 557, 805]","[""golf_ball"", ""baseball"", ""ping-pong_ball"", ""flagpole"", ""soccer_ball""]","[0.9238677024841309, 0.0028615447226911783, 0.001418235362507403, 0.0007701243157498538, 0.0007524052634835243]",True,True
b0413,data/raw/imagenette2-320/val/n03445777/n03445777_7442.JPEG,574,574,golf_ball,0.8973074555397034,"[574, 855, 722, 429, 992]","[""golf_ball"", ""thimble"", ""ping-pong_ball"", ""baseball"", ""agaric""]","[0.8973074555397034, 0.0026610498316586018, 0.00238415808416903, 0.002112537156790495, 0.0008870429010130465]",True,True
b0414,data/raw/imagenette2-320/val/n03445777/n03445777_7580.JPEG,574,574,golf_ball,0.5748322606086731,"[574, 733, 805, 758, 429]","[""golf_ball"", ""pole"", ""soccer_ball"", ""reel"", ""baseball""]","[0.5748322606086731, 0.05459721386432648, 0.04325023293495178, 0.016747113317251205, 0.0149200689047575]",True,True
b0415,data/raw/imagenette2-320/val/n03445777/n03445777_10760.JPEG,574,574,golf_ball,0.8150441646575928,"[574, 429, 722, 805, 522]","[""golf_ball"", ""baseball"", ""ping-pong_ball"", ""soccer_ball"", ""croquet_ball""]","[0.8150441646575928, 0.00994969718158245, 0.004014318808913231, 0.002801836933940649, 0.0016795629635453224]",True,True
b0416,data/raw/imagenette2-320/val/n03445777/n03445777_10632.JPEG,574,574,golf_ball,0.6648573875427246,"[574, 956, 722, 949, 992]","[""golf_ball"", ""custard_apple"", ""ping-pong_ball"", ""strawberry"", ""agaric""]","[0.6648573875427246, 0.004181952681392431, 0.0023240726441144943, 0.002201104536652565, 0.001968983793631196]",True,True
b0417,data/raw/imagenette2-320/val/n03445777/n03445777_7652.JPEG,574,574,golf_ball,0.4163823425769806,"[574, 722, 522, 769, 611]","[""golf_ball"", ""ping-pong_ball"", ""croquet_ball"", ""rule"", ""jigsaw_puzzle""]","[0.4163823425769806, 0.15423496067523956, 0.0348120853304863, 0.029540684074163437, 0.014219355769455433]",True,True
b0418,data/raw/imagenette2-320/val/n03445777/n03445777_7691.JPEG,574,574,golf_ball,0.6465115547180176,"[574, 722, 429, 956, 793]","[""golf_ball"", ""ping-pong_ball"", ""baseball"", ""custard_apple"", ""shower_cap""]","[0.6465115547180176, 0.004805056378245354, 0.004257628694176674, 0.001667486154474318, 0.0015990962274372578]",True,True
b0419,data/raw/imagenette2-320/val/n03445777/n03445777_11150.JPEG,574,574,golf_ball,0.6134878396987915,"[574, 855, 429, 722, 650]","[""golf_ball"", ""thimble"", ""baseball"", ""ping-pong_ball"", ""microphone""]","[0.6134878396987915, 0.024639375507831573, 0.006992826238274574, 0.006880494300276041, 0.0034863927867263556]",True,True
b0420,data/raw/imagenette2-320/val/n03445777/n03445777_3612.JPEG,574,574,golf_ball,0.9268126487731934,"[574, 720, 722, 584, 543]","[""golf_ball"", ""pill_bottle"", ""ping-pong_ball"", ""hair_slide"", ""dumbbell""]","[0.9268126487731934, 0.019492076709866524, 0.019268283620476723, 0.0036972418893128633, 0.0020101817790418863]",True,True
b0421,data/raw/imagenette2-320/val/n03445777/n03445777_3471.JPEG,574,574,golf_ball,0.6593161821365356,"[574, 722, 429, 720, 852]","[""golf_ball"", ""ping-pong_ball"", ""baseball"", ""pill_bottle"", ""tennis_ball""]","[0.6593161821365356, 0.023724643513560295, 0.02251390926539898, 0.002496963134035468, 0.0024477115366607904]",True,True
b0422,data/raw/imagenette2-320/val/n03445777/n03445777_16392.JPEG,574,574,golf_ball,0.8272308707237244,"[574, 722, 429, 992, 956]","[""golf_ball"", ""ping-pong_ball"", ""baseball"", ""agaric"", ""custard_apple""]","[0.8272308707237244, 0.0019162698881700635, 0.0016979542560875416, 0.0016234874492511153, 0.0010747157502919436]",True,True
b0423,data/raw/imagenette2-320/val/n03445777/n03445777_8790.JPEG,574,574,golf_ball,0.8308464288711548,"[574, 429, 722, 455, 855]","[""golf_ball"", ""baseball"", ""ping-pong_ball"", ""bottlecap"", ""thimble""]","[0.8308464288711548, 0.004454168025404215, 0.0027118148282170296, 0.0014254667330533266, 0.00142356485594064]",True,True
b0424,data/raw/imagenette2-320/val/n03445777/n03445777_11122.JPEG,574,574,golf_ball,0.8197492361068726,"[574, 429, 722, 720, 855]","[""golf_ball"", ""baseball"", ""ping-pong_ball"", ""pill_bottle"", ""thimble""]","[0.8197492361068726, 0.039441000670194626, 0.022421235218644142, 0.005017331335693598, 0.003668464021757245]",True,True
b0425,data/raw/imagenette2-320/val/n03445777/n03445777_4371.JPEG,574,574,golf_ball,0.5506091713905334,"[574, 722, 429, 992, 949]","[""golf_ball"", ""ping-pong_ball"", ""baseball"", ""agaric"", ""strawberry""]","[0.5506091713905334, 0.0050270287320017815, 0.002951816888526082, 0.002145283855497837, 0.001952259219251573]",True,True
b0426,data/raw/imagenette2-320/val/n03445777/n03445777_4930.JPEG,574,574,golf_ball,0.9772941470146179,"[574, 852, 641, 429, 522]","[""golf_ball"", ""tennis_ball"", ""maraca"", ""baseball"", ""croquet_ball""]","[0.9772941470146179, 0.002757810987532139, 0.0013715793611481786, 0.001241228193975985, 0.0011635514674708247]",True,True
b0427,data/raw/imagenette2-320/val/n03445777/n03445777_13462.JPEG,574,574,golf_ball,0.8029654622077942,"[574, 722, 429, 956, 992]","[""golf_ball"", ""ping-pong_ball"", ""baseball"", ""custard_apple"", ""agaric""]","[0.8029654622077942, 0.002447115257382393, 0.002322230953723192, 0.001196540892124176, 0.0010443056235089898]",True,True
b0428,data/raw/imagenette2-320/val/n03445777/n03445777_1971.JPEG,574,574,golf_ball,0.6813850998878479,"[574, 971, 883, 712, 818]","[""golf_ball"", ""bubble"", ""vase"", ""Petri_dish"", ""spotlight""]","[0.6813850998878479, 0.010882594622671604, 0.00848313607275486, 0.006556466221809387, 0.006271767895668745]",True,True
b0429,data/raw/imagenette2-320/val/n03445777/n03445777_6360.JPEG,574,574,golf_ball,0.8642653822898865,"[574, 722, 852, 429, 805]","[""golf_ball"", ""ping-pong_ball"", ""tennis_ball"", ""baseball"", ""soccer_ball""]","[0.8642653822898865, 0.014626898802816868, 0.01264595240354538, 0.008588756434619427, 0.008310697972774506]",True,True
b0430,data/raw/imagenette2-320/val/n03445777/n03445777_3410.JPEG,574,574,golf_ball,0.9060310125350952,"[574, 429, 722, 577, 417]","[""golf_ball"", ""baseball"", ""ping-pong_ball"", ""gong"", ""balloon""]","[0.9060310125350952, 0.00395406037569046, 0.0038905430119484663, 0.0016198079101741314, 0.0013071885332465172]",True,True
b0431,data/raw/imagenette2-320/val/n03445777/n03445777_2251.JPEG,574,574,golf_ball,0.5965981483459473,"[574, 522, 621, 981, 429]","[""golf_ball"", ""croquet_ball"", ""lawn_mower"", ""ballplayer"", ""baseball""]","[0.5965981483459473, 0.34026190638542175, 0.013249672017991543, 0.011243139393627644, 0.0045064822770655155]",True,True
b0432,data/raw/imagenette2-320/val/n03445777/n03445777_1962.JPEG,574,574,golf_ball,0.990060567855835,"[574, 722, 429, 855, 417]","[""golf_ball"", ""ping-pong_ball"", ""baseball"", ""thimble"", ""balloon""]","[0.990060567855835, 0.0010786763159558177, 0.0007780628511682153, 0.0006064428016543388, 0.00041570296161808074]",True,True
b0433,data/raw/imagenette2-320/val/n03445777/n03445777_5590.JPEG,574,574,golf_ball,0.894481897354126,"[574, 949, 722, 813, 923]","[""golf_ball"", ""strawberry"", ""ping-pong_ball"", ""spatula"", ""plate""]","[0.894481897354126, 0.00548935029655695, 0.005411881487816572, 0.004623336251825094, 0.004261847585439682]",True,True
b0434,data/raw/imagenette2-320/val/n03445777/n03445777_13490.JPEG,574,574,golf_ball,0.6534014940261841,"[574, 722, 429, 992, 409]","[""golf_ball"", ""ping-pong_ball"", ""baseball"", ""agaric"", ""analog_clock""]","[0.6534014940261841, 0.003446615068241954, 0.002167467027902603, 0.001935057109221816, 0.0015239837812259793]",True,True
b0435,data/raw/imagenette2-320/val/n03445777/n03445777_7011.JPEG,574,574,golf_ball,0.7144427299499512,"[574, 722, 429, 855, 956]","[""golf_ball"", ""ping-pong_ball"", ""baseball"", ""thimble"", ""custard_apple""]","[0.7144427299499512, 0.004629411734640598, 0.0043931580148637295, 0.002787445904687047, 0.002113573020324111]",True,True
b0436,data/raw/imagenette2-320/val/n03445777/n03445777_9740.JPEG,574,574,golf_ball,0.8355212211608887,"[574, 722, 956, 572, 992]","[""golf_ball"", ""ping-pong_ball"", ""custard_apple"", ""goblet"", ""agaric""]","[0.8355212211608887, 0.0023775703739374876, 0.0012450552312657237, 0.0011399530339986086, 0.001014627399854362]",True,True
b0437,data/raw/imagenette2-320/val/n03445777/n03445777_7181.JPEG,574,574,golf_ball,0.7583009004592896,"[574, 722, 429, 992, 81]","[""golf_ball"", ""ping-pong_ball"", ""baseball"", ""agaric"", ""ptarmigan""]","[0.7583009004592896, 0.004587945528328419, 0.003309341613203287, 0.001297477982006967, 0.0011503614950925112]",True,True
b0438,data/raw/imagenette2-320/val/n03445777/n03445777_5812.JPEG,574,574,golf_ball,0.9902178645133972,"[574, 793, 728, 647, 81]","[""golf_ball"", ""shower_cap"", ""plastic_bag"", ""measuring_cup"", ""ptarmigan""]","[0.9902178645133972, 0.0014150571078062057, 0.0012223487719893456, 0.00020561607379931957, 0.00019198452355340123]",True,True
b0439,data/raw/imagenette2-320/val/n03445777/n03445777_18631.JPEG,574,574,golf_ball,0.7546202540397644,"[574, 429, 805, 768, 755]","[""golf_ball"", ""baseball"", ""soccer_ball"", ""rugby_ball"", ""radio_telescope""]","[0.7546202540397644, 0.005700117442756891, 0.002975459210574627, 0.0020669023506343365, 0.0019162374082952738]",True,True
b0440,data/raw/imagenette2-320/val/n03445777/n03445777_5031.JPEG,574,574,golf_ball,0.6729032397270203,"[574, 429, 722, 768, 805]","[""golf_ball"", ""baseball"", ""ping-pong_ball"", ""rugby_ball"", ""soccer_ball""]","[0.6729032397270203, 0.007670070976018906, 0.004071260802447796, 0.002596889389678836, 0.00247740070335567]",True,True
b0441,data/raw/imagenette2-320/val/n03445777/n03445777_7372.JPEG,574,574,golf_ball,0.4700545072555542,"[574, 722, 429, 409, 992]","[""golf_ball"", ""ping-pong_ball"", ""baseball"", ""analog_clock"", ""agaric""]","[0.4700545072555542, 0.007955241948366165, 0.00407255906611681, 0.002331038471311331, 0.0018314267508685589]",True,True
b0442,data/raw/imagenette2-320/val/n03445777/n03445777_832.JPEG,574,574,golf_ball,0.606579065322876,"[574, 722, 429, 992, 956]","[""golf_ball"", ""ping-pong_ball"", ""baseball"", ""agaric"", ""custard_apple""]","[0.606579065322876, 0.004508267156779766, 0.0039946516044437885, 0.0019239013781771064, 0.0017944741994142532]",True,True
b0443,data/raw/imagenette2-320/val/n03445777/n03445777_6451.JPEG,574,574,golf_ball,0.8308896422386169,"[574, 363, 86, 83, 82]","[""golf_ball"", ""armadillo"", ""partridge"", ""prairie_chicken"", ""ruffed_grouse""]","[0.8308896422386169, 0.04532373696565628, 0.006796687375754118, 0.0056683775037527084, 0.003191580530256033]",True,True
b0444,data/raw/imagenette2-320/val/n03445777/n03445777_3992.JPEG,574,574,golf_ball,0.30538421869277954,"[574, 750, 794, 599, 722]","[""golf_ball"", ""quilt"", ""shower_curtain"", ""honeycomb"", ""ping-pong_ball""]","[0.30538421869277954, 0.28411078453063965, 0.08788789063692093, 0.030656788498163223, 0.026798926293849945]",True,True
b0445,data/raw/imagenette2-320/val/n03445777/n03445777_10550.JPEG,574,574,golf_ball,0.6695924401283264,"[574, 429, 722, 805, 992]","[""golf_ball"", ""baseball"", ""ping-pong_ball"", ""soccer_ball"", ""agaric""]","[0.6695924401283264, 0.004117370583117008, 0.0032979289535433054, 0.002301824977621436, 0.0014073908096179366]",True,True
b0446,data/raw/imagenette2-320/val/n03445777/n03445777_1292.JPEG,574,574,golf_ball,0.7842727303504944,"[574, 852, 956, 722, 429]","[""golf_ball"", ""tennis_ball"", ""custard_apple"", ""ping-pong_ball"", ""baseball""]","[0.7842727303504944, 0.00503951869904995, 0.004015803337097168, 0.002390147652477026, 0.0016097802435979247]",True,True
b0447,data/raw/imagenette2-320/val/n03445777/n03445777_1291.JPEG,574,574,golf_ball,0.9915448427200317,"[574, 429, 722, 855, 956]","[""golf_ball"", ""baseball"", ""ping-pong_ball"", ""thimble"", ""custard_apple""]","[0.9915448427200317, 0.0032891600858420134, 0.00047441519564017653, 0.00026672115200199187, 0.00017632119124755263]",True,True
b0448,data/raw/imagenette2-320/val/n03445777/ILSVRC2012_val_00008161.JPEG,574,574,golf_ball,0.2020864635705948,"[574, 621, 981, 852, 805]","[""golf_ball"", ""lawn_mower"", ""ballplayer"", ""tennis_ball"", ""soccer_ball""]","[0.2020864635705948, 0.056753214448690414, 0.05523785948753357, 0.04004550725221634, 0.03971284627914429]",True,True
b0449,data/raw/imagenette2-320/val/n03445777/n03445777_3421.JPEG,574,574,golf_ball,0.851701021194458,"[574, 429, 522, 805, 722]","[""golf_ball"", ""baseball"", ""croquet_ball"", ""soccer_ball"", ""ping-pong_ball""]","[0.851701021194458, 0.053911563009023666, 0.029198508709669113, 0.008771214634180069, 0.003657248802483082]",True,True
b0450,data/raw/imagenette2-320/val/n03888257/n03888257_850.JPEG,701,701,parachute,0.9884287714958191,"[701, 584, 821, 557, 405]","[""parachute"", ""hair_slide"", ""steel_arch_bridge"", ""flagpole"", ""airship""]","[0.9884287714958191, 0.000765313976444304, 0.0002608927898108959, 0.00021039352577645332, 0.0001877527975011617]",True,True
b0451,data/raw/imagenette2-320/val/n03888257/n03888257_9371.JPEG,701,970,alp,0.2907821834087372,"[970, 701, 472, 672, 975]","[""alp"", ""parachute"", ""canoe"", ""mountain_tent"", ""lakeside""]","[0.2907821834087372, 0.18926402926445007, 0.07374617457389832, 0.07160162180662155, 0.021891891956329346]",False,True
b0452,data/raw/imagenette2-320/val/n03888257/n03888257_13100.JPEG,701,701,parachute,0.7243135571479797,"[701, 843, 795, 602, 862]","[""parachute"", ""swing"", ""ski"", ""horizontal_bar"", ""torch""]","[0.7243135571479797, 0.16827189922332764, 0.05655382201075554, 0.013943306170403957, 0.0056764003820717335]",True,True
b0453,data/raw/imagenette2-320/val/n03888257/n03888257_15312.JPEG,701,701,parachute,0.9003592133522034,"[701, 417, 405, 795, 645]","[""parachute"", ""balloon"", ""airship"", ""ski"", ""maypole""]","[0.9003592133522034, 0.02030772715806961, 0.0018854871159419417, 0.0011482523987069726, 0.0009413383668288589]",True,True
b0454,data/raw/imagenette2-320/val/n03888257/n03888257_13072.JPEG,701,701,parachute,0.6042816638946533,"[701, 830, 621, 970, 671]","[""parachute"", ""stretcher"", ""lawn_mower"", ""alp"", ""mountain_bike""]","[0.6042816638946533, 0.02968566119670868, 0.02337716706097126, 0.016240796074271202, 0.011016767472028732]",True,True
b0455,data/raw/imagenette2-320/val/n03888257/n03888257_4580.JPEG,701,815,spider_web,0.3206492066383362,"[815, 971, 845, 701, 794]","[""spider_web"", ""bubble"", ""syringe"", ""parachute"", ""shower_curtain""]","[0.3206492066383362, 0.09239845722913742, 0.058599743992090225, 0.03356669098138809, 0.0291256383061409]",False,True
b0456,data/raw/imagenette2-320/val/n03888257/n03888257_31301.JPEG,701,701,parachute,0.724906325340271,"[701, 417, 148, 978, 433]","[""parachute"", ""balloon"", ""killer_whale"", ""seashore"", ""bathing_cap""]","[0.724906325340271, 0.024672821164131165, 0.0020502901170402765, 0.001998731167986989, 0.0017483123810961843]",True,True
b0457,data/raw/imagenette2-320/val/n03888257/n03888257_34320.JPEG,701,701,parachute,0.7606067657470703,"[701, 557, 417, 728, 405]","[""parachute"", ""flagpole"", ""balloon"", ""plastic_bag"", ""airship""]","[0.7606067657470703, 0.04480874910950661, 0.008641445077955723, 0.0037242304533720016, 0.0024035831447690725]",True,True
b0458,data/raw/imagenette2-320/val/n03888257/n03888257_12400.JPEG,701,845,syringe,0.6541347503662109,"[845, 701, 784, 971, 783]","[""syringe"", ""parachute"", ""screwdriver"", ""bubble"", ""screw""]","[0.6541347503662109, 0.1167851909995079, 0.05862865597009659, 0.012805437669157982, 0.008813999593257904]",False,True
b0459,data/raw/imagenette2-320/val/n03888257/n03888257_30691.JPEG,701,701,parachute,0.9613673686981201,"[701, 557, 843, 417, 807]","[""parachute"", ""flagpole"", ""swing"", ""balloon"", ""solar_dish""]","[0.9613673686981201, 0.0036459960974752903, 0.001967993099242449, 0.0019668370950967073, 0.0016262830467894673]",True,True
b0460,data/raw/imagenette2-320/val/n03888257/n03888257_4311.JPEG,701,701,parachute,0.7216452360153198,"[701, 417, 506, 879, 117]","[""parachute"", ""balloon"", ""coil"", ""umbrella"", ""chambered_nautilus""]","[0.7216452360153198, 0.2528395652770996, 0.0023691332899034023, 0.0019302171422168612, 0.0012597856111824512]",True,True
b0461,data/raw/imagenette2-320/val/n03888257/n03888257_19792.JPEG,701,701,parachute,0.9580087065696716,"[701, 417, 807, 72, 970]","[""parachute"", ""balloon"", ""solar_dish"", ""black_and_gold_garden_spider"", ""alp""]","[0.9580087065696716, 0.0011323821963742375, 0.0004111859016120434, 0.000368189241271466, 0.0003423555172048509]",True,True
b0462,data/raw/imagenette2-320/val/n03888257/n03888257_15491.JPEG,701,701,parachute,0.896579921245575,"[701, 970, 978, 350, 405]","[""parachute"", ""alp"", ""seashore"", ""ibex"", ""airship""]","[0.896579921245575, 0.009880793280899525, 0.003995162434875965, 0.003343309974297881, 0.003034379333257675]",True,True
b0463,data/raw/imagenette2-320/val/n03888257/ILSVRC2012_val_00042262.JPEG,701,701,parachute,0.9735656976699829,"[701, 557, 879, 619, 417]","[""parachute"", ""flagpole"", ""umbrella"", ""lampshade"", ""balloon""]","[0.9735656976699829, 0.0016214707866311073, 0.0012247472768649459, 0.00047528158756904304, 0.00038413022411987185]",True,True
b0464,data/raw/imagenette2-320/val/n03888257/n03888257_22061.JPEG,701,701,parachute,0.8476088047027588,"[701, 417, 879, 672, 805]","[""parachute"", ""balloon"", ""umbrella"", ""mountain_tent"", ""soccer_ball""]","[0.8476088047027588, 0.03089684620499611, 0.006341706495732069, 0.004263737704604864, 0.0022289673797786236]",True,True
b0465,data/raw/imagenette2-320/val/n03888257/n03888257_9770.JPEG,701,895,warplane,0.3610556721687317,"[895, 404, 405, 908, 701]","[""warplane"", ""airliner"", ""airship"", ""wing"", ""parachute""]","[0.3610556721687317, 0.15775038301944733, 0.09616372734308243, 0.0341072641313076, 0.013120715506374836]",False,True
b0466,data/raw/imagenette2-320/val/n03888257/n03888257_2791.JPEG,701,701,parachute,0.719997227191925,"[701, 557, 417, 879, 96]","[""parachute"", ""flagpole"", ""balloon"", ""umbrella"", ""toucan""]","[0.719997227191925, 0.0033543098252266645, 0.002380580175668001, 0.0016789943911135197, 0.0013737836852669716]",True,True
b0467,data/raw/imagenette2-320/val/n03888257/n03888257_12301.JPEG,701,701,parachute,0.056519538164138794,"[701, 405, 812, 807, 908]","[""parachute"", ""airship"", ""space_shuttle"", ""solar_dish"", ""wing""]","[0.056519538164138794, 0.030587216839194298, 0.02742176130414009, 0.024708067998290062, 0.021537475287914276]",True,True
b0468,data/raw/imagenette2-320/val/n03888257/n03888257_19260.JPEG,701,701,parachute,0.9171419739723206,"[701, 557, 417, 879, 978]","[""parachute"", ""flagpole"", ""balloon"", ""umbrella"", ""seashore""]","[0.9171419739723206, 0.0020095929503440857, 0.0010840774048119783, 0.00047310045920312405, 0.0004251866484992206]",True,True
b0469,data/raw/imagenette2-320/val/n03888257/n03888257_7130.JPEG,701,701,parachute,0.7326560616493225,"[701, 417, 405, 557, 433]","[""parachute"", ""balloon"", ""airship"", ""flagpole"", ""bathing_cap""]","[0.7326560616493225, 0.02493659220635891, 0.0049226656556129456, 0.0031870638485997915, 0.001438439474441111]",True,True
b0470,data/raw/imagenette2-320/val/n03888257/n03888257_9932.JPEG,701,783,screw,0.3629525601863861,"[783, 677, 403, 405, 855]","[""screw"", ""nail"", ""aircraft_carrier"", ""airship"", ""thimble""]","[0.3629525601863861, 0.10974164307117462, 0.030652405694127083, 0.030170494690537453, 0.023196551948785782]",False,False
b0471,data/raw/imagenette2-320/val/n03888257/n03888257_6230.JPEG,701,701,parachute,0.33802205324172974,"[701, 405, 807, 417, 699]","[""parachute"", ""airship"", ""solar_dish"", ""balloon"", ""panpipe""]","[0.33802205324172974, 0.06539701670408249, 0.04605671763420105, 0.015135932713747025, 0.014573558233678341]",True,True
b0472,data/raw/imagenette2-320/val/n03888257/n03888257_36971.JPEG,701,701,parachute,0.8326954245567322,"[701, 417, 405, 978, 977]","[""parachute"", ""balloon"", ""airship"", ""seashore"", ""sandbar""]","[0.8326954245567322, 0.015289242379367352, 0.006417264696210623, 0.004255941137671471, 0.002257859567180276]",True,True
b0473,data/raw/imagenette2-320/val/n03888257/n03888257_32391.JPEG,701,701,parachute,0.9939889907836914,"[701, 557, 723, 728, 879]","[""parachute"", ""flagpole"", ""pinwheel"", ""plastic_bag"", ""umbrella""]","[0.9939889907836914, 0.0007786183850839734, 0.0005294880247674882, 0.00016902257630135864, 0.00014921896217856556]",True,True
b0474,data/raw/imagenette2-320/val/n03888257/n03888257_11450.JPEG,701,669,mosquito_net,0.551216721534729,"[669, 915, 701, 794, 619]","[""mosquito_net"", ""yurt"", ""parachute"", ""shower_curtain"", ""lampshade""]","[0.551216721534729, 0.13429035246372223, 0.06991706043481827, 0.05289152264595032, 0.024673504754900932]",False,True
b0475,data/raw/imagenette2-320/val/n03888257/ILSVRC2012_val_00044850.JPEG,701,701,parachute,0.8948242664337158,"[701, 417, 879, 405, 96]","[""parachute"", ""balloon"", ""umbrella"", ""airship"", ""toucan""]","[0.8948242664337158, 0.002579444320872426, 0.001698676380328834, 0.0007683885050937533, 0.0005321492208167911]",True,True
b0476,data/raw/imagenette2-320/val/n03888257/n03888257_4512.JPEG,701,701,parachute,0.8763719797134399,"[701, 417, 895, 557, 405]","[""parachute"", ""balloon"", ""warplane"", ""flagpole"", ""airship""]","[0.8763719797134399, 0.009956691414117813, 0.004263694863766432, 0.0022025411017239094, 0.0018352550687268376]",True,True
b0477,data/raw/imagenette2-320/val/n03888257/n03888257_9640.JPEG,701,701,parachute,0.8783139586448669,"[701, 795, 557, 843, 862]","[""parachute"", ""ski"", ""flagpole"", ""swing"", ""torch""]","[0.8783139586448669, 0.05212636664509773, 0.008700077421963215, 0.0075893341563642025, 0.00642708595842123]",True,True
b0478,data/raw/imagenette2-320/val/n03888257/n03888257_10680.JPEG,701,701,parachute,0.9272292852401733,"[701, 417, 405, 557, 433]","[""parachute"", ""balloon"", ""airship"", ""flagpole"", ""bathing_cap""]","[0.9272292852401733, 0.022398272529244423, 0.000913259107619524, 0.0003918259753845632, 0.00035108550218865275]",True,True
b0479,data/raw/imagenette2-320/val/n03888257/n03888257_28011.JPEG,701,701,parachute,0.4294525682926178,"[701, 419, 549, 611, 760]","[""parachute"", ""Band_Aid"", ""envelope"", ""jigsaw_puzzle"", ""refrigerator""]","[0.4294525682926178, 0.09143777936697006, 0.07447434961795807, 0.0543166883289814, 0.026690833270549774]",True,True
b0480,data/raw/imagenette2-320/val/n03888257/n03888257_19960.JPEG,701,701,parachute,0.8533545136451721,"[701, 417, 971, 611, 794]","[""parachute"", ""balloon"", ""bubble"", ""jigsaw_puzzle"", ""shower_curtain""]","[0.8533545136451721, 0.025322256609797478, 0.022167496383190155, 0.00648768013343215, 0.005311284214258194]",True,True
b0481,data/raw/imagenette2-320/val/n03888257/n03888257_4952.JPEG,701,701,parachute,0.9955316781997681,"[701, 417, 895, 21, 728]","[""parachute"", ""balloon"", ""warplane"", ""kite"", ""plastic_bag""]","[0.9955316781997681, 0.00039279728662222624, 0.00015705704572610557, 0.0001438171893823892, 0.0001121830428019166]",True,True
b0482,data/raw/imagenette2-320/val/n03888257/n03888257_2760.JPEG,701,417,balloon,0.674035906791687,"[417, 701, 807, 879, 727]","[""balloon"", ""parachute"", ""solar_dish"", ""umbrella"", ""planetarium""]","[0.674035906791687, 0.2001517117023468, 0.01687462441623211, 0.0067697386257350445, 0.004715762101113796]",False,True
b0483,data/raw/imagenette2-320/val/n03888257/n03888257_6541.JPEG,701,701,parachute,0.8817775249481201,"[701, 417, 484, 978, 405]","[""parachute"", ""balloon"", ""catamaran"", ""seashore"", ""airship""]","[0.8817775249481201, 0.030012071132659912, 0.0019591660238802433, 0.0017255278071388602, 0.0016099156346172094]",True,True
b0484,data/raw/imagenette2-320/val/n03888257/n03888257_19570.JPEG,701,701,parachute,0.943129301071167,"[701, 417, 619, 815, 405]","[""parachute"", ""balloon"", ""lampshade"", ""spider_web"", ""airship""]","[0.943129301071167, 0.006190739572048187, 0.0009140628972090781, 0.000699504918884486, 0.0005366892437450588]",True,True
b0485,data/raw/imagenette2-320/val/n03888257/n03888257_17340.JPEG,701,728,plastic_bag,0.13203991949558258,"[728, 701, 807, 978, 354]","[""plastic_bag"", ""parachute"", ""solar_dish"", ""seashore"", ""Arabian_camel""]","[0.13203991949558258, 0.12818604707717896, 0.09056374430656433, 0.03265264257788658, 0.03152545168995857]",False,True
b0486,data/raw/imagenette2-320/val/n03888257/n03888257_3651.JPEG,701,701,parachute,0.2989310026168823,"[701, 795, 830, 465, 413]","[""parachute"", ""ski"", ""stretcher"", ""bulletproof_vest"", ""assault_rifle""]","[0.2989310026168823, 0.04962577298283577, 0.04711620509624481, 0.04545564576983452, 0.04414862021803856]",True,True
b0487,data/raw/imagenette2-320/val/n03888257/n03888257_42680.JPEG,701,701,parachute,0.9703699946403503,"[701, 895, 417, 843, 517]","[""parachute"", ""warplane"", ""balloon"", ""swing"", ""crane""]","[0.9703699946403503, 0.004408114589750767, 0.0021261705551296473, 0.0014098138781264424, 0.0012252840679138899]",True,True
b0488,data/raw/imagenette2-320/val/n03888257/n03888257_17851.JPEG,701,701,parachute,0.9572864174842834,"[701, 728, 671, 807, 417]","[""parachute"", ""plastic_bag"", ""mountain_bike"", ""solar_dish"", ""balloon""]","[0.9572864174842834, 0.005376282148063183, 0.005079047754406929, 0.0045297774486243725, 0.0024058385752141476]",True,True
b0489,data/raw/imagenette2-320/val/n03888257/n03888257_35020.JPEG,701,701,parachute,0.9881256818771362,"[701, 417, 557, 405, 879]","[""parachute"", ""balloon"", ""flagpole"", ""airship"", ""umbrella""]","[0.9881256818771362, 0.0021650749258697033, 0.0006301000248640776, 0.00015279451326932758, 0.00011275270662736148]",True,True
b0490,data/raw/imagenette2-320/val/n03888257/n03888257_3632.JPEG,701,701,parachute,0.9966339468955994,"[701, 21, 417, 557, 405]","[""parachute"", ""kite"", ""balloon"", ""flagpole"", ""airship""]","[0.9966339468955994, 0.00024919898714870214, 0.00018494733376428485, 0.00017269393720198423, 0.00012545434583444148]",True,True
b0491,data/raw/imagenette2-320/val/n03888257/n03888257_22302.JPEG,701,701,parachute,0.9464878439903259,"[701, 417, 405, 452, 797]","[""parachute"", ""balloon"", ""airship"", ""bonnet"", ""sleeping_bag""]","[0.9464878439903259, 0.01515133772045374, 0.002434829017147422, 0.00043827216723002493, 0.0004367067012935877]",True,True
b0492,data/raw/imagenette2-320/val/n03888257/n03888257_5812.JPEG,701,701,parachute,0.983869731426239,"[701, 310, 815, 417, 405]","[""parachute"", ""ant"", ""spider_web"", ""balloon"", ""airship""]","[0.983869731426239, 0.0008775383466854692, 0.0006813577492721379, 0.000585790432523936, 0.0004881186760030687]",True,True
b0493,data/raw/imagenette2-320/val/n03888257/n03888257_12641.JPEG,701,895,warplane,0.8954232335090637,"[895, 812, 908, 403, 404]","[""warplane"", ""space_shuttle"", ""wing"", ""aircraft_carrier"", ""airliner""]","[0.8954232335090637, 0.02926480770111084, 0.02636384591460228, 0.014564297161996365, 0.005201934836804867]",False,False
b0494,data/raw/imagenette2-320/val/n03888257/n03888257_17421.JPEG,701,701,parachute,0.9497568607330322,"[701, 557, 795, 895, 908]","[""parachute"", ""flagpole"", ""ski"", ""warplane"", ""wing""]","[0.9497568607330322, 0.01867690309882164, 0.0018277872586622834, 0.001255607232451439, 0.0006586792296729982]",True,True
b0495,data/raw/imagenette2-320/val/n03888257/n03888257_36541.JPEG,701,701,parachute,0.8623035550117493,"[701, 417, 405, 404, 562]","[""parachute"", ""balloon"", ""airship"", ""airliner"", ""fountain""]","[0.8623035550117493, 0.016956720501184464, 0.00874282605946064, 0.0031725550070405006, 0.001861200318671763]",True,True
b0496,data/raw/imagenette2-320/val/n03888257/n03888257_38102.JPEG,701,701,parachute,0.9632576107978821,"[701, 417, 998, 405, 557]","[""parachute"", ""balloon"", ""ear"", ""airship"", ""flagpole""]","[0.9632576107978821, 0.0013986587291583419, 0.0004898019833490252, 0.0004166452563367784, 0.000309400464175269]",True,True
b0497,data/raw/imagenette2-320/val/n03888257/n03888257_7011.JPEG,701,701,parachute,0.17787125706672668,"[701, 405, 417, 895, 404]","[""parachute"", ""airship"", ""balloon"", ""warplane"", ""airliner""]","[0.17787125706672668, 0.09626033157110214, 0.08198883384466171, 0.03510957211256027, 0.026550769805908203]",True,True
b0498,data/raw/imagenette2-320/val/n03888257/n03888257_29090.JPEG,701,701,parachute,0.39623406529426575,"[701, 728, 616, 557, 107]","[""parachute"", ""plastic_bag"", ""knot"", ""flagpole"", ""jellyfish""]","[0.39623406529426575, 0.06862571090459824, 0.031942617148160934, 0.019002409651875496, 0.015821490436792374]",True,True
b0499,data/raw/imagenette2-320/val/n03888257/n03888257_70632.JPEG,701,701,parachute,0.8804987072944641,"[701, 879, 417, 405, 797]","[""parachute"", ""umbrella"", ""balloon"", ""airship"", ""sleeping_bag""]","[0.8804987072944641, 0.025964360684156418, 0.005779629573225975, 0.003191476920619607, 0.002968101529404521]",True,True
