sample_id,relative_path,ground_truth_index,predicted_top1_index,predicted_top1_class,predicted_top1_probability,top5_indices,top5_classes,top5_probabilities,top1_correct,top5_correct
b0000,data/raw/imagenette2-320/val/n01440764/n01440764_1310.JPEG,0,0,tench,0.7048227190971375,"[0, 1, 395, 392, 389]","[""tench"", ""goldfish"", ""gar"", ""rock_beauty"", ""barracouta""]","[0.7048227190971375, 0.03805690258741379, 0.032529596239328384, 0.023177331313490868, 0.015042019076645374]",True,True
b0001,data/raw/imagenette2-320/val/n01440764/n01440764_14190.JPEG,0,389,barracouta,0.7426022291183472,"[389, 395, 394, 390, 0]","[""barracouta"", ""gar"", ""sturgeon"", ""eel"", ""tench""]","[0.7426022291183472, 0.15955857932567596, 0.024338679388165474, 0.0045747035183012486, 0.0028502994682639837]",False,True
b0002,data/raw/imagenette2-320/val/n01440764/n01440764_8622.JPEG,0,0,tench,0.9785221219062805,"[0, 391, 389, 1, 392]","[""tench"", ""coho"", ""barracouta"", ""goldfish"", ""rock_beauty""]","[0.9785221219062805, 0.0012227555271238089, 0.0010600114474073052, 0.000873022130690515, 0.0007289891364052892]",True,True
b0003,data/raw/imagenette2-320/val/n01440764/n01440764_6052.JPEG,0,0,tench,0.8946315050125122,"[0, 389, 1, 395, 63]","[""tench"", ""barracouta"", ""goldfish"", ""gar"", ""Indian_cobra""]","[0.8946315050125122, 0.028474323451519012, 0.0028660204261541367, 0.0021386363077908754, 0.0017156058456748724]",True,True
b0004,data/raw/imagenette2-320/val/n01440764/n01440764_8250.JPEG,0,0,tench,0.9040024876594543,"[0, 389, 996, 391, 172]","[""tench"", ""barracouta"", ""hen-of-the-woods"", ""coho"", ""whippet""]","[0.9040024876594543, 0.02875712513923645, 0.008010311983525753, 0.0033606989309191704, 0.002375493524596095]",True,True
b0005,data/raw/imagenette2-320/val/n01440764/n01440764_6550.JPEG,0,0,tench,0.9617305397987366,"[0, 389, 103, 391, 390]","[""tench"", ""barracouta"", ""platypus"", ""coho"", ""eel""]","[0.9617305397987366, 0.0030372783076018095, 0.0006814067019149661, 0.0005888510495424271, 0.00037487572990357876]",True,True
b0006,data/raw/imagenette2-320/val/n01440764/n01440764_4512.JPEG,0,0,tench,0.9465439915657043,"[0, 389, 395, 394, 391]","[""tench"", ""barracouta"", ""gar"", ""sturgeon"", ""coho""]","[0.9465439915657043, 0.003924501594156027, 0.0023709468077868223, 0.002336164005100727, 0.0010334508260712028]",True,True
b0007,data/raw/imagenette2-320/val/n01440764/n01440764_13251.JPEG,0,0,tench,0.8946431279182434,"[0, 389, 391, 395, 103]","[""tench"", ""barracouta"", ""coho"", ""gar"", ""platypus""]","[0.8946431279182434, 0.006270962301641703, 0.0021000015549361706, 0.0010586156276986003, 0.0007524200482293963]",True,True
b0008,data/raw/imagenette2-320/val/n01440764/n01440764_12021.JPEG,0,0,tench,0.9549490809440613,"[0, 389, 1, 390, 955]","[""tench"", ""barracouta"", ""goldfish"", ""eel"", ""jackfruit""]","[0.9549490809440613, 0.0026712799444794655, 0.0004842439666390419, 0.0004340836312621832, 0.0003599670308176428]",True,True
b0009,data/raw/imagenette2-320/val/n01440764/n01440764_3011.JPEG,0,0,tench,0.9667811393737793,"[0, 389, 391, 103, 394]","[""tench"", ""barracouta"", ""coho"", ""platypus"", ""sturgeon""]","[0.9667811393737793, 0.005268444772809744, 0.0025027894880622625, 0.00034632033202797174, 0.0002799053327180445]",True,True
b0010,data/raw/imagenette2-320/val/n01440764/n01440764_20650.JPEG,0,0,tench,0.9857069849967957,"[0, 389, 391, 395, 209]","[""tench"", ""barracouta"", ""coho"", ""gar"", ""Chesapeake_Bay_retriever""]","[0.9857069849967957, 0.0075896382331848145, 0.0019806204363703728, 0.0003084595373366028, 0.00017678661970421672]",True,True
b0011,data/raw/imagenette2-320/val/n01440764/n01440764_11570.JPEG,0,0,tench,0.8982260227203369,"[0, 389, 390, 34, 394]","[""tench"", ""barracouta"", ""eel"", ""leatherback_turtle"", ""sturgeon""]","[0.8982260227203369, 0.005967076867818832, 0.005636666435748339, 0.003368715289980173, 0.002961867954581976]",True,True
b0012,data/raw/imagenette2-320/val/n01440764/n01440764_13452.JPEG,0,0,tench,0.980933427810669,"[0, 389, 391, 103, 395]","[""tench"", ""barracouta"", ""coho"", ""platypus"", ""gar""]","[0.980933427810669, 0.0019829764496535063, 0.0011640731245279312, 0.0010730536887422204, 0.0006780449766665697]",True,True
b0013,data/raw/imagenette2-320/val/n01440764/n01440764_9572.JPEG,0,0,tench,0.7190192937850952,"[0, 391, 394, 389, 395]","[""tench"", ""coho"", ""sturgeon"", ""barracouta"", ""gar""]","[0.7190192937850952, 0.12420263886451721, 0.018357349559664726, 0.01539592631161213, 0.004239528905600309]",True,True
b0014,data/raw/imagenette2-320/val/n01440764/n01440764_12881.JPEG,0,0,tench,0.8947240710258484,"[0, 389, 103, 955, 951]","[""tench"", ""barracouta"", ""platypus"", ""jackfruit"", ""lemon""]","[0.8947240710258484, 0.005111866630613804, 0.0021234287414699793, 0.0009372401982545853, 0.0006500803865492344]",True,True
b0015,data/raw/imagenette2-320/val/n01440764/n01440764_8451.JPEG,0,0,tench,0.9460641741752625,"[0, 389, 391, 395, 1]","[""tench"", ""barracouta"", ""coho"", ""gar"", ""goldfish""]","[0.9460641741752625, 0.01859087124466896, 0.002168880309909582, 0.0009788713650777936, 0.0005441518151201308]",True,True
b0016,data/raw/imagenette2-320/val/n01440764/n01440764_7040.JPEG,0,0,tench,0.917371392250061,"[0, 391, 389, 390, 149]","[""tench"", ""coho"", ""barracouta"", ""eel"", ""dugong""]","[0.917371392250061, 0.016838526353240013, 0.008466418832540512, 0.004198641981929541, 0.00337511976249516]",True,True
b0017,data/raw/imagenette2-320/val/n01440764/n01440764_30782.JPEG,0,0,tench,0.7541022300720215,"[0, 930, 389, 113, 36]","[""tench"", ""French_loaf"", ""barracouta"", ""snail"", ""terrapin""]","[0.7541022300720215, 0.04839954525232315, 0.021230140700936317, 0.019477691501379013, 0.016242360696196556]",True,True
b0018,data/raw/imagenette2-320/val/n01440764/n01440764_3432.JPEG,0,0,tench,0.7031069397926331,"[0, 389, 395, 394, 1]","[""tench"", ""barracouta"", ""gar"", ""sturgeon"", ""goldfish""]","[0.7031069397926331, 0.15126585960388184, 0.02932540513575077, 0.006445982027798891, 0.0017793152946978807]",True,True
b0019,data/raw/imagenette2-320/val/n01440764/n01440764_7142.JPEG,0,0,tench,0.954630434513092,"[0, 389, 391, 955, 394]","[""tench"", ""barracouta"", ""coho"", ""jackfruit"", ""sturgeon""]","[0.954630434513092, 0.006473906338214874, 0.0005109568010084331, 0.0004712776280939579, 0.0004555440100375563]",True,True
b0020,data/raw/imagenette2-320/val/n01440764/n01440764_4341.JPEG,0,0,tench,0.9283650517463684,"[0, 389, 103, 394, 997]","[""tench"", ""barracouta"", ""platypus"", ""sturgeon"", ""bolete""]","[0.9283650517463684, 0.00659096147865057, 0.006438539829105139, 0.0011561134597286582, 0.0009196337778121233]",True,True
b0021,data/raw/imagenette2-320/val/n01440764/n01440764_752.JPEG,0,0,tench,0.8945498466491699,"[0, 389, 391, 394, 395]","[""tench"", ""barracouta"", ""coho"", ""sturgeon"", ""gar""]","[0.8945498466491699, 0.017205988988280296, 0.00255383737385273, 0.0015619825571775436, 0.000652948918286711]",True,True
b0022,data/raw/imagenette2-320/val/n01440764/n01440764_6751.JPEG,0,0,tench,0.9413759708404541,"[0, 389, 395, 391, 394]","[""tench"", ""barracouta"", ""gar"", ""coho"", ""sturgeon""]","[0.9413759708404541, 0.004751534201204777, 0.0029871745500713587, 0.0025158936623483896, 0.001975149614736438]",True,True
b0023,data/raw/imagenette2-320/val/n01440764/n01440764_20592.JPEG,0,0,tench,0.9925610423088074,"[0, 389, 390, 1, 391]","[""tench"", ""barracouta"", ""eel"", ""goldfish"", ""coho""]","[0.9925610423088074, 0.0005536249955184758, 0.0003028330975212157, 0.00025637802900746465, 0.00013727940677199513]",True,True
b0024,data/raw/imagenette2-320/val/n01440764/n01440764_26541.JPEG,0,0,tench,0.945383608341217,"[0, 389, 955, 103, 638]","[""tench"", ""barracouta"", ""jackfruit"", ""platypus"", ""maillot""]","[0.945383608341217, 0.002766441088169813, 0.0005632449174299836, 0.0003050007508136332, 0.00025832594837993383]",True,True
b0025,data/raw/imagenette2-320/val/n01440764/n01440764_10592.JPEG,0,0,tench,0.886216938495636,"[0, 103, 33, 389, 394]","[""tench"", ""platypus"", ""loggerhead"", ""barracouta"", ""sturgeon""]","[0.886216938495636, 0.025292236357927322, 0.007338795345276594, 0.003645572578534484, 0.0025748766493052244]",True,True
b0026,data/raw/imagenette2-320/val/n01440764/n01440764_11602.JPEG,0,0,tench,0.9567001461982727,"[0, 389, 391, 394, 955]","[""tench"", ""barracouta"", ""coho"", ""sturgeon"", ""jackfruit""]","[0.9567001461982727, 0.0030704732052981853, 0.0005350694409571588, 0.0003747759619727731, 0.00032547349110245705]",True,True
b0027,data/raw/imagenette2-320/val/n01440764/n01440764_12291.JPEG,0,0,tench,0.9798510670661926,"[0, 103, 389, 394, 390]","[""tench"", ""platypus"", ""barracouta"", ""sturgeon"", ""eel""]","[0.9798510670661926, 0.002762015676125884, 0.002683044644072652, 0.0008225562633015215, 0.0006356341764330864]",True,True
b0028,data/raw/imagenette2-320/val/n01440764/n01440764_14530.JPEG,0,0,tench,0.8550624251365662,"[0, 389, 1, 395, 392]","[""tench"", ""barracouta"", ""goldfish"", ""gar"", ""rock_beauty""]","[0.8550624251365662, 0.04018452763557434, 0.005707601085305214, 0.0046631935983896255, 0.0027673030272126198]",True,True
b0029,data/raw/imagenette2-320/val/n01440764/n01440764_21052.JPEG,0,0,tench,0.31107228994369507,"[0, 394, 389, 395, 391]","[""tench"", ""sturgeon"", ""barracouta"", ""gar"", ""coho""]","[0.31107228994369507, 0.1976441890001297, 0.17959906160831451, 0.16562460362911224, 0.04977716878056526]",True,True
b0030,data/raw/imagenette2-320/val/n01440764/n01440764_5490.JPEG,0,0,tench,0.6894949674606323,"[0, 389, 395, 391, 363]","[""tench"", ""barracouta"", ""gar"", ""coho"", ""armadillo""]","[0.6894949674606323, 0.04806046560406685, 0.005498276092112064, 0.0027972212992608547, 0.0022276819217950106]",True,True
b0031,data/raw/imagenette2-320/val/n01440764/n01440764_12241.JPEG,0,0,tench,0.9162195324897766,"[0, 389, 149, 394, 390]","[""tench"", ""barracouta"", ""dugong"", ""sturgeon"", ""eel""]","[0.9162195324897766, 0.0044403658248484135, 0.0012958780862390995, 0.0010842717019841075, 0.0010649465257301927]",True,True
b0032,data/raw/imagenette2-320/val/n01440764/n01440764_13821.JPEG,0,0,tench,0.9087913632392883,"[0, 391, 389, 394, 395]","[""tench"", ""coho"", ""barracouta"", ""sturgeon"", ""gar""]","[0.9087913632392883, 0.015633167698979378, 0.00244436739012599, 0.0012076805578544736, 0.0007552877068519592]",True,True
b0033,data/raw/imagenette2-320/val/n01440764/n01440764_3251.JPEG,0,0,tench,0.9179748296737671,"[0, 389, 758, 391, 395]","[""tench"", ""barracouta"", ""reel"", ""coho"", ""gar""]","[0.9179748296737671, 0.0218111053109169, 0.004056456033140421, 0.003845721483230591, 0.0014287756057456136]",True,True
b0034,data/raw/imagenette2-320/val/n01440764/n01440764_421.JPEG,0,0,tench,0.9207438230514526,"[0, 389, 391, 395, 758]","[""tench"", ""barracouta"", ""coho"", ""gar"", ""reel""]","[0.9207438230514526, 0.014215236529707909, 0.008154509589076042, 0.0018998373998329043, 0.0015132753178477287]",True,True
b0035,data/raw/imagenette2-320/val/n01440764/n01440764_11151.JPEG,0,0,tench,0.8800672292709351,"[0, 389, 391, 394, 126]","[""tench"", ""barracouta"", ""coho"", ""sturgeon"", ""isopod""]","[0.8800672292709351, 0.004864745773375034, 0.0028326278552412987, 0.0017253727419301867, 0.0010469985427334905]",True,True
b0036,data/raw/imagenette2-320/val/n01440764/n01440764_10482.JPEG,0,0,tench,0.6541223526000977,"[0, 394, 389, 395, 391]","[""tench"", ""sturgeon"", ""barracouta"", ""gar"", ""coho""]","[0.6541223526000977, 0.14978556334972382, 0.06626482307910919, 0.014789017848670483, 0.006336966063827276]",True,True
b0037,data/raw/imagenette2-320/val/n01440764/n01440764_12702.JPEG,0,0,tench,0.8020980954170227,"[0, 389, 395, 394, 758]","[""tench"", ""barracouta"", ""gar"", ""sturgeon"", ""reel""]","[0.8020980954170227, 0.10001163184642792, 0.0054908329620957375, 0.0033301839139312506, 0.0009232711745426059]",True,True
b0038,data/raw/imagenette2-320/val/n01440764/n01440764_12151.JPEG,0,0,tench,0.794141411781311,"[0, 389, 394, 395, 391]","[""tench"", ""barracouta"", ""sturgeon"", ""gar"", ""coho""]","[0.794141411781311, 0.040245428681373596, 0.02046096697449684, 0.010959834791719913, 0.0046355887316167355]",True,True
b0039,data/raw/imagenette2-320/val/n01440764/n01440764_1561.JPEG,0,0,tench,0.9691804051399231,"[0, 391, 389, 394, 395]","[""tench"", ""coho"", ""barracouta"", ""sturgeon"", ""gar""]","[0.9691804051399231, 0.006931471172720194, 0.0016548122512176633, 0.0007784678600728512, 0.00041326830978505313]",True,True
b0040,data/raw/imagenette2-320/val/n01440764/n01440764_5361.JPEG,0,0,tench,0.9898530840873718,"[0, 389, 391, 103, 394]","[""tench"", ""barracouta"", ""coho"", ""platypus"", ""sturgeon""]","[0.9898530840873718, 0.0007829865789972246, 0.00043703356641344726, 0.00023384693486150354, 0.00015926109335850924]",True,True
b0041,data/raw/imagenette2-320/val/n01440764/n01440764_7591.JPEG,0,0,tench,0.9410349726676941,"[0, 389, 391, 1, 395]","[""tench"", ""barracouta"", ""coho"", ""goldfish"", ""gar""]","[0.9410349726676941, 0.022528165951371193, 0.007763641886413097, 0.0036652132403105497, 0.0029522564727813005]",True,True
b0042,data/raw/imagenette2-320/val/n01440764/n01440764_6410.JPEG,0,0,tench,0.7934613227844238,"[0, 389, 395, 394, 1]","[""tench"", ""barracouta"", ""gar"", ""sturgeon"", ""goldfish""]","[0.7934613227844238, 0.06266239285469055, 0.01952609047293663, 0.0055490522645413876, 0.0023817599285393953]",True,True
b0043,data/raw/imagenette2-320/val/n01440764/n01440764_7632.JPEG,0,0,tench,0.9564909934997559,"[0, 389, 391, 394, 103]","[""tench"", ""barracouta"", ""coho"", ""sturgeon"", ""platypus""]","[0.9564909934997559, 0.006043591070920229, 0.0023399225901812315, 0.0009026424959301949, 0.00022617921058554202]",True,True
b0044,data/raw/imagenette2-320/val/n01440764/n01440764_7030.JPEG,0,0,tench,0.9264093637466431,"[0, 1, 389, 392, 758]","[""tench"", ""goldfish"", ""barracouta"", ""rock_beauty"", ""reel""]","[0.9264093637466431, 0.016761278733611107, 0.01470620185136795, 0.0013690214836969972, 0.0008622325258329511]",True,True
b0045,data/raw/imagenette2-320/val/n01440764/n01440764_25361.JPEG,0,0,tench,0.849306046962738,"[0, 389, 394, 35, 395]","[""tench"", ""barracouta"", ""sturgeon"", ""mud_turtle"", ""gar""]","[0.849306046962738, 0.015017333440482616, 0.004293701145797968, 0.002621227176859975, 0.0019388195360079408]",True,True
b0046,data/raw/imagenette2-320/val/n01440764/n01440764_5432.JPEG,0,0,tench,0.8506020903587341,"[0, 391, 394, 389, 390]","[""tench"", ""coho"", ""sturgeon"", ""barracouta"", ""eel""]","[0.8506020903587341, 0.0526258610188961, 0.016216762363910675, 0.01118381042033434, 0.0014692788245156407]",True,True
b0047,data/raw/imagenette2-320/val/n01440764/n01440764_13051.JPEG,0,0,tench,0.978605329990387,"[0, 389, 391, 1, 103]","[""tench"", ""barracouta"", ""coho"", ""goldfish"", ""platypus""]","[0.978605329990387, 0.0029153828509151936, 0.0010174335911870003, 0.0009711281745694578, 0.0005106411990709603]",True,True
b0048,data/raw/imagenette2-320/val/n01440764/n01440764_3781.JPEG,0,0,tench,0.9285954236984253,"[0, 389, 391, 394, 390]","[""tench"", ""barracouta"", ""coho"", ""sturgeon"", ""eel""]","[0.9285954236984253, 0.002875380218029022, 0.0011980808340013027, 0.0011408990249037743, 0.0005963474977761507]",True,True
b0049,data/raw/imagenette2-320/val/n01440764/n01440764_14650.JPEG,0,0,tench,0.94231778383255,"[0, 389, 391, 1, 938]","[""tench"", ""barracouta"", ""coho"", ""goldfish"", ""cauliflower""]","[0.94231778383255, 0.004102153237909079, 0.0007505492540076375, 0.0005231492104940116, 0.0002964655286632478]",True,True
b0050,data/raw/imagenette2-320/val/n02102040/n02102040_990.JPEG,217,217,English_springer,0.8665949702262878,"[217, 215, 212, 232, 239]","[""English_springer"", ""Brittany_spaniel"", ""English_setter"", ""Border_collie"", ""Bernese_mountain_dog""]","[0.8665949702262878, 0.019465509802103043, 0.007038778625428677, 0.006511945277452469, 0.004309939220547676]",True,True
b0051,data/raw/imagenette2-320/val/n02102040/n02102040_1632.JPEG,217,200,Tibetan_terrier,0.49097129702568054,"[200, 155, 217, 152, 229]","[""Tibetan_terrier"", ""Shih-Tzu"", ""English_springer"", ""Japanese_spaniel"", ""Old_English_sheepdog""]","[0.49097129702568054, 0.13924017548561096, 0.06161951273679733, 0.04052681475877762, 0.03830832988023758]",False,True
b0052,data/raw/imagenette2-320/val/n02102040/n02102040_3532.JPEG,217,217,English_springer,0.4202171266078949,"[217, 215, 210, 212, 218]","[""English_springer"", ""Brittany_spaniel"", ""German_short-haired_pointer"", ""English_setter"", ""Welsh_springer_spaniel""]","[0.4202171266078949, 0.30003422498703003, 0.09004417061805725, 0.051091428846120834, 0.03511158004403114]",True,True
b0053,data/raw/imagenette2-320/val/n02102040/n02102040_3052.JPEG,217,217,English_springer,0.9351252913475037,"[217, 215, 195, 232, 247]","[""English_springer"", ""Brittany_spaniel"", ""Boston_bull"", ""Border_collie"", ""Saint_Bernard""]","[0.9351252913475037, 0.010067610070109367, 0.009974265471100807, 0.008363040164113045, 0.0053257751278579235]",True,True
b0054,data/raw/imagenette2-320/val/n02102040/n02102040_620.JPEG,217,217,English_springer,0.646044909954071,"[217, 212, 215, 210, 232]","[""English_springer"", ""English_setter"", ""Brittany_spaniel"", ""German_short-haired_pointer"", ""Border_collie""]","[0.646044909954071, 0.1417374610900879, 0.040797315537929535, 0.028714308515191078, 0.018781695514917374]",True,True
b0055,data/raw/imagenette2-320/val/n02102040/n02102040_4780.JPEG,217,217,English_springer,0.5083878040313721,"[217, 218, 220, 219, 215]","[""English_springer"", ""Welsh_springer_spaniel"", ""Sussex_spaniel"", ""cocker_spaniel"", ""Brittany_spaniel""]","[0.5083878040313721, 0.14568276703357697, 0.09977076947689056, 0.009624052792787552, 0.009300694800913334]",True,True
b0056,data/raw/imagenette2-320/val/n02102040/ILSVRC2012_val_00014280.JPEG,217,217,English_springer,0.8687387108802795,"[217, 218, 212, 215, 220]","[""English_springer"", ""Welsh_springer_spaniel"", ""English_setter"", ""Brittany_spaniel"", ""Sussex_spaniel""]","[0.8687387108802795, 0.020768780261278152, 0.015647267922759056, 0.01370914001017809, 0.0053139254450798035]",True,True
b0057,data/raw/imagenette2-320/val/n02102040/n02102040_3091.JPEG,217,217,English_springer,0.7952932119369507,"[217, 215, 220, 232, 219]","[""English_springer"", ""Brittany_spaniel"", ""Sussex_spaniel"", ""Border_collie"", ""cocker_spaniel""]","[0.7952932119369507, 0.052835360169410706, 0.01986278034746647, 0.012563460506498814, 0.004116376396268606]",True,True
b0058,data/raw/imagenette2-320/val/n02102040/n02102040_5120.JPEG,217,217,English_springer,0.7965008020401001,"[217, 218, 215, 212, 219]","[""English_springer"", ""Welsh_springer_spaniel"", ""Brittany_spaniel"", ""English_setter"", ""cocker_spaniel""]","[0.7965008020401001, 0.028215723112225533, 0.01566423289477825, 0.014699621126055717, 0.00546174356713891]",True,True
b0059,data/raw/imagenette2-320/val/n02102040/n02102040_4352.JPEG,217,217,English_springer,0.7183744311332703,"[217, 218, 220, 215, 152]","[""English_springer"", ""Welsh_springer_spaniel"", ""Sussex_spaniel"", ""Brittany_spaniel"", ""Japanese_spaniel""]","[0.7183744311332703, 0.08489260822534561, 0.060796163976192474, 0.0101762805134058, 0.008401796221733093]",True,True
b0060,data/raw/imagenette2-320/val/n02102040/n02102040_1782.JPEG,217,217,English_springer,0.5951528549194336,"[217, 212, 232, 215, 247]","[""English_springer"", ""English_setter"", ""Border_collie"", ""Brittany_spaniel"", ""Saint_Bernard""]","[0.5951528549194336, 0.06799811869859695, 0.06406133621931076, 0.02571798488497734, 0.0256277397274971]",True,True
b0061,data/raw/imagenette2-320/val/n02102040/n02102040_3891.JPEG,217,217,English_springer,0.8910669684410095,"[217, 215, 219, 220, 212]","[""English_springer"", ""Brittany_spaniel"", ""cocker_spaniel"", ""Sussex_spaniel"", ""English_setter""]","[0.8910669684410095, 0.015238187275826931, 0.004677328746765852, 0.004118624608963728, 0.003512589493766427]",True,True
b0062,data/raw/imagenette2-320/val/n02102040/n02102040_1642.JPEG,217,217,English_springer,0.8594995141029358,"[217, 218, 210, 220, 215]","[""English_springer"", ""Welsh_springer_spaniel"", ""German_short-haired_pointer"", ""Sussex_spaniel"", ""Brittany_spaniel""]","[0.8594995141029358, 0.04062984511256218, 0.014306409284472466, 0.012979855760931969, 0.011723778210580349]",True,True
b0063,data/raw/imagenette2-320/val/n02102040/n02102040_5061.JPEG,217,217,English_springer,0.37443628907203674,"[217, 215, 218, 210, 212]","[""English_springer"", ""Brittany_spaniel"", ""Welsh_springer_spaniel"", ""German_short-haired_pointer"", ""English_setter""]","[0.37443628907203674, 0.12230007350444794, 0.03628105670213699, 0.03513272851705551, 0.02341708168387413]",True,True
b0064,data/raw/imagenette2-320/val/n02102040/n02102040_3582.JPEG,217,217,English_springer,0.6824904680252075,"[217, 229, 170, 212, 169]","[""English_springer"", ""Old_English_sheepdog"", ""Irish_wolfhound"", ""English_setter"", ""borzoi""]","[0.6824904680252075, 0.0409366749227047, 0.030222488567233086, 0.024333007633686066, 0.021096112206578255]",True,True
b0065,data/raw/imagenette2-320/val/n02102040/n02102040_2111.JPEG,217,586,half_track,0.09915908426046371,"[586, 217, 247, 218, 215]","[""half_track"", ""English_springer"", ""Saint_Bernard"", ""Welsh_springer_spaniel"", ""Brittany_spaniel""]","[0.09915908426046371, 0.09546686708927155, 0.07988964021205902, 0.0735442265868187, 0.057606447488069534]",False,True
b0066,data/raw/imagenette2-320/val/n02102040/n02102040_290.JPEG,217,217,English_springer,0.6957579255104065,"[217, 219, 220, 152, 218]","[""English_springer"", ""cocker_spaniel"", ""Sussex_spaniel"", ""Japanese_spaniel"", ""Welsh_springer_spaniel""]","[0.6957579255104065, 0.06864664703607559, 0.05331338569521904, 0.030520735308527946, 0.02043130248785019]",True,True
b0067,data/raw/imagenette2-320/val/n02102040/n02102040_4872.JPEG,217,217,English_springer,0.3640552759170532,"[217, 232, 218, 264, 256]","[""English_springer"", ""Border_collie"", ""Welsh_springer_spaniel"", ""Cardigan"", ""Newfoundland""]","[0.3640552759170532, 0.14160673320293427, 0.038435835391283035, 0.030507640913128853, 0.030135760083794594]",True,True
b0068,data/raw/imagenette2-320/val/n02102040/n02102040_460.JPEG,217,217,English_springer,0.8254874348640442,"[217, 220, 215, 218, 216]","[""English_springer"", ""Sussex_spaniel"", ""Brittany_spaniel"", ""Welsh_springer_spaniel"", ""clumber""]","[0.8254874348640442, 0.026342878118157387, 0.01988639310002327, 0.015243404544889927, 0.0045027956366539]",True,True
b0069,data/raw/imagenette2-320/val/n02102040/n02102040_1160.JPEG,217,217,English_springer,0.6421985626220703,"[217, 216, 215, 212, 218]","[""English_springer"", ""clumber"", ""Brittany_spaniel"", ""English_setter"", ""Welsh_springer_spaniel""]","[0.6421985626220703, 0.09185813367366791, 0.05862290784716606, 0.04047830030322075, 0.020516065880656242]",True,True
b0070,data/raw/imagenette2-320/val/n02102040/n02102040_3462.JPEG,217,217,English_springer,0.8945775032043457,"[217, 219, 220, 218, 232]","[""English_springer"", ""cocker_spaniel"", ""Sussex_spaniel"", ""Welsh_springer_spaniel"", ""Border_collie""]","[0.8945775032043457, 0.02839731052517891, 0.006930138915777206, 0.003677342552691698, 0.003316860180348158]",True,True
b0071,data/raw/imagenette2-320/val/n02102040/n02102040_430.JPEG,217,217,English_springer,0.45605969429016113,"[217, 218, 220, 216, 219]","[""English_springer"", ""Welsh_springer_spaniel"", ""Sussex_spaniel"", ""clumber"", ""cocker_spaniel""]","[0.45605969429016113, 0.23520109057426453, 0.07717432826757431, 0.00847779493778944, 0.00669332267716527]",True,True
b0072,data/raw/imagenette2-320/val/n02102040/n02102040_700.JPEG,217,217,English_springer,0.584082841873169,"[217, 218, 215, 156, 219]","[""English_springer"", ""Welsh_springer_spaniel"", ""Brittany_spaniel"", ""Blenheim_spaniel"", ""cocker_spaniel""]","[0.584082841873169, 0.1840752214193344, 0.050078339874744415, 0.02761041559278965, 0.009167554788291454]",True,True
b0073,data/raw/imagenette2-320/val/n02102040/n02102040_1081.JPEG,217,217,English_springer,0.08918710798025131,"[217, 155, 797, 212, 169]","[""English_springer"", ""Shih-Tzu"", ""sleeping_bag"", ""English_setter"", ""borzoi""]","[0.08918710798025131, 0.06948698312044144, 0.06247911602258682, 0.05742413550615311, 0.05491981282830238]",True,True
b0074,data/raw/imagenette2-320/val/n02102040/n02102040_681.JPEG,217,217,English_springer,0.6086471676826477,"[217, 239, 232, 215, 238]","[""English_springer"", ""Bernese_mountain_dog"", ""Border_collie"", ""Brittany_spaniel"", ""Greater_Swiss_Mountain_dog""]","[0.6086471676826477, 0.20478498935699463, 0.0087184589356184, 0.007597920019179583, 0.00535960216075182]",True,True
b0075,data/raw/imagenette2-320/val/n02102040/n02102040_7421.JPEG,217,916,web_site,0.08552581816911697,"[916, 217, 208, 917, 227]","[""web_site"", ""English_springer"", ""Labrador_retriever"", ""comic_book"", ""kelpie""]","[0.08552581816911697, 0.05984374135732651, 0.05586443096399307, 0.04719869792461395, 0.034257322549819946]",False,True
b0076,data/raw/imagenette2-320/val/n02102040/n02102040_571.JPEG,217,217,English_springer,0.6051849722862244,"[217, 220, 216, 212, 218]","[""English_springer"", ""Sussex_spaniel"", ""clumber"", ""English_setter"", ""Welsh_springer_spaniel""]","[0.6051849722862244, 0.03564077988266945, 0.032694026827812195, 0.018126294016838074, 0.017831550911068916]",True,True
b0077,data/raw/imagenette2-320/val/n02102040/n02102040_960.JPEG,217,217,English_springer,0.4008076786994934,"[217, 232, 264, 231, 240]","[""English_springer"", ""Border_collie"", ""Cardigan"", ""collie"", ""Appenzeller""]","[0.4008076786994934, 0.13004454970359802, 0.05260200798511505, 0.034842487424612045, 0.03428662568330765]",True,True
b0078,data/raw/imagenette2-320/val/n02102040/n02102040_2481.JPEG,217,217,English_springer,0.6654062867164612,"[217, 220, 219, 218, 216]","[""English_springer"", ""Sussex_spaniel"", ""cocker_spaniel"", ""Welsh_springer_spaniel"", ""clumber""]","[0.6654062867164612, 0.13562355935573578, 0.028437871485948563, 0.01841079629957676, 0.008652500808238983]",True,True
b0079,data/raw/imagenette2-320/val/n02102040/n02102040_7002.JPEG,217,217,English_springer,0.5952144861221313,"[217, 218, 220, 215, 219]","[""English_springer"", ""Welsh_springer_spaniel"", ""Sussex_spaniel"", ""Brittany_spaniel"", ""cocker_spaniel""]","[0.5952144861221313, 0.3021254241466522, 0.01682237908244133, 0.014072813093662262, 0.0064674122259020805]",True,True
b0080,data/raw/imagenette2-320/val/n02102040/n02102040_4250.JPEG,217,217,English_springer,0.614523708820343,"[217, 218, 215, 212, 220]","[""English_springer"", ""Welsh_springer_spaniel"", ""Brittany_spaniel"", ""English_setter"", ""Sussex_spaniel""]","[0.614523708820343, 0.07574855536222458, 0.04097893089056015, 0.01679821126163006, 0.016468685120344162]",True,True
b0081,data/raw/imagenette2-320/val/n02102040/n02102040_8272.JPEG,217,217,English_springer,0.6340062618255615,"[217, 218, 220, 215, 219]","[""English_springer"", ""Welsh_springer_spaniel"", ""Sussex_spaniel"", ""Brittany_spaniel"", ""cocker_spaniel""]","[0.6340062618255615, 0.12701812386512756, 0.052688341587781906, 0.02696947008371353, 0.009725629352033138]",True,True
b0082,data/raw/imagenette2-320/val/n02102040/n02102040_970.JPEG,217,217,English_springer,0.3367357850074768,"[217, 215, 218, 250, 176]","[""English_springer"", ""Brittany_spaniel"", ""Welsh_springer_spaniel"", ""Siberian_husky"", ""Saluki""]","[0.3367357850074768, 0.16731330752372742, 0.11881443858146667, 0.03824521601200104, 0.034832827746868134]",True,True
b0083,data/raw/imagenette2-320/val/n02102040/n02102040_1201.JPEG,217,217,English_springer,0.8958001136779785,"[217, 215, 219, 216, 212]","[""English_springer"", ""Brittany_spaniel"", ""cocker_spaniel"", ""clumber"", ""English_setter""]","[0.8958001136779785, 0.013139822520315647, 0.007774540688842535, 0.006273329723626375, 0.004874599631875753]",True,True
b0084,data/raw/imagenette2-320/val/n02102040/n02102040_3260.JPEG,217,217,English_springer,0.5193250179290771,"[217, 218, 220, 219, 216]","[""English_springer"", ""Welsh_springer_spaniel"", ""Sussex_spaniel"", ""cocker_spaniel"", ""clumber""]","[0.5193250179290771, 0.15950149297714233, 0.087144635617733, 0.058309171348810196, 0.012918991036713123]",True,True
b0085,data/raw/imagenette2-320/val/n02102040/n02102040_7011.JPEG,217,217,English_springer,0.7087704539299011,"[217, 219, 218, 220, 212]","[""English_springer"", ""cocker_spaniel"", ""Welsh_springer_spaniel"", ""Sussex_spaniel"", ""English_setter""]","[0.7087704539299011, 0.0935036912560463, 0.049857381731271744, 0.044965073466300964, 0.01442436221987009]",True,True
b0086,data/raw/imagenette2-320/val/n02102040/n02102040_4801.JPEG,217,217,English_springer,0.8569090366363525,"[217, 215, 232, 212, 220]","[""English_springer"", ""Brittany_spaniel"", ""Border_collie"", ""English_setter"", ""Sussex_spaniel""]","[0.8569090366363525, 0.018719183281064034, 0.014261583797633648, 0.01231237594038248, 0.004682423081248999]",True,True
b0087,data/raw/imagenette2-320/val/n02102040/n02102040_350.JPEG,217,217,English_springer,0.8636276721954346,"[217, 220, 218, 216, 219]","[""English_springer"", ""Sussex_spaniel"", ""Welsh_springer_spaniel"", ""clumber"", ""cocker_spaniel""]","[0.8636276721954346, 0.03336042910814285, 0.033211756497621536, 0.012648051604628563, 0.004478527698665857]",True,True
b0088,data/raw/imagenette2-320/val/n02102040/n02102040_702.JPEG,217,217,English_springer,0.46809089183807373,"[217, 219, 215, 220, 152]","[""English_springer"", ""cocker_spaniel"", ""Brittany_spaniel"", ""Sussex_spaniel"", ""Japanese_spaniel""]","[0.46809089183807373, 0.08857803046703339, 0.05637696012854576, 0.04203958436846733, 0.034244511276483536]",True,True
b0089,data/raw/imagenette2-320/val/n02102040/n02102040_1300.JPEG,217,217,English_springer,0.632103681564331,"[217, 215, 218, 220, 212]","[""English_springer"", ""Brittany_spaniel"", ""Welsh_springer_spaniel"", ""Sussex_spaniel"", ""English_setter""]","[0.632103681564331, 0.15985369682312012, 0.02062235027551651, 0.016958395019173622, 0.012174492701888084]",True,True
b0090,data/raw/imagenette2-320/val/n02102040/ILSVRC2012_val_00016582.JPEG,217,217,English_springer,0.5619838237762451,"[217, 219, 220, 212, 216]","[""English_springer"", ""cocker_spaniel"", ""Sussex_spaniel"", ""English_setter"", ""clumber""]","[0.5619838237762451, 0.18919190764427185, 0.035539187490940094, 0.034415505826473236, 0.015458150766789913]",True,True
b0091,data/raw/imagenette2-320/val/n02102040/n02102040_911.JPEG,217,217,English_springer,0.4400477707386017,"[217, 232, 256, 231, 205]","[""English_springer"", ""Border_collie"", ""Newfoundland"", ""collie"", ""flat-coated_retriever""]","[0.4400477707386017, 0.2914911210536957, 0.03293445333838463, 0.030364856123924255, 0.008536611683666706]",True,True
b0092,data/raw/imagenette2-320/val/n02102040/n02102040_1310.JPEG,217,217,English_springer,0.8040594458580017,"[217, 220, 219, 156, 152]","[""English_springer"", ""Sussex_spaniel"", ""cocker_spaniel"", ""Blenheim_spaniel"", ""Japanese_spaniel""]","[0.8040594458580017, 0.035321690142154694, 0.015458794310688972, 0.014781969599425793, 0.011310364119708538]",True,True
b0093,data/raw/imagenette2-320/val/n02102040/n02102040_2950.JPEG,217,217,English_springer,0.9576459527015686,"[217, 195, 232, 220, 245]","[""English_springer"", ""Boston_bull"", ""Border_collie"", ""Sussex_spaniel"", ""French_bulldog""]","[0.9576459527015686, 0.007335736881941557, 0.0034310908522456884, 0.001980655360966921, 0.0016810718225315213]",True,True
b0094,data/raw/imagenette2-320/val/n02102040/n02102040_1842.JPEG,217,217,English_springer,0.6189146041870117,"[217, 220, 218, 219, 216]","[""English_springer"", ""Sussex_spaniel"", ""Welsh_springer_spaniel"", ""cocker_spaniel"", ""clumber""]","[0.6189146041870117, 0.0991567075252533, 0.084147609770298, 0.021137675270438194, 0.012176590040326118]",True,True
b0095,data/raw/imagenette2-320/val/n02102040/n02102040_4320.JPEG,217,217,English_springer,0.7510740756988525,"[217, 215, 220, 218, 212]","[""English_springer"", ""Brittany_spaniel"", ""Sussex_spaniel"", ""Welsh_springer_spaniel"", ""English_setter""]","[0.7510740756988525, 0.02335297502577305, 0.022488728165626526, 0.016844596713781357, 0.01056757103651762]",True,True
b0096,data/raw/imagenette2-320/val/n02102040/n02102040_8012.JPEG,217,217,English_springer,0.3801726698875427,"[217, 212, 210, 215, 188]","[""English_springer"", ""English_setter"", ""German_short-haired_pointer"", ""Brittany_spaniel"", ""wire-haired_fox_terrier""]","[0.3801726698875427, 0.29922452569007874, 0.07012636959552765, 0.036049917340278625, 0.03325242921710014]",True,True
b0097,data/raw/imagenette2-320/val/n02102040/n02102040_5101.JPEG,217,217,English_springer,0.8989787697792053,"[217, 256, 219, 232, 200]","[""English_springer"", ""Newfoundland"", ""cocker_spaniel"", ""Border_collie"", ""Tibetan_terrier""]","[0.8989787697792053, 0.01563248783349991, 0.012882040813565254, 0.010808933526277542, 0.004434655420482159]",True,True
b0098,data/raw/imagenette2-320/val/n02102040/n02102040_5091.JPEG,217,217,English_springer,0.3045314848423004,"[217, 219, 220, 218, 216]","[""English_springer"", ""cocker_spaniel"", ""Sussex_spaniel"", ""Welsh_springer_spaniel"", ""clumber""]","[0.3045314848423004, 0.1835605502128601, 0.12561360001564026, 0.06641965359449387, 0.04947108402848244]",True,True
b0099,data/raw/imagenette2-320/val/n02102040/n02102040_281.JPEG,217,217,English_springer,0.4578531086444855,"[217, 216, 220, 218, 215]","[""English_springer"", ""clumber"", ""Sussex_spaniel"", ""Welsh_springer_spaniel"", ""Brittany_spaniel""]","[0.4578531086444855, 0.06590691953897476, 0.05911778658628464, 0.056705813854932785, 0.03784269094467163]",True,True
b0100,data/raw/imagenette2-320/val/n02979186/n02979186_8861.JPEG,482,592,hard_disc,0.432840496301651,"[592, 848, 482, 481, 732]","[""hard_disc"", ""tape_player"", ""cassette_player"", ""cassette"", ""Polaroid_camera""]","[0.432840496301651, 0.2152003049850464, 0.1753215491771698, 0.05742429569363594, 0.01720421388745308]",False,True
b0101,data/raw/imagenette2-320/val/n02979186/n02979186_22882.JPEG,482,848,tape_player,0.4241519868373871,"[848, 482, 485, 891, 662]","[""tape_player"", ""cassette_player"", ""CD_player"", ""waffle_iron"", ""modem""]","[0.4241519868373871, 0.25767406821250916, 0.17140443623065948, 0.003452664939686656, 0.003077772445976734]",False,True
b0102,data/raw/imagenette2-320/val/n02979186/n02979186_1561.JPEG,482,482,cassette_player,0.7284947037696838,"[482, 848, 485, 754, 481]","[""cassette_player"", ""tape_player"", ""CD_player"", ""radio"", ""cassette""]","[0.7284947037696838, 0.17423051595687866, 0.04333219677209854, 0.012043563649058342, 0.009214366786181927]",True,True
b0103,data/raw/imagenette2-320/val/n02979186/n02979186_16142.JPEG,482,848,tape_player,0.31057965755462646,"[848, 482, 662, 754, 481]","[""tape_player"", ""cassette_player"", ""modem"", ""radio"", ""cassette""]","[0.31057965755462646, 0.23441481590270996, 0.08097612857818604, 0.07597100734710693, 0.07401987165212631]",False,True
b0104,data/raw/imagenette2-320/val/n02979186/n02979186_11000.JPEG,482,527,desktop_computer,0.21194179356098175,"[527, 632, 848, 754, 664]","[""desktop_computer"", ""loudspeaker"", ""tape_player"", ""radio"", ""monitor""]","[0.21194179356098175, 0.14046938717365265, 0.10046805441379547, 0.09357456117868423, 0.06261593848466873]",False,False
b0105,data/raw/imagenette2-320/val/n02979186/n02979186_3321.JPEG,482,482,cassette_player,0.3869292736053467,"[482, 848, 754, 481, 662]","[""cassette_player"", ""tape_player"", ""radio"", ""cassette"", ""modem""]","[0.3869292736053467, 0.3846709430217743, 0.0760808140039444, 0.04740874096751213, 0.01702043041586876]",True,True
b0106,data/raw/imagenette2-320/val/n02979186/n02979186_11481.JPEG,482,848,tape_player,0.4902951717376709,"[848, 482, 481, 893, 732]","[""tape_player"", ""cassette_player"", ""cassette"", ""wallet"", ""Polaroid_camera""]","[0.4902951717376709, 0.19241468608379364, 0.05608493089675903, 0.038051120936870575, 0.015443285927176476]",False,True
b0107,data/raw/imagenette2-320/val/n02979186/ILSVRC2012_val_00042482.JPEG,482,848,tape_player,0.6433107256889343,"[848, 482, 485, 632, 754]","[""tape_player"", ""cassette_player"", ""CD_player"", ""loudspeaker"", ""radio""]","[0.6433107256889343, 0.15538588166236877, 0.10900666564702988, 0.033684395253658295, 0.015908438712358475]",False,True
b0108,data/raw/imagenette2-320/val/n02979186/n02979186_15800.JPEG,482,848,tape_player,0.5506214499473572,"[848, 482, 485, 754, 548]","[""tape_player"", ""cassette_player"", ""CD_player"", ""radio"", ""entertainment_center""]","[0.5506214499473572, 0.2462914139032364, 0.08211095631122589, 0.0405234694480896, 0.009192535653710365]",False,True
b0109,data/raw/imagenette2-320/val/n02979186/n02979186_351.JPEG,482,656,minivan,0.4228437542915344,"[656, 436, 479, 627, 482]","[""minivan"", ""beach_wagon"", ""car_wheel"", ""limousine"", ""cassette_player""]","[0.4228437542915344, 0.14186541736125946, 0.06274006515741348, 0.04538225010037422, 0.02412440814077854]",False,True
b0110,data/raw/imagenette2-320/val/n02979186/n02979186_22101.JPEG,482,482,cassette_player,0.5655778050422668,"[482, 632, 848, 754, 811]","[""cassette_player"", ""loudspeaker"", ""tape_player"", ""radio"", ""space_heater""]","[0.5655778050422668, 0.11758162826299667, 0.11725756525993347, 0.0940154567360878, 0.05139025300741196]",True,True
b0111,data/raw/imagenette2-320/val/n02979186/n02979186_3902.JPEG,482,548,entertainment_center,0.5840852856636047,"[548, 598, 851, 848, 482]","[""entertainment_center"", ""home_theater"", ""television"", ""tape_player"", ""cassette_player""]","[0.5840852856636047, 0.13962982594966888, 0.031461577862501144, 0.021033314988017082, 0.011381915770471096]",False,True
b0112,data/raw/imagenette2-320/val/n02979186/n02979186_14251.JPEG,482,481,cassette,0.9655777215957642,"[481, 848, 482, 592, 710]","[""cassette"", ""tape_player"", ""cassette_player"", ""hard_disc"", ""pencil_sharpener""]","[0.9655777215957642, 0.01395324058830738, 0.011619709432125092, 0.0006458236020989716, 0.0004999094526283443]",False,True
b0113,data/raw/imagenette2-320/val/n02979186/n02979186_23650.JPEG,482,482,cassette_player,0.5040258169174194,"[482, 848, 485, 754, 481]","[""cassette_player"", ""tape_player"", ""CD_player"", ""radio"", ""cassette""]","[0.5040258169174194, 0.2003832310438156, 0.16351062059402466, 0.025290129706263542, 0.0076489378698170185]",True,True
b0114,data/raw/imagenette2-320/val/n02979186/n02979186_10670.JPEG,482,482,cassette_player,0.7118472456932068,"[482, 848, 754, 485, 481]","[""cassette_player"", ""tape_player"", ""radio"", ""CD_player"", ""cassette""]","[0.7118472456932068, 0.1552966982126236, 0.042086053639650345, 0.028812773525714874, 0.007995701394975185]",True,True
b0115,data/raw/imagenette2-320/val/n02979186/n02979186_5280.JPEG,482,548,entertainment_center,0.4835144877433777,"[548, 851, 598, 632, 527]","[""entertainment_center"", ""television"", ""home_theater"", ""loudspeaker"", ""desktop_computer""]","[0.4835144877433777, 0.2158130407333374, 0.05634887516498566, 0.019658785313367844, 0.015511361882090569]",False,False
b0116,data/raw/imagenette2-320/val/n02979186/n02979186_271.JPEG,482,848,tape_player,0.30300986766815186,"[848, 453, 548, 482, 598]","[""tape_player"", ""bookcase"", ""entertainment_center"", ""cassette_player"", ""home_theater""]","[0.30300986766815186, 0.22481027245521545, 0.1768169105052948, 0.11220084130764008, 0.024070996791124344]",False,True
b0117,data/raw/imagenette2-320/val/n02979186/n02979186_15432.JPEG,482,487,cellular_telephone,0.19697827100753784,"[487, 482, 485, 848, 761]","[""cellular_telephone"", ""cassette_player"", ""CD_player"", ""tape_player"", ""remote_control""]","[0.19697827100753784, 0.17882956564426422, 0.10328613221645355, 0.085756815969944, 0.07078508287668228]",False,True
b0118,data/raw/imagenette2-320/val/n02979186/n02979186_13661.JPEG,482,848,tape_player,0.46747902035713196,"[848, 482, 485, 754, 481]","[""tape_player"", ""cassette_player"", ""CD_player"", ""radio"", ""cassette""]","[0.46747902035713196, 0.24747957289218903, 0.12127754837274551, 0.03702518343925476, 0.033914901316165924]",False,True
b0119,data/raw/imagenette2-320/val/n02979186/n02979186_10691.JPEG,482,485,CD_player,0.4108915328979492,"[485, 482, 848, 778, 754]","[""CD_player"", ""cassette_player"", ""tape_player"", ""scale"", ""radio""]","[0.4108915328979492, 0.2937290668487549, 0.06925200670957565, 0.026309950277209282, 0.010417522862553596]",False,True
b0120,data/raw/imagenette2-320/val/n02979186/n02979186_560.JPEG,482,848,tape_player,0.3749293386936188,"[848, 482, 754, 481, 485]","[""tape_player"", ""cassette_player"", ""radio"", ""cassette"", ""CD_player""]","[0.3749293386936188, 0.19979313015937805, 0.10003580152988434, 0.09357835352420807, 0.02089955471456051]",False,True
b0121,data/raw/imagenette2-320/val/n02979186/n02979186_15401.JPEG,482,848,tape_player,0.3308456540107727,"[848, 485, 482, 632, 754]","[""tape_player"", ""CD_player"", ""cassette_player"", ""loudspeaker"", ""radio""]","[0.3308456540107727, 0.23299852013587952, 0.20159246027469635, 0.05031263455748558, 0.03064250759780407]",False,True
b0122,data/raw/imagenette2-320/val/n02979186/n02979186_6851.JPEG,482,848,tape_player,0.3891940414905548,"[848, 482, 487, 662, 732]","[""tape_player"", ""cassette_player"", ""cellular_telephone"", ""modem"", ""Polaroid_camera""]","[0.3891940414905548, 0.21861307322978973, 0.07512632757425308, 0.05218745395541191, 0.03792741149663925]",False,True
b0123,data/raw/imagenette2-320/val/n02979186/n02979186_5031.JPEG,482,482,cassette_player,0.4886924922466278,"[482, 848, 485, 754, 481]","[""cassette_player"", ""tape_player"", ""CD_player"", ""radio"", ""cassette""]","[0.4886924922466278, 0.2844524383544922, 0.15419921278953552, 0.01492264773696661, 0.010990303009748459]",True,True
b0124,data/raw/imagenette2-320/val/n02979186/n02979186_26802.JPEG,482,482,cassette_player,0.7018876671791077,"[482, 848, 742, 713, 606]","[""cassette_player"", ""tape_player"", ""printer"", ""photocopier"", ""iron""]","[0.7018876671791077, 0.05980348959565163, 0.05186847969889641, 0.04152219742536545, 0.029159212484955788]",True,True
b0125,data/raw/imagenette2-320/val/n02979186/n02979186_9450.JPEG,482,593,harmonica,0.3253038227558136,"[593, 482, 848, 481, 487]","[""harmonica"", ""cassette_player"", ""tape_player"", ""cassette"", ""cellular_telephone""]","[0.3253038227558136, 0.10361897945404053, 0.09588631987571716, 0.09463878720998764, 0.02929752506315708]",False,True
b0126,data/raw/imagenette2-320/val/n02979186/n02979186_6271.JPEG,482,482,cassette_player,0.8260448575019836,"[482, 848, 754, 485, 606]","[""cassette_player"", ""tape_player"", ""radio"", ""CD_player"", ""iron""]","[0.8260448575019836, 0.06741579622030258, 0.05107272043824196, 0.017183227464556694, 0.0016405864153057337]",True,True
b0127,data/raw/imagenette2-320/val/n02979186/n02979186_11861.JPEG,482,482,cassette_player,0.9103635549545288,"[482, 848, 485, 481, 754]","[""cassette_player"", ""tape_player"", ""CD_player"", ""cassette"", ""radio""]","[0.9103635549545288, 0.039859212934970856, 0.008823074400424957, 0.007740742526948452, 0.003630953375250101]",True,True
b0128,data/raw/imagenette2-320/val/n02979186/n02979186_2810.JPEG,482,482,cassette_player,0.5177406072616577,"[482, 848, 485, 754, 481]","[""cassette_player"", ""tape_player"", ""CD_player"", ""radio"", ""cassette""]","[0.5177406072616577, 0.36555108428001404, 0.07718215882778168, 0.0063774860464036465, 0.00410475255921483]",True,True
b0129,data/raw/imagenette2-320/val/n02979186/n02979186_15350.JPEG,482,848,tape_player,0.4651731550693512,"[848, 482, 481, 485, 754]","[""tape_player"", ""cassette_player"", ""cassette"", ""CD_player"", ""radio""]","[0.4651731550693512, 0.21161118149757385, 0.1132485643029213, 0.020767446607351303, 0.011264890432357788]",False,True
b0130,data/raw/imagenette2-320/val/n02979186/n02979186_3010.JPEG,482,848,tape_player,0.2811013162136078,"[848, 482, 485, 754, 481]","[""tape_player"", ""cassette_player"", ""CD_player"", ""radio"", ""cassette""]","[0.2811013162136078, 0.26337218284606934, 0.17008081078529358, 0.08675428479909897, 0.01958555541932583]",False,True
b0131,data/raw/imagenette2-320/val/n02979186/n02979186_20220.JPEG,482,482,cassette_player,0.32826468348503113,"[482, 485, 848, 754, 481]","[""cassette_player"", ""CD_player"", ""tape_player"", ""radio"", ""cassette""]","[0.32826468348503113, 0.30336278676986694, 0.19754090905189514, 0.0511021614074707, 0.01562331710010767]",True,True
b0132,data/raw/imagenette2-320/val/n02979186/n02979186_11971.JPEG,482,848,tape_player,0.4491631090641022,"[848, 482, 485, 754, 481]","[""tape_player"", ""cassette_player"", ""CD_player"", ""radio"", ""cassette""]","[0.4491631090641022, 0.41732585430145264, 0.02619180642068386, 0.02136967144906521, 0.010147563181817532]",False,True
b0133,data/raw/imagenette2-320/val/n02979186/n02979186_9371.JPEG,482,754,radio,0.290777325630188,"[754, 482, 485, 848, 481]","[""radio"", ""cassette_player"", ""CD_player"", ""tape_player"", ""cassette""]","[0.290777325630188, 0.21501104533672333, 0.14843063056468964, 0.11437933892011642, 0.021278630942106247]",False,True
b0134,data/raw/imagenette2-320/val/n02979186/n02979186_20701.JPEG,482,482,cassette_player,0.2239852100610733,"[482, 662, 485, 487, 754]","[""cassette_player"", ""modem"", ""CD_player"", ""cellular_telephone"", ""radio""]","[0.2239852100610733, 0.20045024156570435, 0.09596214443445206, 0.06969863176345825, 0.06858523935079575]",True,True
b0135,data/raw/imagenette2-320/val/n02979186/n02979186_19390.JPEG,482,482,cassette_player,0.28187859058380127,"[482, 485, 848, 754, 632]","[""cassette_player"", ""CD_player"", ""tape_player"", ""radio"", ""loudspeaker""]","[0.28187859058380127, 0.14887391030788422, 0.1278252899646759, 0.10067262500524521, 0.06290776282548904]",True,True
b0136,data/raw/imagenette2-320/val/n02979186/n02979186_15521.JPEG,482,848,tape_player,0.5277968645095825,"[848, 482, 485, 481, 754]","[""tape_player"", ""cassette_player"", ""CD_player"", ""cassette"", ""radio""]","[0.5277968645095825, 0.3666469156742096, 0.035765569657087326, 0.021013017743825912, 0.006513581145554781]",False,True
b0137,data/raw/imagenette2-320/val/n02979186/n02979186_2742.JPEG,482,848,tape_player,0.3943648040294647,"[848, 482, 485, 754, 685]","[""tape_player"", ""cassette_player"", ""CD_player"", ""radio"", ""odometer""]","[0.3943648040294647, 0.3331412374973297, 0.08888190239667892, 0.020988784730434418, 0.019291184842586517]",False,True
b0138,data/raw/imagenette2-320/val/n02979186/n02979186_4971.JPEG,482,482,cassette_player,0.3369709849357605,"[482, 848, 485, 713, 481]","[""cassette_player"", ""tape_player"", ""CD_player"", ""photocopier"", ""cassette""]","[0.3369709849357605, 0.2944547235965729, 0.11100833863019943, 0.06546925008296967, 0.0162015613168478]",True,True
b0139,data/raw/imagenette2-320/val/n02979186/n02979186_21401.JPEG,482,482,cassette_player,0.4002930819988251,"[482, 848, 485, 754, 481]","[""cassette_player"", ""tape_player"", ""CD_player"", ""radio"", ""cassette""]","[0.4002930819988251, 0.2897876501083374, 0.16677039861679077, 0.05319409444928169, 0.013349096290767193]",True,True
b0140,data/raw/imagenette2-320/val/n02979186/ILSVRC2012_val_00043731.JPEG,482,742,printer,0.258538156747818,"[742, 848, 482, 713, 485]","[""printer"", ""tape_player"", ""cassette_player"", ""photocopier"", ""CD_player""]","[0.258538156747818, 0.19087332487106323, 0.07544625550508499, 0.028319867327809334, 0.025877531617879868]",False,True
b0141,data/raw/imagenette2-320/val/n02979186/n02979186_2051.JPEG,482,481,cassette,0.7021712064743042,"[481, 848, 482, 592, 742]","[""cassette"", ""tape_player"", ""cassette_player"", ""hard_disc"", ""printer""]","[0.7021712064743042, 0.15303625166416168, 0.08310366421937943, 0.0334368571639061, 0.003361850045621395]",False,True
b0142,data/raw/imagenette2-320/val/n02979186/n02979186_21392.JPEG,482,482,cassette_player,0.9670313000679016,"[482, 848, 485, 481, 754]","[""cassette_player"", ""tape_player"", ""CD_player"", ""cassette"", ""radio""]","[0.9670313000679016, 0.018420832231640816, 0.005199790466576815, 0.002186317928135395, 0.0006254424806684256]",True,True
b0143,data/raw/imagenette2-320/val/n02979186/n02979186_3620.JPEG,482,482,cassette_player,0.436467707157135,"[482, 848, 485, 754, 632]","[""cassette_player"", ""tape_player"", ""CD_player"", ""radio"", ""loudspeaker""]","[0.436467707157135, 0.12974783778190613, 0.11653877049684525, 0.08603329211473465, 0.0550139881670475]",True,True
b0144,data/raw/imagenette2-320/val/n02979186/n02979186_2981.JPEG,482,482,cassette_player,0.8307168483734131,"[482, 485, 848, 481, 635]","[""cassette_player"", ""CD_player"", ""tape_player"", ""cassette"", ""magnetic_compass""]","[0.8307168483734131, 0.03213155269622803, 0.030930697917938232, 0.007924150675535202, 0.005111117847263813]",True,True
b0145,data/raw/imagenette2-320/val/n02979186/n02979186_931.JPEG,482,662,modem,0.4539148211479187,"[662, 482, 590, 921, 754]","[""modem"", ""cassette_player"", ""hand-held_computer"", ""book_jacket"", ""radio""]","[0.4539148211479187, 0.2276051789522171, 0.028255434706807137, 0.016852663829922676, 0.01256906520575285]",False,True
b0146,data/raw/imagenette2-320/val/n02979186/n02979186_9232.JPEG,482,848,tape_player,0.4881601333618164,"[848, 482, 481, 754, 485]","[""tape_player"", ""cassette_player"", ""cassette"", ""radio"", ""CD_player""]","[0.4881601333618164, 0.41489192843437195, 0.05893506109714508, 0.005644700024276972, 0.0022894181311130524]",False,True
b0147,data/raw/imagenette2-320/val/n02979186/n02979186_19190.JPEG,482,482,cassette_player,0.8665071725845337,"[482, 811, 848, 754, 485]","[""cassette_player"", ""space_heater"", ""tape_player"", ""radio"", ""CD_player""]","[0.8665071725845337, 0.03401920944452286, 0.029491527006030083, 0.008673008531332016, 0.006395041476935148]",True,True
b0148,data/raw/imagenette2-320/val/n02979186/n02979186_13950.JPEG,482,482,cassette_player,0.3657306134700775,"[482, 848, 481, 754, 485]","[""cassette_player"", ""tape_player"", ""cassette"", ""radio"", ""CD_player""]","[0.3657306134700775, 0.34455156326293945, 0.08054956048727036, 0.05250229313969612, 0.051057446748018265]",True,True
b0149,data/raw/imagenette2-320/val/n02979186/n02979186_1542.JPEG,482,848,tape_player,0.3580094873905182,"[848, 482, 481, 754, 485]","[""tape_player"", ""cassette_player"", ""cassette"", ""radio"", ""CD_player""]","[0.3580094873905182, 0.18285483121871948, 0.12042064219713211, 0.08868563920259476, 0.08496960997581482]",False,True
b0150,data/raw/imagenette2-320/val/n03000684/n03000684_17431.JPEG,491,491,chain_saw,0.949069619178772,"[491, 413, 464, 795, 777]","[""chain_saw"", ""assault_rifle"", ""buckle"", ""ski"", ""scabbard""]","[0.949069619178772, 0.00173109769821167, 0.0015061581507325172, 0.0010833984706550837, 0.0008091341587714851]",True,True
b0151,data/raw/imagenette2-320/val/n03000684/n03000684_9260.JPEG,491,491,chain_saw,0.981582760810852,"[491, 830, 740, 371, 972]","[""chain_saw"", ""stretcher"", ""power_drill"", ""patas"", ""cliff""]","[0.981582760810852, 0.0008580266730859876, 0.000857466715388, 0.00048434193013235927, 0.00046569493133574724]",True,True
b0152,data/raw/imagenette2-320/val/n03000684/n03000684_10820.JPEG,491,491,chain_saw,0.9994096755981445,"[491, 740, 621, 803, 394]","[""chain_saw"", ""power_drill"", ""lawn_mower"", ""snowplow"", ""sturgeon""]","[0.9994096755981445, 3.026880949619226e-05, 2.5458133677602746e-05, 1.7311967894784175e-05, 1.6531063010916114e-05]",True,True
b0153,data/raw/imagenette2-320/val/n03000684/n03000684_1100.JPEG,491,491,chain_saw,0.7379282712936401,"[491, 880, 621, 543, 570]","[""chain_saw"", ""unicycle"", ""lawn_mower"", ""dumbbell"", ""gasmask""]","[0.7379282712936401, 0.018629495054483414, 0.012479162774980068, 0.005983800161629915, 0.005326149053871632]",True,True
b0154,data/raw/imagenette2-320/val/n03000684/n03000684_7822.JPEG,491,491,chain_saw,0.9639378190040588,"[491, 621, 740, 730, 803]","[""chain_saw"", ""lawn_mower"", ""power_drill"", ""plow"", ""snowplow""]","[0.9639378190040588, 0.00210553384386003, 0.001477910322137177, 0.0005386366392485797, 0.0005116303218528628]",True,True
b0155,data/raw/imagenette2-320/val/n03000684/n03000684_3470.JPEG,491,491,chain_saw,0.446882039308548,"[491, 634, 730, 866, 577]","[""chain_saw"", ""lumbermill"", ""plow"", ""tractor"", ""gong""]","[0.446882039308548, 0.4467831552028656, 0.01873290352523327, 0.015515943989157677, 0.012243293225765228]",True,True
b0156,data/raw/imagenette2-320/val/n03000684/n03000684_13352.JPEG,491,491,chain_saw,0.9126101732254028,"[491, 758, 882, 740, 621]","[""chain_saw"", ""reel"", ""vacuum"", ""power_drill"", ""lawn_mower""]","[0.9126101732254028, 0.001813371665775776, 0.0014147667679935694, 0.0009354965877719223, 0.0009225450921803713]",True,True
b0157,data/raw/imagenette2-320/val/n03000684/n03000684_2961.JPEG,491,491,chain_saw,0.9847854375839233,"[491, 621, 830, 758, 740]","[""chain_saw"", ""lawn_mower"", ""stretcher"", ""reel"", ""power_drill""]","[0.9847854375839233, 0.003124870825558901, 0.0020833832677453756, 0.0010595908388495445, 0.0009225911926478148]",True,True
b0158,data/raw/imagenette2-320/val/n03000684/n03000684_5970.JPEG,491,491,chain_saw,0.9523879289627075,"[491, 464, 803, 674, 593]","[""chain_saw"", ""buckle"", ""snowplow"", ""mousetrap"", ""harmonica""]","[0.9523879289627075, 0.0007861243211664259, 0.0007674126536585391, 0.0007025047088973224, 0.00047362683108076453]",True,True
b0159,data/raw/imagenette2-320/val/n03000684/n03000684_30692.JPEG,491,491,chain_saw,0.9373234510421753,"[491, 803, 595, 621, 866]","[""chain_saw"", ""snowplow"", ""harvester"", ""lawn_mower"", ""tractor""]","[0.9373234510421753, 0.008529625833034515, 0.003493826137855649, 0.002788516692817211, 0.002192515879869461]",True,True
b0160,data/raw/imagenette2-320/val/n03000684/n03000684_9182.JPEG,491,491,chain_saw,0.9639852046966553,"[491, 634, 595, 726, 861]","[""chain_saw"", ""lumbermill"", ""harvester"", ""plane"", ""toilet_seat""]","[0.9639852046966553, 0.003609289648011327, 0.00137540593277663, 0.000878618739079684, 0.0008235813584178686]",True,True
b0161,data/raw/imagenette2-320/val/n03000684/n03000684_33461.JPEG,491,860,tobacco_shop,0.09558290243148804,"[860, 491, 702, 634, 612]","[""tobacco_shop"", ""chain_saw"", ""parallel_bars"", ""lumbermill"", ""jinrikisha""]","[0.09558290243148804, 0.0802866667509079, 0.06203523278236389, 0.060909755527973175, 0.02643704041838646]",False,True
b0162,data/raw/imagenette2-320/val/n03000684/n03000684_33281.JPEG,491,491,chain_saw,0.42295965552330017,"[491, 634, 730, 792, 428]","[""chain_saw"", ""lumbermill"", ""plow"", ""shovel"", ""barrow""]","[0.42295965552330017, 0.3675690293312073, 0.027299851179122925, 0.022624816745519638, 0.017089197412133217]",True,True
b0163,data/raw/imagenette2-320/val/n03000684/n03000684_4012.JPEG,491,491,chain_saw,0.7772624492645264,"[491, 634, 764, 413, 410]","[""chain_saw"", ""lumbermill"", ""rifle"", ""assault_rifle"", ""apiary""]","[0.7772624492645264, 0.022061826661229134, 0.01788327842950821, 0.008857132866978645, 0.005965209100395441]",True,True
b0164,data/raw/imagenette2-320/val/n03000684/n03000684_36420.JPEG,491,491,chain_saw,0.985400378704071,"[491, 596, 634, 803, 730]","[""chain_saw"", ""hatchet"", ""lumbermill"", ""snowplow"", ""plow""]","[0.985400378704071, 0.0014097423991188407, 0.0008143845479935408, 0.0006563439965248108, 0.0006079614977352321]",True,True
b0165,data/raw/imagenette2-320/val/n03000684/n03000684_14132.JPEG,491,491,chain_saw,0.22881828248500824,"[491, 870, 678, 751, 573]","[""chain_saw"", ""tricycle"", ""neck_brace"", ""racer"", ""go-kart""]","[0.22881828248500824, 0.10288169234991074, 0.0917961522936821, 0.08157401531934738, 0.05555527284741402]",True,True
b0166,data/raw/imagenette2-320/val/n03000684/n03000684_7312.JPEG,491,491,chain_saw,0.9378170967102051,"[491, 803, 621, 802, 482]","[""chain_saw"", ""snowplow"", ""lawn_mower"", ""snowmobile"", ""cassette_player""]","[0.9378170967102051, 0.0015636447351425886, 0.0004906347603537142, 0.0004330163064878434, 0.0003686072595883161]",True,True
b0167,data/raw/imagenette2-320/val/n03000684/n03000684_27361.JPEG,491,491,chain_saw,0.9431424736976624,"[491, 730, 595, 803, 866]","[""chain_saw"", ""plow"", ""harvester"", ""snowplow"", ""tractor""]","[0.9431424736976624, 0.0026244749315083027, 0.002145828679203987, 0.0016571119194850326, 0.0012920330045744777]",True,True
b0168,data/raw/imagenette2-320/val/n03000684/n03000684_17330.JPEG,491,491,chain_saw,0.8955404758453369,"[491, 595, 621, 730, 751]","[""chain_saw"", ""harvester"", ""lawn_mower"", ""plow"", ""racer""]","[0.8955404758453369, 0.004472678992897272, 0.003354523563757539, 0.0031982006039470434, 0.002635285723954439]",True,True
b0169,data/raw/imagenette2-320/val/n03000684/n03000684_23960.JPEG,491,491,chain_saw,0.779032289981842,"[491, 473, 675, 763, 623]","[""chain_saw"", ""can_opener"", ""moving_van"", ""revolver"", ""letter_opener""]","[0.779032289981842, 0.020843539386987686, 0.011128349229693413, 0.011000226251780987, 0.007271835580468178]",True,True
b0170,data/raw/imagenette2-320/val/n03000684/n03000684_4472.JPEG,491,864,tow_truck,0.10270605236291885,"[864, 517, 561, 595, 856]","[""tow_truck"", ""crane"", ""forklift"", ""harvester"", ""thresher""]","[0.10270605236291885, 0.07394374161958694, 0.0708903968334198, 0.06197736784815788, 0.05369022116065025]",False,False
b0171,data/raw/imagenette2-320/val/n03000684/n03000684_33902.JPEG,491,491,chain_saw,0.16347292065620422,"[491, 862, 613, 747, 827]","[""chain_saw"", ""torch"", ""joystick"", ""punching_bag"", ""stove""]","[0.16347292065620422, 0.05308961123228073, 0.051419343799352646, 0.0459817573428154, 0.03251631557941437]",True,True
b0172,data/raw/imagenette2-320/val/n03000684/n03000684_14600.JPEG,491,730,plow,0.288507342338562,"[730, 491, 413, 764, 621]","[""plow"", ""chain_saw"", ""assault_rifle"", ""rifle"", ""lawn_mower""]","[0.288507342338562, 0.22357536852359772, 0.09945148974657059, 0.049494415521621704, 0.043643850833177567]",False,True
b0173,data/raw/imagenette2-320/val/n03000684/n03000684_931.JPEG,491,491,chain_saw,0.9794942140579224,"[491, 621, 507, 740, 856]","[""chain_saw"", ""lawn_mower"", ""combination_lock"", ""power_drill"", ""thresher""]","[0.9794942140579224, 0.0003824722662102431, 0.0003578765317797661, 0.00033514926326461136, 0.000334597920300439]",True,True
b0174,data/raw/imagenette2-320/val/n03000684/n03000684_8831.JPEG,491,491,chain_saw,0.6419167518615723,"[491, 843, 456, 862, 740]","[""chain_saw"", ""swing"", ""bow"", ""torch"", ""power_drill""]","[0.6419167518615723, 0.09493783116340637, 0.029860559850931168, 0.022777289152145386, 0.020287513732910156]",True,True
b0175,data/raw/imagenette2-320/val/n03000684/n03000684_3361.JPEG,491,491,chain_saw,0.9656427502632141,"[491, 634, 856, 595, 803]","[""chain_saw"", ""lumbermill"", ""thresher"", ""harvester"", ""snowplow""]","[0.9656427502632141, 0.020028380677103996, 0.0019387645879760385, 0.0018881121650338173, 0.0007242924766615033]",True,True
b0176,data/raw/imagenette2-320/val/n03000684/ILSVRC2012_val_00036092.JPEG,491,491,chain_saw,0.23005801439285278,"[491, 830, 730, 646, 634]","[""chain_saw"", ""stretcher"", ""plow"", ""maze"", ""lumbermill""]","[0.23005801439285278, 0.12369459867477417, 0.07547155022621155, 0.061677105724811554, 0.05508023127913475]",True,True
b0177,data/raw/imagenette2-320/val/n03000684/ILSVRC2012_val_00011170.JPEG,491,491,chain_saw,0.908775269985199,"[491, 634, 671, 830, 802]","[""chain_saw"", ""lumbermill"", ""mountain_bike"", ""stretcher"", ""snowmobile""]","[0.908775269985199, 0.05442380532622337, 0.007066676393151283, 0.0014125799061730504, 0.0013750896323472261]",True,True
b0178,data/raw/imagenette2-320/val/n03000684/n03000684_6471.JPEG,491,491,chain_saw,0.8710468411445618,"[491, 726, 621, 882, 456]","[""chain_saw"", ""plane"", ""lawn_mower"", ""vacuum"", ""bow""]","[0.8710468411445618, 0.0286803487688303, 0.009513167664408684, 0.006453370675444603, 0.0044966633431613445]",True,True
b0179,data/raw/imagenette2-320/val/n03000684/n03000684_34011.JPEG,491,491,chain_saw,0.4897456169128418,"[491, 634, 410, 830, 428]","[""chain_saw"", ""lumbermill"", ""apiary"", ""stretcher"", ""barrow""]","[0.4897456169128418, 0.18136219680309296, 0.1641748547554016, 0.013868933543562889, 0.00770284328609705]",True,True
b0180,data/raw/imagenette2-320/val/n03000684/n03000684_9752.JPEG,491,730,plow,0.13633139431476593,"[730, 428, 646, 491, 792]","[""plow"", ""barrow"", ""maze"", ""chain_saw"", ""shovel""]","[0.13633139431476593, 0.08286212384700775, 0.06680072844028473, 0.05645763501524925, 0.050407133996486664]",False,True
b0181,data/raw/imagenette2-320/val/n03000684/ILSVRC2012_val_00011951.JPEG,491,491,chain_saw,0.5222205519676208,"[491, 740, 477, 621, 856]","[""chain_saw"", ""power_drill"", ""carpenter's_kit"", ""lawn_mower"", ""thresher""]","[0.5222205519676208, 0.21889550983905792, 0.07817903906106949, 0.011187082156538963, 0.007855507545173168]",True,True
b0182,data/raw/imagenette2-320/val/n03000684/n03000684_13071.JPEG,491,456,bow,0.09711094945669174,"[456, 602, 413, 894, 583]","[""bow"", ""horizontal_bar"", ""assault_rifle"", ""wardrobe"", ""guillotine""]","[0.09711094945669174, 0.05148787796497345, 0.051269326359033585, 0.04875151067972183, 0.037500374019145966]",False,False
b0183,data/raw/imagenette2-320/val/n03000684/n03000684_15441.JPEG,491,764,rifle,0.2119375765323639,"[764, 413, 456, 715, 583]","[""rifle"", ""assault_rifle"", ""bow"", ""pickelhaube"", ""guillotine""]","[0.2119375765323639, 0.17132197320461273, 0.10615379363298416, 0.060587506741285324, 0.02436516247689724]",False,False
b0184,data/raw/imagenette2-320/val/n03000684/n03000684_6160.JPEG,491,491,chain_saw,0.9389111995697021,"[491, 674, 464, 840, 477]","[""chain_saw"", ""mousetrap"", ""buckle"", ""swab"", ""carpenter's_kit""]","[0.9389111995697021, 0.01526111364364624, 0.0018962265457957983, 0.0017343340441584587, 0.0014017914654687047]",True,True
b0185,data/raw/imagenette2-320/val/n03000684/n03000684_27220.JPEG,491,491,chain_saw,0.8599372506141663,"[491, 395, 912, 389, 758]","[""chain_saw"", ""gar"", ""worm_fence"", ""barracouta"", ""reel""]","[0.8599372506141663, 0.04939478263258934, 0.0036436226218938828, 0.0028938872274011374, 0.002438662340864539]",True,True
b0186,data/raw/imagenette2-320/val/n03000684/n03000684_30092.JPEG,491,491,chain_saw,0.9983865022659302,"[491, 634, 856, 710, 621]","[""chain_saw"", ""lumbermill"", ""thresher"", ""pencil_sharpener"", ""lawn_mower""]","[0.9983865022659302, 0.00025684258434921503, 0.00011915176582988352, 8.790343417786062e-05, 8.053651981754228e-05]",True,True
b0187,data/raw/imagenette2-320/val/n03000684/n03000684_24332.JPEG,491,491,chain_saw,0.6345763206481934,"[491, 803, 769, 683, 742]","[""chain_saw"", ""snowplow"", ""rule"", ""oboe"", ""printer""]","[0.6345763206481934, 0.021234622225165367, 0.004816732835024595, 0.003142445581033826, 0.0024995780549943447]",True,True
b0188,data/raw/imagenette2-320/val/n03000684/n03000684_27981.JPEG,491,491,chain_saw,0.9151089787483215,"[491, 621, 843, 758, 465]","[""chain_saw"", ""lawn_mower"", ""swing"", ""reel"", ""bulletproof_vest""]","[0.9151089787483215, 0.006619945168495178, 0.0028844980988651514, 0.00220815883949399, 0.0016601966926828027]",True,True
b0189,data/raw/imagenette2-320/val/n03000684/n03000684_272.JPEG,491,491,chain_saw,0.9970234036445618,"[491, 740, 621, 413, 587]","[""chain_saw"", ""power_drill"", ""lawn_mower"", ""assault_rifle"", ""hammer""]","[0.9970234036445618, 0.0005912422784604132, 0.0002320597122889012, 8.295773295685649e-05, 7.636988448211923e-05]",True,True
b0190,data/raw/imagenette2-320/val/n03000684/n03000684_1821.JPEG,491,491,chain_saw,0.7907158732414246,"[491, 621, 561, 740, 882]","[""chain_saw"", ""lawn_mower"", ""forklift"", ""power_drill"", ""vacuum""]","[0.7907158732414246, 0.02619665116071701, 0.02536443993449211, 0.02199011854827404, 0.016790665686130524]",True,True
b0191,data/raw/imagenette2-320/val/n03000684/n03000684_7161.JPEG,491,491,chain_saw,0.7011858820915222,"[491, 480, 410, 830, 757]","[""chain_saw"", ""cash_machine"", ""apiary"", ""stretcher"", ""recreational_vehicle""]","[0.7011858820915222, 0.015556256286799908, 0.01249659713357687, 0.010332973673939705, 0.006418642122298479]",True,True
b0192,data/raw/imagenette2-320/val/n03000684/n03000684_6710.JPEG,491,491,chain_saw,0.9413094520568848,"[491, 464, 740, 844, 492]","[""chain_saw"", ""buckle"", ""power_drill"", ""switch"", ""chest""]","[0.9413094520568848, 0.008011635392904282, 0.004544067662209272, 0.0021928916685283184, 0.001824034727178514]",True,True
b0193,data/raw/imagenette2-320/val/n03000684/n03000684_29900.JPEG,491,726,plane,0.33432188630104065,"[726, 634, 491, 730, 856]","[""plane"", ""lumbermill"", ""chain_saw"", ""plow"", ""thresher""]","[0.33432188630104065, 0.2680283188819885, 0.13670283555984497, 0.01300213485956192, 0.009254681877791882]",False,True
b0194,data/raw/imagenette2-320/val/n03000684/n03000684_7790.JPEG,491,491,chain_saw,0.575678825378418,"[491, 228, 355, 371, 840]","[""chain_saw"", ""komondor"", ""llama"", ""patas"", ""swab""]","[0.575678825378418, 0.33122703433036804, 0.011576698161661625, 0.003407430602237582, 0.002132550347596407]",True,True
b0195,data/raw/imagenette2-320/val/n03000684/n03000684_2610.JPEG,491,491,chain_saw,0.961180567741394,"[491, 634, 410, 912, 730]","[""chain_saw"", ""lumbermill"", ""apiary"", ""worm_fence"", ""plow""]","[0.961180567741394, 0.008322679437696934, 0.0017423114040866494, 0.0015806426526978612, 0.00102519360370934]",True,True
b0196,data/raw/imagenette2-320/val/n03000684/n03000684_2922.JPEG,491,491,chain_saw,0.8137855529785156,"[491, 634, 830, 912, 856]","[""chain_saw"", ""lumbermill"", ""stretcher"", ""worm_fence"", ""thresher""]","[0.8137855529785156, 0.06976091116666794, 0.017446566373109818, 0.012299378402531147, 0.007338464260101318]",True,True
b0197,data/raw/imagenette2-320/val/n03000684/n03000684_19272.JPEG,491,491,chain_saw,0.8264521360397339,"[491, 634, 830, 410, 391]","[""chain_saw"", ""lumbermill"", ""stretcher"", ""apiary"", ""coho""]","[0.8264521360397339, 0.09019086509943008, 0.009848833084106445, 0.006202115677297115, 0.004412911832332611]",True,True
b0198,data/raw/imagenette2-320/val/n03000684/n03000684_13402.JPEG,491,491,chain_saw,0.4705425202846527,"[491, 634, 462, 853, 410]","[""chain_saw"", ""lumbermill"", ""broom"", ""thatch"", ""apiary""]","[0.4705425202846527, 0.0621681734919548, 0.04965008795261383, 0.024079598486423492, 0.013395887799561024]",True,True
b0199,data/raw/imagenette2-320/val/n03000684/n03000684_31000.JPEG,491,491,chain_saw,0.6942787766456604,"[491, 795, 802, 970, 537]","[""chain_saw"", ""ski"", ""snowmobile"", ""alp"", ""dogsled""]","[0.6942787766456604, 0.11919320374727249, 0.017022382467985153, 0.012867800891399384, 0.007911460474133492]",True,True
b0200,data/raw/imagenette2-320/val/n03028079/n03028079_29670.JPEG,497,497,church,0.41217318177223206,"[497, 442, 663, 483, 668]","[""church"", ""bell_cote"", ""monastery"", ""castle"", ""mosque""]","[0.41217318177223206, 0.28578898310661316, 0.09437499940395355, 0.020594285801053047, 0.010604098439216614]",True,True
b0201,data/raw/imagenette2-320/val/n03028079/ILSVRC2012_val_00019331.JPEG,497,884,vault,0.4423774480819702,"[884, 663, 442, 497, 698]","[""vault"", ""monastery"", ""bell_cote"", ""church"", ""palace""]","[0.4423774480819702, 0.15399321913719177, 0.14434008300304413, 0.07429459691047668, 0.03517156094312668]",False,True
b0202,data/raw/imagenette2-320/val/n03028079/n03028079_57572.JPEG,497,663,monastery,0.4087814390659332,"[663, 497, 442, 698, 483]","[""monastery"", ""church"", ""bell_cote"", ""palace"", ""castle""]","[0.4087814390659332, 0.1748242974281311, 0.06054778769612312, 0.05370543524622917, 0.03010490909218788]",False,True
b0203,data/raw/imagenette2-320/val/n03028079/n03028079_7882.JPEG,497,497,church,0.33298781514167786,"[497, 663, 442, 483, 884]","[""church"", ""monastery"", ""bell_cote"", ""castle"", ""vault""]","[0.33298781514167786, 0.21988897025585175, 0.13203859329223633, 0.02363245189189911, 0.014912700280547142]",True,True
b0204,data/raw/imagenette2-320/val/n03028079/n03028079_8360.JPEG,497,687,organ,0.8181775808334351,"[687, 406, 884, 497, 663]","[""organ"", ""altar"", ""vault"", ""church"", ""monastery""]","[0.8181775808334351, 0.023668700829148293, 0.01284961961209774, 0.009920907206833363, 0.009475425817072392]",False,True
b0205,data/raw/imagenette2-320/val/n03028079/n03028079_11591.JPEG,497,497,church,0.607746422290802,"[497, 442, 663, 437, 668]","[""church"", ""bell_cote"", ""monastery"", ""beacon"", ""mosque""]","[0.607746422290802, 0.22261618077754974, 0.05147871747612953, 0.013403402641415596, 0.004556618165224791]",True,True
b0206,data/raw/imagenette2-320/val/n03028079/n03028079_8611.JPEG,497,442,bell_cote,0.43114492297172546,"[442, 497, 449, 970, 663]","[""bell_cote"", ""church"", ""boathouse"", ""alp"", ""monastery""]","[0.43114492297172546, 0.41126522421836853, 0.01873849704861641, 0.013200333341956139, 0.012354952283203602]",False,True
b0207,data/raw/imagenette2-320/val/n03028079/n03028079_41101.JPEG,497,562,fountain,0.2691591680049896,"[562, 483, 975, 663, 497]","[""fountain"", ""castle"", ""lakeside"", ""monastery"", ""church""]","[0.2691591680049896, 0.10869268327951431, 0.08228214085102081, 0.06052403151988983, 0.030409574508666992]",False,True
b0208,data/raw/imagenette2-320/val/n03028079/n03028079_29412.JPEG,497,497,church,0.1965230405330658,"[497, 442, 687, 483, 884]","[""church"", ""bell_cote"", ""organ"", ""castle"", ""vault""]","[0.1965230405330658, 0.16940511763095856, 0.1264587938785553, 0.04565928131341934, 0.01837337203323841]",True,True
b0209,data/raw/imagenette2-320/val/n03028079/n03028079_56741.JPEG,497,663,monastery,0.512912929058075,"[663, 497, 698, 483, 884]","[""monastery"", ""church"", ""palace"", ""castle"", ""vault""]","[0.512912929058075, 0.16774998605251312, 0.08811602741479874, 0.04014340415596962, 0.02760399878025055]",False,True
b0210,data/raw/imagenette2-320/val/n03028079/n03028079_99351.JPEG,497,497,church,0.5059331655502319,"[497, 442, 663, 698, 483]","[""church"", ""bell_cote"", ""monastery"", ""palace"", ""castle""]","[0.5059331655502319, 0.17083480954170227, 0.111192986369133, 0.06416334956884384, 0.010240145027637482]",True,True
b0211,data/raw/imagenette2-320/val/n03028079/ILSVRC2012_val_00019711.JPEG,497,442,bell_cote,0.8243900537490845,"[442, 497, 540, 663, 417]","[""bell_cote"", ""church"", ""drilling_platform"", ""monastery"", ""balloon""]","[0.8243900537490845, 0.026381108909845352, 0.016656028106808662, 0.013552959077060223, 0.012197220697999]",False,True
b0212,data/raw/imagenette2-320/val/n03028079/n03028079_14210.JPEG,497,497,church,0.4557839035987854,"[497, 884, 406, 663, 624]","[""church"", ""vault"", ""altar"", ""monastery"", ""library""]","[0.4557839035987854, 0.1342979222536087, 0.079435333609581, 0.02933099865913391, 0.027744580060243607]",True,True
b0213,data/raw/imagenette2-320/val/n03028079/n03028079_26291.JPEG,497,497,church,0.49615201354026794,"[497, 406, 884, 663, 698]","[""church"", ""altar"", ""vault"", ""monastery"", ""palace""]","[0.49615201354026794, 0.1844758838415146, 0.13846290111541748, 0.09228361397981644, 0.008023356087505817]",True,True
b0214,data/raw/imagenette2-320/val/n03028079/n03028079_12802.JPEG,497,497,church,0.9404058456420898,"[497, 442, 538, 449, 448]","[""church"", ""bell_cote"", ""dome"", ""boathouse"", ""birdhouse""]","[0.9404058456420898, 0.00487833796069026, 0.003434624755755067, 0.0024691112339496613, 0.0023159761913120747]",True,True
b0215,data/raw/imagenette2-320/val/n03028079/n03028079_53551.JPEG,497,497,church,0.4356992244720459,"[497, 912, 442, 716, 449]","[""church"", ""worm_fence"", ""bell_cote"", ""picket_fence"", ""boathouse""]","[0.4356992244720459, 0.1391030102968216, 0.07831364125013351, 0.031243419274687767, 0.02736297808587551]",True,True
b0216,data/raw/imagenette2-320/val/n03028079/n03028079_25680.JPEG,497,884,vault,0.3380413353443146,"[884, 406, 538, 873, 887]","[""vault"", ""altar"", ""dome"", ""triumphal_arch"", ""vestment""]","[0.3380413353443146, 0.15854734182357788, 0.1390528827905655, 0.042486198246479034, 0.02854795753955841]",False,False
b0217,data/raw/imagenette2-320/val/n03028079/n03028079_2951.JPEG,497,884,vault,0.4327838122844696,"[884, 406, 497, 687, 663]","[""vault"", ""altar"", ""church"", ""organ"", ""monastery""]","[0.4327838122844696, 0.17661045491695404, 0.13862118124961853, 0.039685457944869995, 0.014484334737062454]",False,True
b0218,data/raw/imagenette2-320/val/n03028079/n03028079_13331.JPEG,497,406,altar,0.3118908703327179,"[406, 884, 663, 687, 497]","[""altar"", ""vault"", ""monastery"", ""organ"", ""church""]","[0.3118908703327179, 0.27476054430007935, 0.07616568356752396, 0.07084028422832489, 0.030031347647309303]",False,True
b0219,data/raw/imagenette2-320/val/n03028079/n03028079_10410.JPEG,497,668,mosque,0.13062317669391632,"[668, 727, 449, 483, 437]","[""mosque"", ""planetarium"", ""boathouse"", ""castle"", ""beacon""]","[0.13062317669391632, 0.10922803729772568, 0.09864944964647293, 0.09844480454921722, 0.0845172256231308]",False,False
b0220,data/raw/imagenette2-320/val/n03028079/n03028079_1332.JPEG,497,497,church,0.4094945788383484,"[497, 442, 663, 483, 449]","[""church"", ""bell_cote"", ""monastery"", ""castle"", ""boathouse""]","[0.4094945788383484, 0.2154967486858368, 0.0486031137406826, 0.03219728171825409, 0.013781127519905567]",True,True
b0221,data/raw/imagenette2-320/val/n03028079/n03028079_8661.JPEG,497,497,church,0.6496189832687378,"[497, 442, 663, 538, 409]","[""church"", ""bell_cote"", ""monastery"", ""dome"", ""analog_clock""]","[0.6496189832687378, 0.20862391591072083, 0.07455030828714371, 0.010947588831186295, 0.0053967381827533245]",True,True
b0222,data/raw/imagenette2-320/val/n03028079/n03028079_6860.JPEG,497,497,church,0.36813443899154663,"[497, 442, 663, 698, 884]","[""church"", ""bell_cote"", ""monastery"", ""palace"", ""vault""]","[0.36813443899154663, 0.2692602574825287, 0.09364921599626541, 0.04686885327100754, 0.036198679357767105]",True,True
b0223,data/raw/imagenette2-320/val/n03028079/n03028079_4292.JPEG,497,884,vault,0.6319747567176819,"[884, 497, 538, 406, 663]","[""vault"", ""church"", ""dome"", ""altar"", ""monastery""]","[0.6319747567176819, 0.07404990494251251, 0.03355233743786812, 0.01716630719602108, 0.012143580242991447]",False,True
b0224,data/raw/imagenette2-320/val/n03028079/n03028079_38692.JPEG,497,497,church,0.41654568910598755,"[497, 483, 663, 442, 698]","[""church"", ""castle"", ""monastery"", ""bell_cote"", ""palace""]","[0.41654568910598755, 0.3501482903957367, 0.038739725947380066, 0.03461460769176483, 0.003895645262673497]",True,True
b0225,data/raw/imagenette2-320/val/n03028079/n03028079_14600.JPEG,497,497,church,0.527446985244751,"[497, 663, 698, 483, 406]","[""church"", ""monastery"", ""palace"", ""castle"", ""altar""]","[0.527446985244751, 0.09774232655763626, 0.0657379999756813, 0.025865333154797554, 0.008720970712602139]",True,True
b0226,data/raw/imagenette2-320/val/n03028079/n03028079_28352.JPEG,497,497,church,0.2406773865222931,"[497, 442, 449, 425, 912]","[""church"", ""bell_cote"", ""boathouse"", ""barn"", ""worm_fence""]","[0.2406773865222931, 0.14728224277496338, 0.11215098202228546, 0.07495762407779694, 0.03609229251742363]",True,True
b0227,data/raw/imagenette2-320/val/n03028079/ILSVRC2012_val_00028310.JPEG,497,698,palace,0.3057989478111267,"[698, 483, 663, 497, 442]","[""palace"", ""castle"", ""monastery"", ""church"", ""bell_cote""]","[0.3057989478111267, 0.21708828210830688, 0.06623858958482742, 0.040275633335113525, 0.029234718531370163]",False,True
b0228,data/raw/imagenette2-320/val/n03028079/n03028079_26371.JPEG,497,442,bell_cote,0.4501459300518036,"[442, 497, 663, 884, 449]","[""bell_cote"", ""church"", ""monastery"", ""vault"", ""boathouse""]","[0.4501459300518036, 0.36003223061561584, 0.04018494114279747, 0.008198981173336506, 0.006788740865886211]",False,True
b0229,data/raw/imagenette2-320/val/n03028079/n03028079_7250.JPEG,497,497,church,0.4053228795528412,"[497, 442, 663, 698, 743]","[""church"", ""bell_cote"", ""monastery"", ""palace"", ""prison""]","[0.4053228795528412, 0.13106119632720947, 0.06021430343389511, 0.018219249323010445, 0.01766013354063034]",True,True
b0230,data/raw/imagenette2-320/val/n03028079/n03028079_8132.JPEG,497,538,dome,0.503430962562561,"[538, 497, 668, 663, 442]","[""dome"", ""church"", ""mosque"", ""monastery"", ""bell_cote""]","[0.503430962562561, 0.2277989685535431, 0.1572638303041458, 0.030201997607946396, 0.007798570208251476]",False,True
b0231,data/raw/imagenette2-320/val/n03028079/n03028079_16960.JPEG,497,497,church,0.6164873838424683,"[497, 442, 663, 884, 437]","[""church"", ""bell_cote"", ""monastery"", ""vault"", ""beacon""]","[0.6164873838424683, 0.1604309380054474, 0.06888861209154129, 0.012416412122547626, 0.007104109041392803]",True,True
b0232,data/raw/imagenette2-320/val/n03028079/n03028079_20670.JPEG,497,497,church,0.4495738744735718,"[497, 442, 483, 984, 663]","[""church"", ""bell_cote"", ""castle"", ""rapeseed"", ""monastery""]","[0.4495738744735718, 0.302481472492218, 0.04287689924240112, 0.017868731170892715, 0.015471139922738075]",True,True
b0233,data/raw/imagenette2-320/val/n03028079/n03028079_28302.JPEG,497,497,church,0.731050431728363,"[497, 437, 449, 442, 663]","[""church"", ""beacon"", ""boathouse"", ""bell_cote"", ""monastery""]","[0.731050431728363, 0.08372578024864197, 0.028142845258116722, 0.02749909833073616, 0.015348338522017002]",True,True
b0234,data/raw/imagenette2-320/val/n03028079/ILSVRC2012_val_00046232.JPEG,497,884,vault,0.8568112254142761,"[884, 669, 687, 406, 538]","[""vault"", ""mosquito_net"", ""organ"", ""altar"", ""dome""]","[0.8568112254142761, 0.013174871914088726, 0.011241097934544086, 0.008831094019114971, 0.008139810524880886]",False,False
b0235,data/raw/imagenette2-320/val/n03028079/n03028079_26601.JPEG,497,497,church,0.5500698685646057,"[497, 442, 663, 884, 483]","[""church"", ""bell_cote"", ""monastery"", ""vault"", ""castle""]","[0.5500698685646057, 0.3166603446006775, 0.027582477778196335, 0.005092255305498838, 0.004996377509087324]",True,True
b0236,data/raw/imagenette2-320/val/n03028079/n03028079_7881.JPEG,497,497,church,0.583788275718689,"[497, 442, 483, 663, 405]","[""church"", ""bell_cote"", ""castle"", ""monastery"", ""airship""]","[0.583788275718689, 0.07979264110326767, 0.038207750767469406, 0.03343375027179718, 0.015563796274363995]",True,True
b0237,data/raw/imagenette2-320/val/n03028079/n03028079_7171.JPEG,497,698,palace,0.21402281522750854,"[698, 663, 442, 668, 497]","[""palace"", ""monastery"", ""bell_cote"", ""mosque"", ""church""]","[0.21402281522750854, 0.1408844292163849, 0.0630456954240799, 0.03284306824207306, 0.024791033938527107]",False,True
b0238,data/raw/imagenette2-320/val/n03028079/n03028079_2342.JPEG,497,425,barn,0.6851728558540344,"[425, 497, 449, 853, 912]","[""barn"", ""church"", ""boathouse"", ""thatch"", ""worm_fence""]","[0.6851728558540344, 0.0410633310675621, 0.031551484018564224, 0.027035066857933998, 0.023586880415678024]",False,True
b0239,data/raw/imagenette2-320/val/n03028079/n03028079_6720.JPEG,497,663,monastery,0.4540660083293915,"[663, 497, 483, 442, 698]","[""monastery"", ""church"", ""castle"", ""bell_cote"", ""palace""]","[0.4540660083293915, 0.1996593177318573, 0.05357043817639351, 0.051147326827049255, 0.019364163279533386]",False,True
b0240,data/raw/imagenette2-320/val/n03028079/n03028079_3972.JPEG,497,899,water_jug,0.2688729763031006,"[899, 725, 884, 663, 653]","[""water_jug"", ""pitcher"", ""vault"", ""monastery"", ""milk_can""]","[0.2688729763031006, 0.14420205354690552, 0.1222684308886528, 0.05102524161338806, 0.02940530888736248]",False,False
b0241,data/raw/imagenette2-320/val/n03028079/n03028079_4572.JPEG,497,663,monastery,0.5958312153816223,"[663, 497, 698, 442, 668]","[""monastery"", ""church"", ""palace"", ""bell_cote"", ""mosque""]","[0.5958312153816223, 0.17401425540447235, 0.0425659716129303, 0.020835498347878456, 0.01308952271938324]",False,True
b0242,data/raw/imagenette2-320/val/n03028079/n03028079_41342.JPEG,497,538,dome,0.7068725228309631,"[538, 884, 497, 640, 406]","[""dome"", ""vault"", ""church"", ""manhole_cover"", ""altar""]","[0.7068725228309631, 0.08240209519863129, 0.03974774107336998, 0.0073336330242455006, 0.006657115649431944]",False,True
b0243,data/raw/imagenette2-320/val/n03028079/n03028079_26110.JPEG,497,668,mosque,0.2645590305328369,"[668, 497, 663, 538, 698]","[""mosque"", ""church"", ""monastery"", ""dome"", ""palace""]","[0.2645590305328369, 0.16861681640148163, 0.11538536846637726, 0.11313526332378387, 0.0471213161945343]",False,True
b0244,data/raw/imagenette2-320/val/n03028079/n03028079_16361.JPEG,497,663,monastery,0.397055447101593,"[663, 497, 442, 483, 698]","[""monastery"", ""church"", ""bell_cote"", ""castle"", ""palace""]","[0.397055447101593, 0.29426202178001404, 0.20324042439460754, 0.03279954567551613, 0.010435801930725574]",False,True
b0245,data/raw/imagenette2-320/val/n03028079/n03028079_13002.JPEG,497,442,bell_cote,0.30045998096466064,"[442, 497, 663, 437, 698]","[""bell_cote"", ""church"", ""monastery"", ""beacon"", ""palace""]","[0.30045998096466064, 0.28960004448890686, 0.28720390796661377, 0.030359620228409767, 0.0026028642896562815]",False,True
b0246,data/raw/imagenette2-320/val/n03028079/ILSVRC2012_val_00007400.JPEG,497,406,altar,0.8555024862289429,"[406, 884, 497, 663, 687]","[""altar"", ""vault"", ""church"", ""monastery"", ""organ""]","[0.8555024862289429, 0.042760252952575684, 0.035580575466156006, 0.014486750587821007, 0.005351277068257332]",False,True
b0247,data/raw/imagenette2-320/val/n03028079/n03028079_5261.JPEG,497,663,monastery,0.8540083169937134,"[663, 972, 500, 884, 442]","[""monastery"", ""cliff"", ""cliff_dwelling"", ""vault"", ""bell_cote""]","[0.8540083169937134, 0.04007832333445549, 0.010686730965971947, 0.008200160227715969, 0.007785973139107227]",False,False
b0248,data/raw/imagenette2-320/val/n03028079/n03028079_26390.JPEG,497,663,monastery,0.5124027132987976,"[663, 497, 698, 483, 442]","[""monastery"", ""church"", ""palace"", ""castle"", ""bell_cote""]","[0.5124027132987976, 0.289711058139801, 0.02557193487882614, 0.013919146731495857, 0.008348139934241772]",False,True
b0249,data/raw/imagenette2-320/val/n03028079/n03028079_13021.JPEG,497,497,church,0.3160012364387512,"[497, 442, 663, 483, 975]","[""church"", ""bell_cote"", ""monastery"", ""castle"", ""lakeside""]","[0.3160012364387512, 0.18473780155181885, 0.06796804070472717, 0.02374584972858429, 0.020016750320792198]",True,True
b0250,data/raw/imagenette2-320/val/n03394916/n03394916_39220.JPEG,566,566,French_horn,0.21767783164978027,"[566, 683, 432, 558, 513]","[""French_horn"", ""oboe"", ""bassoon"", ""flute"", ""cornet""]","[0.21767783164978027, 0.16381187736988068, 0.10564055293798447, 0.07923438400030136, 0.07120422273874283]",True,True
b0251,data/raw/imagenette2-320/val/n03394916/n03394916_47211.JPEG,566,566,French_horn,0.7903499007225037,"[566, 875, 776, 513, 432]","[""French_horn"", ""trombone"", ""sax"", ""cornet"", ""bassoon""]","[0.7903499007225037, 0.07656050473451614, 0.026148926466703415, 0.024959547445178032, 0.02091791294515133]",True,True
b0252,data/raw/imagenette2-320/val/n03394916/n03394916_32800.JPEG,566,566,French_horn,0.6507415771484375,"[566, 875, 513, 776, 683]","[""French_horn"", ""trombone"", ""cornet"", ""sax"", ""oboe""]","[0.6507415771484375, 0.06327733397483826, 0.05310456454753876, 0.027402419596910477, 0.0072099692188203335]",True,True
b0253,data/raw/imagenette2-320/val/n03394916/n03394916_3522.JPEG,566,566,French_horn,0.3273947238922119,"[566, 683, 584, 776, 772]","[""French_horn"", ""oboe"", ""hair_slide"", ""sax"", ""safety_pin""]","[0.3273947238922119, 0.07291600853204727, 0.05262354761362076, 0.03401288017630577, 0.03247874230146408]",True,True
b0254,data/raw/imagenette2-320/val/n03394916/n03394916_36771.JPEG,566,566,French_horn,0.8583341836929321,"[566, 513, 875, 776, 683]","[""French_horn"", ""cornet"", ""trombone"", ""sax"", ""oboe""]","[0.8583341836929321, 0.021107709035277367, 0.011469583958387375, 0.0064063179306685925, 0.006241319235414267]",True,True
b0255,data/raw/imagenette2-320/val/n03394916/n03394916_45631.JPEG,566,566,French_horn,0.9569331407546997,"[566, 513, 776, 875, 683]","[""French_horn"", ""cornet"", ""sax"", ""trombone"", ""oboe""]","[0.9569331407546997, 0.008782341144979, 0.0016926524695008993, 0.0010328254429623485, 0.0005508061149157584]",True,True
b0256,data/raw/imagenette2-320/val/n03394916/n03394916_9851.JPEG,566,566,French_horn,0.9577183127403259,"[566, 513, 875, 776, 439]","[""French_horn"", ""cornet"", ""trombone"", ""sax"", ""bearskin""]","[0.9577183127403259, 0.014642863534390926, 0.0019061946077272296, 0.0005446323193609715, 0.0004636660742107779]",True,True
b0257,data/raw/imagenette2-320/val/n03394916/n03394916_25580.JPEG,566,566,French_horn,0.5099973678588867,"[566, 432, 513, 683, 875]","[""French_horn"", ""bassoon"", ""cornet"", ""oboe"", ""trombone""]","[0.5099973678588867, 0.0844900906085968, 0.0747058242559433, 0.07344857603311539, 0.051570914685726166]",True,True
b0258,data/raw/imagenette2-320/val/n03394916/n03394916_35292.JPEG,566,566,French_horn,0.8557995557785034,"[566, 513, 432, 875, 683]","[""French_horn"", ""cornet"", ""bassoon"", ""trombone"", ""oboe""]","[0.8557995557785034, 0.008383133448660374, 0.008085672743618488, 0.004312768112868071, 0.002314325189217925]",True,True
b0259,data/raw/imagenette2-320/val/n03394916/n03394916_44882.JPEG,566,566,French_horn,0.9258854985237122,"[566, 513, 676, 765, 719]","[""French_horn"", ""cornet"", ""muzzle"", ""rocking_chair"", ""piggy_bank""]","[0.9258854985237122, 0.003031025640666485, 0.0012965385103598237, 0.00082276517059654, 0.0008158307755365968]",True,True
b0260,data/raw/imagenette2-320/val/n03394916/n03394916_32931.JPEG,566,566,French_horn,0.7590810060501099,"[566, 875, 513, 776, 284]","[""French_horn"", ""trombone"", ""cornet"", ""sax"", ""Siamese_cat""]","[0.7590810060501099, 0.07519397139549255, 0.04686395451426506, 0.014462858438491821, 0.00122478895355016]",True,True
b0261,data/raw/imagenette2-320/val/n03394916/n03394916_29412.JPEG,566,566,French_horn,0.9637970328330994,"[566, 776, 513, 432, 683]","[""French_horn"", ""sax"", ""cornet"", ""bassoon"", ""oboe""]","[0.9637970328330994, 0.0022811484523117542, 0.0017223806353285909, 0.0007704002782702446, 0.00043944569188170135]",True,True
b0262,data/raw/imagenette2-320/val/n03394916/n03394916_47212.JPEG,566,566,French_horn,0.971344530582428,"[566, 513, 875, 683, 560]","[""French_horn"", ""cornet"", ""trombone"", ""oboe"", ""football_helmet""]","[0.971344530582428, 0.0015584848588332534, 0.0004277701664250344, 0.00026259009609930217, 0.0002560516295488924]",True,True
b0263,data/raw/imagenette2-320/val/n03394916/n03394916_69060.JPEG,566,566,French_horn,0.6072083711624146,"[566, 513, 875, 432, 558]","[""French_horn"", ""cornet"", ""trombone"", ""bassoon"", ""flute""]","[0.6072083711624146, 0.07346625626087189, 0.06693023443222046, 0.03850366175174713, 0.015944406390190125]",True,True
b0264,data/raw/imagenette2-320/val/n03394916/n03394916_14162.JPEG,566,566,French_horn,0.8940701484680176,"[566, 513, 875, 683, 506]","[""French_horn"", ""cornet"", ""trombone"", ""oboe"", ""coil""]","[0.8940701484680176, 0.015423635952174664, 0.001978894229978323, 0.0011263057822361588, 0.0009933579713106155]",True,True
b0265,data/raw/imagenette2-320/val/n03394916/n03394916_33262.JPEG,566,566,French_horn,0.6354799270629883,"[566, 683, 513, 558, 875]","[""French_horn"", ""oboe"", ""cornet"", ""flute"", ""trombone""]","[0.6354799270629883, 0.08212423324584961, 0.05833430588245392, 0.05765509977936745, 0.02170467935502529]",True,True
b0266,data/raw/imagenette2-320/val/n03394916/n03394916_42550.JPEG,566,566,French_horn,0.896057665348053,"[566, 875, 513, 545, 846]","[""French_horn"", ""trombone"", ""cornet"", ""electric_fan"", ""table_lamp""]","[0.896057665348053, 0.05822736769914627, 0.014649921096861362, 0.006450565531849861, 0.0059458184987306595]",True,True
b0267,data/raw/imagenette2-320/val/n03394916/n03394916_46931.JPEG,566,566,French_horn,0.9481920599937439,"[566, 875, 513, 683, 432]","[""French_horn"", ""trombone"", ""cornet"", ""oboe"", ""bassoon""]","[0.9481920599937439, 0.002822376089170575, 0.002196308458223939, 0.0008582689915783703, 0.0007131774909794331]",True,True
b0268,data/raw/imagenette2-320/val/n03394916/n03394916_47110.JPEG,566,875,trombone,0.07907585054636002,"[875, 421, 566, 702, 513]","[""trombone"", ""bannister"", ""French_horn"", ""parallel_bars"", ""cornet""]","[0.07907585054636002, 0.03363143652677536, 0.0312498826533556, 0.029942620545625687, 0.026423703879117966]",False,True
b0269,data/raw/imagenette2-320/val/n03394916/n03394916_38702.JPEG,566,566,French_horn,0.42415282130241394,"[566, 513, 875, 776, 432]","[""French_horn"", ""cornet"", ""trombone"", ""sax"", ""bassoon""]","[0.42415282130241394, 0.3803727626800537, 0.05123136565089226, 0.03793426975607872, 0.006863294634968042]",True,True
b0270,data/raw/imagenette2-320/val/n03394916/n03394916_51571.JPEG,566,566,French_horn,0.8254939913749695,"[566, 513, 683, 875, 714]","[""French_horn"", ""cornet"", ""oboe"", ""trombone"", ""pick""]","[0.8254939913749695, 0.003873542184010148, 0.0019132359884679317, 0.0015579938190057874, 0.0013560652732849121]",True,True
b0271,data/raw/imagenette2-320/val/n03394916/ILSVRC2012_val_00011691.JPEG,566,875,trombone,0.16882383823394775,"[875, 776, 513, 818, 650]","[""trombone"", ""sax"", ""cornet"", ""spotlight"", ""microphone""]","[0.16882383823394775, 0.16211090981960297, 0.1557556539773941, 0.0430726632475853, 0.03407852724194527]",False,False
b0272,data/raw/imagenette2-320/val/n03394916/n03394916_43381.JPEG,566,566,French_horn,0.8608254790306091,"[566, 513, 875, 776, 432]","[""French_horn"", ""cornet"", ""trombone"", ""sax"", ""bassoon""]","[0.8608254790306091, 0.0101712541654706, 0.0036573600955307484, 0.001763883512467146, 0.0010672890348359942]",True,True
b0273,data/raw/imagenette2-320/val/n03394916/n03394916_38340.JPEG,566,566,French_horn,0.8897478580474854,"[566, 513, 875, 776, 802]","[""French_horn"", ""cornet"", ""trombone"", ""sax"", ""snowmobile""]","[0.8897478580474854, 0.025378108024597168, 0.0019716378301382065, 0.0011700093746185303, 0.0008093646611087024]",True,True
b0274,data/raw/imagenette2-320/val/n03394916/n03394916_33771.JPEG,566,566,French_horn,0.9250096082687378,"[566, 683, 432, 676, 513]","[""French_horn"", ""oboe"", ""bassoon"", ""muzzle"", ""cornet""]","[0.9250096082687378, 0.0019965062383562326, 0.0017446900019422174, 0.0013808171497657895, 0.001360412104986608]",True,True
b0275,data/raw/imagenette2-320/val/n03394916/n03394916_26260.JPEG,566,566,French_horn,0.8504155874252319,"[566, 513, 875, 776, 683]","[""French_horn"", ""cornet"", ""trombone"", ""sax"", ""oboe""]","[0.8504155874252319, 0.021208465099334717, 0.006261054892092943, 0.0021890033967792988, 0.0018263878300786018]",True,True
b0276,data/raw/imagenette2-320/val/n03394916/n03394916_33462.JPEG,566,566,French_horn,0.7932500839233398,"[566, 513, 875, 683, 560]","[""French_horn"", ""cornet"", ""trombone"", ""oboe"", ""football_helmet""]","[0.7932500839233398, 0.042101696133613586, 0.0129286153241992, 0.003227582899853587, 0.002126833191141486]",True,True
b0277,data/raw/imagenette2-320/val/n03394916/n03394916_59361.JPEG,566,566,French_horn,0.934165894985199,"[566, 513, 875, 24, 284]","[""French_horn"", ""cornet"", ""trombone"", ""great_grey_owl"", ""Siamese_cat""]","[0.934165894985199, 0.015645690262317657, 0.0018130610696971416, 0.0008600982837378979, 0.0004123440885450691]",True,True
b0278,data/raw/imagenette2-320/val/n03394916/ILSVRC2012_val_00037592.JPEG,566,566,French_horn,0.8385664820671082,"[566, 513, 776, 875, 683]","[""French_horn"", ""cornet"", ""sax"", ""trombone"", ""oboe""]","[0.8385664820671082, 0.020760290324687958, 0.005087719764560461, 0.0044590625911951065, 0.0012036387342959642]",True,True
b0279,data/raw/imagenette2-320/val/n03394916/n03394916_30222.JPEG,566,566,French_horn,0.3312525749206543,"[566, 683, 513, 432, 558]","[""French_horn"", ""oboe"", ""cornet"", ""bassoon"", ""flute""]","[0.3312525749206543, 0.3028687834739685, 0.1900440901517868, 0.03403801843523979, 0.02031416818499565]",True,True
b0280,data/raw/imagenette2-320/val/n03394916/n03394916_35740.JPEG,566,566,French_horn,0.925316572189331,"[566, 513, 683, 878, 875]","[""French_horn"", ""cornet"", ""oboe"", ""typewriter_keyboard"", ""trombone""]","[0.925316572189331, 0.008535100147128105, 0.0028968004044145346, 0.0026018708012998104, 0.0012059584259986877]",True,True
b0281,data/raw/imagenette2-320/val/n03394916/n03394916_38221.JPEG,566,566,French_horn,0.7782491445541382,"[566, 875, 513, 432, 683]","[""French_horn"", ""trombone"", ""cornet"", ""bassoon"", ""oboe""]","[0.7782491445541382, 0.013752930797636509, 0.010120230726897717, 0.004276658874005079, 0.0036657608579844236]",True,True
b0282,data/raw/imagenette2-320/val/n03394916/n03394916_4301.JPEG,566,566,French_horn,0.9435893297195435,"[566, 513, 875, 432, 683]","[""French_horn"", ""cornet"", ""trombone"", ""bassoon"", ""oboe""]","[0.9435893297195435, 0.0034387074410915375, 0.0030715882312506437, 0.002265613293275237, 0.002164865843951702]",True,True
b0283,data/raw/imagenette2-320/val/n03394916/n03394916_17100.JPEG,566,566,French_horn,0.8142012357711792,"[566, 513, 714, 875, 432]","[""French_horn"", ""cornet"", ""pick"", ""trombone"", ""bassoon""]","[0.8142012357711792, 0.013000553473830223, 0.0024746698327362537, 0.0023868016432970762, 0.0017343759536743164]",True,True
b0284,data/raw/imagenette2-320/val/n03394916/n03394916_60232.JPEG,566,566,French_horn,0.94206303358078,"[566, 513, 875, 776, 494]","[""French_horn"", ""cornet"", ""trombone"", ""sax"", ""chime""]","[0.94206303358078, 0.0440974086523056, 0.007318038027733564, 0.0006562822381965816, 7.075306348269805e-05]",True,True
b0285,data/raw/imagenette2-320/val/n03394916/n03394916_59430.JPEG,566,566,French_horn,0.6647534966468811,"[566, 513, 875, 663, 776]","[""French_horn"", ""cornet"", ""trombone"", ""monastery"", ""sax""]","[0.6647534966468811, 0.13354183733463287, 0.014551835134625435, 0.011358060874044895, 0.00814521498978138]",True,True
b0286,data/raw/imagenette2-320/val/n03394916/n03394916_30162.JPEG,566,566,French_horn,0.8052682876586914,"[566, 513, 875, 432, 776]","[""French_horn"", ""cornet"", ""trombone"", ""bassoon"", ""sax""]","[0.8052682876586914, 0.05669155344367027, 0.005885178688913584, 0.0017336285673081875, 0.0016176417702808976]",True,True
b0287,data/raw/imagenette2-320/val/n03394916/n03394916_29722.JPEG,566,566,French_horn,0.6182153820991516,"[566, 875, 513, 432, 776]","[""French_horn"", ""trombone"", ""cornet"", ""bassoon"", ""sax""]","[0.6182153820991516, 0.11576879024505615, 0.05360478535294533, 0.04352644458413124, 0.012173057533800602]",True,True
b0288,data/raw/imagenette2-320/val/n03394916/n03394916_11571.JPEG,566,566,French_horn,0.5474738478660583,"[566, 513, 647, 589, 464]","[""French_horn"", ""cornet"", ""measuring_cup"", ""hand_blower"", ""buckle""]","[0.5474738478660583, 0.10524889081716537, 0.013274325989186764, 0.012536660768091679, 0.011010671965777874]",True,True
b0289,data/raw/imagenette2-320/val/n03394916/n03394916_36532.JPEG,566,566,French_horn,0.9641333222389221,"[566, 878, 687, 683, 477]","[""French_horn"", ""typewriter_keyboard"", ""organ"", ""oboe"", ""carpenter's_kit""]","[0.9641333222389221, 0.004532563034445047, 0.0024230219423770905, 0.0019032051786780357, 0.0018867346225306392]",True,True
b0290,data/raw/imagenette2-320/val/n03394916/n03394916_37261.JPEG,566,566,French_horn,0.9332635998725891,"[566, 513, 875, 683, 432]","[""French_horn"", ""cornet"", ""trombone"", ""oboe"", ""bassoon""]","[0.9332635998725891, 0.019751783460378647, 0.013285738416016102, 0.007835633121430874, 0.004471015650779009]",True,True
b0291,data/raw/imagenette2-320/val/n03394916/n03394916_36420.JPEG,566,875,trombone,0.44033533334732056,"[875, 566, 513, 776, 788]","[""trombone"", ""French_horn"", ""cornet"", ""sax"", ""shoe_shop""]","[0.44033533334732056, 0.2609420418739319, 0.09605652093887329, 0.027941090986132622, 0.001484200358390808]",False,True
b0292,data/raw/imagenette2-320/val/n03394916/n03394916_30671.JPEG,566,875,trombone,0.5349891781806946,"[875, 566, 513, 776, 807]","[""trombone"", ""French_horn"", ""cornet"", ""sax"", ""solar_dish""]","[0.5349891781806946, 0.233683779835701, 0.16553083062171936, 0.014480463229119778, 0.0007019693148322403]",False,True
b0293,data/raw/imagenette2-320/val/n03394916/n03394916_24532.JPEG,566,566,French_horn,0.9545764923095703,"[566, 513, 875, 618, 776]","[""French_horn"", ""cornet"", ""trombone"", ""ladle"", ""sax""]","[0.9545764923095703, 0.002328296424821019, 0.0012664954410865903, 0.0005984172457829118, 0.0004367917135823518]",True,True
b0294,data/raw/imagenette2-320/val/n03394916/n03394916_59452.JPEG,566,566,French_horn,0.5821706652641296,"[566, 513, 776, 875, 683]","[""French_horn"", ""cornet"", ""sax"", ""trombone"", ""oboe""]","[0.5821706652641296, 0.24799785017967224, 0.009943081066012383, 0.005955832544714212, 0.004732255358248949]",True,True
b0295,data/raw/imagenette2-320/val/n03394916/n03394916_9451.JPEG,566,566,French_horn,0.9372377991676331,"[566, 513, 875, 746, 683]","[""French_horn"", ""cornet"", ""trombone"", ""puck"", ""oboe""]","[0.9372377991676331, 0.0035556659568101168, 0.001379879773594439, 0.0010592680191621184, 0.0009212379227392375]",True,True
b0296,data/raw/imagenette2-320/val/n03394916/n03394916_43422.JPEG,566,566,French_horn,0.9380588531494141,"[566, 875, 513, 439, 432]","[""French_horn"", ""trombone"", ""cornet"", ""bearskin"", ""bassoon""]","[0.9380588531494141, 0.004396041389554739, 0.003813020186498761, 0.0005557721015065908, 0.0003802164283115417]",True,True
b0297,data/raw/imagenette2-320/val/n03394916/ILSVRC2012_val_00004301.JPEG,566,566,French_horn,0.9100803136825562,"[566, 513, 875, 683, 776]","[""French_horn"", ""cornet"", ""trombone"", ""oboe"", ""sax""]","[0.9100803136825562, 0.004794485401362181, 0.0032414773013442755, 0.002111107809469104, 0.0018815139774233103]",True,True
b0298,data/raw/imagenette2-320/val/n03394916/n03394916_23071.JPEG,566,566,French_horn,0.8083409070968628,"[566, 513, 875, 683, 432]","[""French_horn"", ""cornet"", ""trombone"", ""oboe"", ""bassoon""]","[0.8083409070968628, 0.01059186551719904, 0.009102260693907738, 0.003843932878226042, 0.002947965171188116]",True,True
b0299,data/raw/imagenette2-320/val/n03394916/n03394916_31871.JPEG,566,566,French_horn,0.3737266957759857,"[566, 513, 875, 776, 683]","[""French_horn"", ""cornet"", ""trombone"", ""sax"", ""oboe""]","[0.3737266957759857, 0.2229112833738327, 0.1357123702764511, 0.04795227572321892, 0.03956613317131996]",True,True
b0300,data/raw/imagenette2-320/val/n03417042/n03417042_28702.JPEG,569,569,garbage_truck,0.9230325818061829,"[569, 867, 864, 675, 856]","[""garbage_truck"", ""trailer_truck"", ""tow_truck"", ""moving_van"", ""thresher""]","[0.9230325818061829, 0.009255257435142994, 0.003319137031212449, 0.0027763070538640022, 0.001893489039503038]",True,True
b0301,data/raw/imagenette2-320/val/n03417042/n03417042_90.JPEG,569,569,garbage_truck,0.9880405068397522,"[569, 867, 864, 517, 675]","[""garbage_truck"", ""trailer_truck"", ""tow_truck"", ""crane"", ""moving_van""]","[0.9880405068397522, 0.002032138407230377, 0.0006586622912436724, 0.0005124302115291357, 0.0003476085257716477]",True,True
b0302,data/raw/imagenette2-320/val/n03417042/n03417042_130.JPEG,569,569,garbage_truck,0.32494086027145386,"[569, 733, 867, 557, 660]","[""garbage_truck"", ""pole"", ""trailer_truck"", ""flagpole"", ""mobile_home""]","[0.32494086027145386, 0.10542859137058258, 0.06802696734666824, 0.05085933953523636, 0.050745412707328796]",True,True
b0303,data/raw/imagenette2-320/val/n03417042/n03417042_9240.JPEG,569,569,garbage_truck,0.18855232000350952,"[569, 867, 595, 856, 864]","[""garbage_truck"", ""trailer_truck"", ""harvester"", ""thresher"", ""tow_truck""]","[0.18855232000350952, 0.15247604250907898, 0.10014963895082474, 0.09441354870796204, 0.08005387336015701]",True,True
b0304,data/raw/imagenette2-320/val/n03417042/n03417042_5631.JPEG,569,569,garbage_truck,0.8860976099967957,"[569, 595, 867, 856, 864]","[""garbage_truck"", ""harvester"", ""trailer_truck"", ""thresher"", ""tow_truck""]","[0.8860976099967957, 0.01129311602562666, 0.005893929395824671, 0.005431353114545345, 0.004876349121332169]",True,True
b0305,data/raw/imagenette2-320/val/n03417042/n03417042_7521.JPEG,569,569,garbage_truck,0.9245455265045166,"[569, 675, 867, 517, 864]","[""garbage_truck"", ""moving_van"", ""trailer_truck"", ""crane"", ""tow_truck""]","[0.9245455265045166, 0.01163050439208746, 0.008499751798808575, 0.005549741443246603, 0.0027974718250334263]",True,True
b0306,data/raw/imagenette2-320/val/n03417042/n03417042_10121.JPEG,569,569,garbage_truck,0.9629786610603333,"[569, 675, 867, 517, 734]","[""garbage_truck"", ""moving_van"", ""trailer_truck"", ""crane"", ""police_van""]","[0.9629786610603333, 0.00252140942029655, 0.0014244848862290382, 0.0009999293833971024, 0.0009041788289323449]",True,True
b0307,data/raw/imagenette2-320/val/n03417042/n03417042_9021.JPEG,569,569,garbage_truck,0.8886609077453613,"[569, 675, 867, 864, 407]","[""garbage_truck"", ""moving_van"", ""trailer_truck"", ""tow_truck"", ""ambulance""]","[0.8886609077453613, 0.022143734619021416, 0.017052698880434036, 0.014041080139577389, 0.0036021361593157053]",True,True
b0308,data/raw/imagenette2-320/val/n03417042/n03417042_12711.JPEG,569,569,garbage_truck,0.7021269798278809,"[569, 867, 675, 517, 856]","[""garbage_truck"", ""trailer_truck"", ""moving_van"", ""crane"", ""thresher""]","[0.7021269798278809, 0.11408352851867676, 0.05936993658542633, 0.01001748163253069, 0.007812805473804474]",True,True
b0309,data/raw/imagenette2-320/val/n03417042/n03417042_4462.JPEG,569,586,half_track,0.4358951151371002,"[586, 744, 847, 569, 657]","[""half_track"", ""projectile"", ""tank"", ""garbage_truck"", ""missile""]","[0.4358951151371002, 0.072620689868927, 0.06431028246879578, 0.04085642099380493, 0.04017088562250137]",False,True
b0310,data/raw/imagenette2-320/val/n03417042/n03417042_3862.JPEG,569,569,garbage_truck,0.13083530962467194,"[569, 660, 675, 829, 634]","[""garbage_truck"", ""mobile_home"", ""moving_van"", ""streetcar"", ""lumbermill""]","[0.13083530962467194, 0.10771233588457108, 0.07868799567222595, 0.06019112467765808, 0.04287554696202278]",True,True
b0311,data/raw/imagenette2-320/val/n03417042/n03417042_12601.JPEG,569,569,garbage_truck,0.8682560324668884,"[569, 867, 595, 675, 856]","[""garbage_truck"", ""trailer_truck"", ""harvester"", ""moving_van"", ""thresher""]","[0.8682560324668884, 0.013077076524496078, 0.008043314330279827, 0.007820360362529755, 0.005647201091051102]",True,True
b0312,data/raw/imagenette2-320/val/n03417042/n03417042_9480.JPEG,569,569,garbage_truck,0.9270159602165222,"[569, 675, 517, 867, 803]","[""garbage_truck"", ""moving_van"", ""crane"", ""trailer_truck"", ""snowplow""]","[0.9270159602165222, 0.00940719060599804, 0.00694696931168437, 0.00573000917211175, 0.003410323755815625]",True,True
b0313,data/raw/imagenette2-320/val/n03417042/ILSVRC2012_val_00008430.JPEG,569,569,garbage_truck,0.8041372895240784,"[569, 675, 867, 555, 864]","[""garbage_truck"", ""moving_van"", ""trailer_truck"", ""fire_engine"", ""tow_truck""]","[0.8041372895240784, 0.13850753009319305, 0.01648295857012272, 0.0035944569390267134, 0.0017791943391785026]",True,True
b0314,data/raw/imagenette2-320/val/n03417042/n03417042_7061.JPEG,569,569,garbage_truck,0.3335418403148651,"[569, 654, 864, 867, 675]","[""garbage_truck"", ""minibus"", ""tow_truck"", ""trailer_truck"", ""moving_van""]","[0.3335418403148651, 0.22301258146762848, 0.141191765666008, 0.06005508452653885, 0.029825549572706223]",True,True
b0315,data/raw/imagenette2-320/val/n03417042/n03417042_1790.JPEG,569,569,garbage_truck,0.9500582814216614,"[569, 675, 867, 856, 561]","[""garbage_truck"", ""moving_van"", ""trailer_truck"", ""thresher"", ""forklift""]","[0.9500582814216614, 0.007549910340458155, 0.003849581815302372, 0.0004941570805385709, 0.0004712946538347751]",True,True
b0316,data/raw/imagenette2-320/val/n03417042/n03417042_23802.JPEG,569,569,garbage_truck,0.9830495715141296,"[569, 856, 866, 595, 867]","[""garbage_truck"", ""thresher"", ""tractor"", ""harvester"", ""trailer_truck""]","[0.9830495715141296, 0.0028716237284243107, 0.0010020154295489192, 0.000934707757551223, 0.0005371586885303259]",True,True
b0317,data/raw/imagenette2-320/val/n03417042/n03417042_2231.JPEG,569,569,garbage_truck,0.773758053779602,"[569, 675, 867, 517, 864]","[""garbage_truck"", ""moving_van"", ""trailer_truck"", ""crane"", ""tow_truck""]","[0.773758053779602, 0.10909852385520935, 0.055746182799339294, 0.004530929494649172, 0.002298003528267145]",True,True
b0318,data/raw/imagenette2-320/val/n03417042/n03417042_20382.JPEG,569,569,garbage_truck,0.8527011871337891,"[569, 867, 856, 864, 675]","[""garbage_truck"", ""trailer_truck"", ""thresher"", ""tow_truck"", ""moving_van""]","[0.8527011871337891, 0.032101429998874664, 0.006877665873616934, 0.004567170049995184, 0.003926715813577175]",True,True
b0319,data/raw/imagenette2-320/val/n03417042/n03417042_1211.JPEG,569,569,garbage_truck,0.6039432287216187,"[569, 675, 867, 517, 864]","[""garbage_truck"", ""moving_van"", ""trailer_truck"", ""crane"", ""tow_truck""]","[0.6039432287216187, 0.1833631843328476, 0.10133857280015945, 0.009458119049668312, 0.006701046600937843]",True,True
b0320,data/raw/imagenette2-320/val/n03417042/n03417042_10442.JPEG,569,569,garbage_truck,0.6381944417953491,"[569, 867, 864, 555, 675]","[""garbage_truck"", ""trailer_truck"", ""tow_truck"", ""fire_engine"", ""moving_van""]","[0.6381944417953491, 0.10888694226741791, 0.04167694225907326, 0.021218176931142807, 0.016932470723986626]",True,True
b0321,data/raw/imagenette2-320/val/n03417042/n03417042_27982.JPEG,569,569,garbage_truck,0.9119470715522766,"[569, 874, 555, 864, 867]","[""garbage_truck"", ""trolleybus"", ""fire_engine"", ""tow_truck"", ""trailer_truck""]","[0.9119470715522766, 0.0096568139269948, 0.006680863909423351, 0.006525395438075066, 0.006502519361674786]",True,True
b0322,data/raw/imagenette2-320/val/n03417042/n03417042_9052.JPEG,569,569,garbage_truck,0.45560991764068604,"[569, 867, 864, 675, 517]","[""garbage_truck"", ""trailer_truck"", ""tow_truck"", ""moving_van"", ""crane""]","[0.45560991764068604, 0.1936967968940735, 0.19188258051872253, 0.028904274106025696, 0.026316624134778976]",True,True
b0323,data/raw/imagenette2-320/val/n03417042/n03417042_18042.JPEG,569,569,garbage_truck,0.9306789040565491,"[569, 856, 595, 675, 864]","[""garbage_truck"", ""thresher"", ""harvester"", ""moving_van"", ""tow_truck""]","[0.9306789040565491, 0.00867823138833046, 0.008231489919126034, 0.002549375407397747, 0.001874542678706348]",True,True
b0324,data/raw/imagenette2-320/val/n03417042/n03417042_9601.JPEG,569,569,garbage_truck,0.9797250628471375,"[569, 867, 864, 675, 517]","[""garbage_truck"", ""trailer_truck"", ""tow_truck"", ""moving_van"", ""crane""]","[0.9797250628471375, 0.004441885277628899, 0.003287950064986944, 0.003150417236611247, 0.001066411379724741]",True,True
b0325,data/raw/imagenette2-320/val/n03417042/n03417042_22532.JPEG,569,569,garbage_truck,0.8441254496574402,"[569, 517, 864, 856, 867]","[""garbage_truck"", ""crane"", ""tow_truck"", ""thresher"", ""trailer_truck""]","[0.8441254496574402, 0.03769401088356972, 0.028784755617380142, 0.004219918977469206, 0.0030385309364646673]",True,True
b0326,data/raw/imagenette2-320/val/n03417042/n03417042_2812.JPEG,569,569,garbage_truck,0.6249348521232605,"[569, 480, 856, 595, 800]","[""garbage_truck"", ""cash_machine"", ""thresher"", ""harvester"", ""slot""]","[0.6249348521232605, 0.04220021888613701, 0.0176191795617342, 0.013244552537798882, 0.01132167037576437]",True,True
b0327,data/raw/imagenette2-320/val/n03417042/n03417042_28062.JPEG,569,569,garbage_truck,0.9242748618125916,"[569, 867, 517, 675, 864]","[""garbage_truck"", ""trailer_truck"", ""crane"", ""moving_van"", ""tow_truck""]","[0.9242748618125916, 0.017728500068187714, 0.003113413229584694, 0.00205051782540977, 0.002026438247412443]",True,True
b0328,data/raw/imagenette2-320/val/n03417042/ILSVRC2012_val_00022172.JPEG,569,569,garbage_truck,0.9844396114349365,"[569, 867, 675, 803, 864]","[""garbage_truck"", ""trailer_truck"", ""moving_van"", ""snowplow"", ""tow_truck""]","[0.9844396114349365, 0.002738767769187689, 0.0006116002332419157, 0.0003567715466488153, 0.0003092898987233639]",True,True
b0329,data/raw/imagenette2-320/val/n03417042/n03417042_11611.JPEG,569,569,garbage_truck,0.6700907945632935,"[569, 675, 867, 517, 803]","[""garbage_truck"", ""moving_van"", ""trailer_truck"", ""crane"", ""snowplow""]","[0.6700907945632935, 0.07646067440509796, 0.05431707575917244, 0.001808868139050901, 0.0017629043431952596]",True,True
b0330,data/raw/imagenette2-320/val/n03417042/n03417042_16370.JPEG,569,569,garbage_truck,0.961787223815918,"[569, 675, 867, 408, 856]","[""garbage_truck"", ""moving_van"", ""trailer_truck"", ""amphibian"", ""thresher""]","[0.961787223815918, 0.005355408415198326, 0.002039598533883691, 0.0020339754410088062, 0.00111177540384233]",True,True
b0331,data/raw/imagenette2-320/val/n03417042/n03417042_4560.JPEG,569,569,garbage_truck,0.6648783087730408,"[569, 864, 803, 517, 866]","[""garbage_truck"", ""tow_truck"", ""snowplow"", ""crane"", ""tractor""]","[0.6648783087730408, 0.23672129213809967, 0.01860649697482586, 0.017722344025969505, 0.006678215693682432]",True,True
b0332,data/raw/imagenette2-320/val/n03417042/n03417042_1770.JPEG,569,569,garbage_truck,0.3240332007408142,"[569, 690, 603, 856, 345]","[""garbage_truck"", ""oxcart"", ""horse_cart"", ""thresher"", ""ox""]","[0.3240332007408142, 0.3146996796131134, 0.2433525174856186, 0.01524205133318901, 0.006963258609175682]",True,True
b0333,data/raw/imagenette2-320/val/n03417042/n03417042_6442.JPEG,569,569,garbage_truck,0.46303096413612366,"[569, 675, 654, 864, 803]","[""garbage_truck"", ""moving_van"", ""minibus"", ""tow_truck"", ""snowplow""]","[0.46303096413612366, 0.0626813992857933, 0.041259244084358215, 0.030359938740730286, 0.022205179557204247]",True,True
b0334,data/raw/imagenette2-320/val/n03417042/n03417042_18582.JPEG,569,569,garbage_truck,0.910380482673645,"[569, 675, 867, 517, 803]","[""garbage_truck"", ""moving_van"", ""trailer_truck"", ""crane"", ""snowplow""]","[0.910380482673645, 0.028740564361214638, 0.01878068409860134, 0.003265244420617819, 0.0015929632354527712]",True,True
b0335,data/raw/imagenette2-320/val/n03417042/n03417042_7021.JPEG,569,569,garbage_truck,0.9613756537437439,"[569, 864, 595, 609, 407]","[""garbage_truck"", ""tow_truck"", ""harvester"", ""jeep"", ""ambulance""]","[0.9613756537437439, 0.0036597494035959244, 0.0023832814767956734, 0.0016419417224824429, 0.0016215122304856777]",True,True
b0336,data/raw/imagenette2-320/val/n03417042/ILSVRC2012_val_00024560.JPEG,569,569,garbage_truck,0.7890682220458984,"[569, 867, 675, 856, 864]","[""garbage_truck"", ""trailer_truck"", ""moving_van"", ""thresher"", ""tow_truck""]","[0.7890682220458984, 0.10436974465847015, 0.00769808329641819, 0.0035320944152772427, 0.0033660465851426125]",True,True
b0337,data/raw/imagenette2-320/val/n03417042/n03417042_4491.JPEG,569,569,garbage_truck,0.7050520777702332,"[569, 762, 675, 582, 498]","[""garbage_truck"", ""restaurant"", ""moving_van"", ""grocery_store"", ""cinema""]","[0.7050520777702332, 0.022863978520035744, 0.020933328196406364, 0.017611254006624222, 0.014178645797073841]",True,True
b0338,data/raw/imagenette2-320/val/n03417042/n03417042_9311.JPEG,569,569,garbage_truck,0.944200873374939,"[569, 675, 867, 864, 757]","[""garbage_truck"", ""moving_van"", ""trailer_truck"", ""tow_truck"", ""recreational_vehicle""]","[0.944200873374939, 0.009215045720338821, 0.004334978759288788, 0.002441254211589694, 0.0014397844206541777]",True,True
b0339,data/raw/imagenette2-320/val/n03417042/n03417042_6602.JPEG,569,569,garbage_truck,0.9537668228149414,"[569, 864, 561, 856, 867]","[""garbage_truck"", ""tow_truck"", ""forklift"", ""thresher"", ""trailer_truck""]","[0.9537668228149414, 0.003478132886812091, 0.0026027874555438757, 0.0019448335515335202, 0.0015861894935369492]",True,True
b0340,data/raw/imagenette2-320/val/n03417042/n03417042_3171.JPEG,569,569,garbage_truck,0.49397358298301697,"[569, 864, 675, 654, 660]","[""garbage_truck"", ""tow_truck"", ""moving_van"", ""minibus"", ""mobile_home""]","[0.49397358298301697, 0.1370975524187088, 0.1337021142244339, 0.048583704978227615, 0.019490936771035194]",True,True
b0341,data/raw/imagenette2-320/val/n03417042/n03417042_10150.JPEG,569,569,garbage_truck,0.9070068597793579,"[569, 675, 867, 856, 517]","[""garbage_truck"", ""moving_van"", ""trailer_truck"", ""thresher"", ""crane""]","[0.9070068597793579, 0.020662525668740273, 0.0067801643162965775, 0.0031600184738636017, 0.001330445520579815]",True,True
b0342,data/raw/imagenette2-320/val/n03417042/n03417042_1311.JPEG,569,569,garbage_truck,0.7386770844459534,"[569, 675, 867, 803, 705]","[""garbage_truck"", ""moving_van"", ""trailer_truck"", ""snowplow"", ""passenger_car""]","[0.7386770844459534, 0.13986974954605103, 0.020244652405381203, 0.009768676944077015, 0.006905157584697008]",True,True
b0343,data/raw/imagenette2-320/val/n03417042/n03417042_8700.JPEG,569,569,garbage_truck,0.9686697125434875,"[569, 864, 675, 867, 874]","[""garbage_truck"", ""tow_truck"", ""moving_van"", ""trailer_truck"", ""trolleybus""]","[0.9686697125434875, 0.007199681363999844, 0.0037917355075478554, 0.0037241263780742884, 0.001815346535295248]",True,True
b0344,data/raw/imagenette2-320/val/n03417042/n03417042_20021.JPEG,569,569,garbage_truck,0.9619868397712708,"[569, 867, 675, 864, 517]","[""garbage_truck"", ""trailer_truck"", ""moving_van"", ""tow_truck"", ""crane""]","[0.9619868397712708, 0.00978696160018444, 0.0027395114302635193, 0.002073791343718767, 0.0010675350204110146]",True,True
b0345,data/raw/imagenette2-320/val/n03417042/n03417042_8121.JPEG,569,569,garbage_truck,0.9778767228126526,"[569, 675, 867, 734, 555]","[""garbage_truck"", ""moving_van"", ""trailer_truck"", ""police_van"", ""fire_engine""]","[0.9778767228126526, 0.010424155741930008, 0.0009917359566316009, 0.000694580317940563, 0.0004893883015029132]",True,True
b0346,data/raw/imagenette2-320/val/n03417042/n03417042_30.JPEG,569,569,garbage_truck,0.5471820831298828,"[569, 675, 654, 867, 864]","[""garbage_truck"", ""moving_van"", ""minibus"", ""trailer_truck"", ""tow_truck""]","[0.5471820831298828, 0.21657316386699677, 0.034863099455833435, 0.03141644597053528, 0.01880308799445629]",True,True
b0347,data/raw/imagenette2-320/val/n03417042/n03417042_24980.JPEG,569,569,garbage_truck,0.9565677046775818,"[569, 660, 856, 595, 408]","[""garbage_truck"", ""mobile_home"", ""thresher"", ""harvester"", ""amphibian""]","[0.9565677046775818, 0.005055214278399944, 0.0038382268976420164, 0.0011951657943427563, 0.0011358258780092]",True,True
b0348,data/raw/imagenette2-320/val/n03417042/n03417042_27151.JPEG,569,569,garbage_truck,0.9820229411125183,"[569, 867, 803, 675, 517]","[""garbage_truck"", ""trailer_truck"", ""snowplow"", ""moving_van"", ""crane""]","[0.9820229411125183, 0.00476984865963459, 0.0011818871134892106, 0.0007055487367324531, 0.0006746429135091603]",True,True
b0349,data/raw/imagenette2-320/val/n03417042/ILSVRC2012_val_00028190.JPEG,569,569,garbage_truck,0.966370165348053,"[569, 867, 864, 856, 803]","[""garbage_truck"", ""trailer_truck"", ""tow_truck"", ""thresher"", ""snowplow""]","[0.966370165348053, 0.004815816413611174, 0.002346160588786006, 0.002034155884757638, 0.0016890125116333365]",True,True
b0350,data/raw/imagenette2-320/val/n03425413/n03425413_430.JPEG,571,571,gas_pump,0.831432044506073,"[571, 665, 670, 870, 650]","[""gas_pump"", ""moped"", ""motor_scooter"", ""tricycle"", ""microphone""]","[0.831432044506073, 0.025983180850744247, 0.00992726068943739, 0.009017383679747581, 0.008282561786472797]",True,True
b0351,data/raw/imagenette2-320/val/n03425413/n03425413_8641.JPEG,571,571,gas_pump,0.5905959606170654,"[571, 691, 882, 785, 606]","[""gas_pump"", ""oxygen_mask"", ""vacuum"", ""seat_belt"", ""iron""]","[0.5905959606170654, 0.11699047684669495, 0.06509451568126678, 0.023303909227252007, 0.01018122211098671]",True,True
b0352,data/raw/imagenette2-320/val/n03425413/n03425413_15792.JPEG,571,571,gas_pump,0.941555380821228,"[571, 637, 704, 778, 707]","[""gas_pump"", ""mailbox"", ""parking_meter"", ""scale"", ""pay-phone""]","[0.941555380821228, 0.003638290334492922, 0.0024890508502721786, 0.0017752303974702954, 0.0006109282257966697]",True,True
b0353,data/raw/imagenette2-320/val/n03425413/n03425413_3602.JPEG,571,571,gas_pump,0.32853963971138,"[571, 864, 561, 675, 867]","[""gas_pump"", ""tow_truck"", ""forklift"", ""moving_van"", ""trailer_truck""]","[0.32853963971138, 0.27075430750846863, 0.0784187987446785, 0.06772114336490631, 0.03926914185285568]",True,True
b0354,data/raw/imagenette2-320/val/n03425413/n03425413_27300.JPEG,571,571,gas_pump,0.9329957962036133,"[571, 707, 480, 886, 407]","[""gas_pump"", ""pay-phone"", ""cash_machine"", ""vending_machine"", ""ambulance""]","[0.9329957962036133, 0.016922734677791595, 0.012699635699391365, 0.0035659580025821924, 0.001225115149281919]",True,True
b0355,data/raw/imagenette2-320/val/n03425413/n03425413_15070.JPEG,571,571,gas_pump,0.9821019172668457,"[571, 637, 612, 412, 707]","[""gas_pump"", ""mailbox"", ""jinrikisha"", ""ashcan"", ""pay-phone""]","[0.9821019172668457, 0.0010813159169629216, 0.0010524814715608954, 0.0004687122127506882, 0.00045438786037266254]",True,True
b0356,data/raw/imagenette2-320/val/n03425413/n03425413_7292.JPEG,571,571,gas_pump,0.9359227418899536,"[571, 637, 707, 886, 704]","[""gas_pump"", ""mailbox"", ""pay-phone"", ""vending_machine"", ""parking_meter""]","[0.9359227418899536, 0.00345015712082386, 0.001401641289703548, 0.0012182166101410985, 0.0009217319311574101]",True,True
b0357,data/raw/imagenette2-320/val/n03425413/n03425413_14952.JPEG,571,571,gas_pump,0.9821068644523621,"[571, 800, 886, 844, 637]","[""gas_pump"", ""slot"", ""vending_machine"", ""switch"", ""mailbox""]","[0.9821068644523621, 0.0006153900176286697, 0.0003456551057752222, 0.00034043300547637045, 0.00020229291112627834]",True,True
b0358,data/raw/imagenette2-320/val/n03425413/n03425413_9241.JPEG,571,571,gas_pump,0.8929263949394226,"[571, 800, 707, 688, 886]","[""gas_pump"", ""slot"", ""pay-phone"", ""oscilloscope"", ""vending_machine""]","[0.8929263949394226, 0.0044928863644599915, 0.0028487062081694603, 0.002815551357343793, 0.002545983297750354]",True,True
b0359,data/raw/imagenette2-320/val/n03425413/n03425413_10022.JPEG,571,571,gas_pump,0.6771376132965088,"[571, 637, 480, 704, 886]","[""gas_pump"", ""mailbox"", ""cash_machine"", ""parking_meter"", ""vending_machine""]","[0.6771376132965088, 0.027269940823316574, 0.015205592848360538, 0.014729812741279602, 0.009425110183656216]",True,True
b0360,data/raw/imagenette2-320/val/n03425413/ILSVRC2012_val_00009821.JPEG,571,571,gas_pump,0.9088242650032043,"[571, 800, 707, 886, 688]","[""gas_pump"", ""slot"", ""pay-phone"", ""vending_machine"", ""oscilloscope""]","[0.9088242650032043, 0.0026993858627974987, 0.002031633397564292, 0.001013637986034155, 0.0009979200549423695]",True,True
b0361,data/raw/imagenette2-320/val/n03425413/n03425413_21592.JPEG,571,571,gas_pump,0.9313364624977112,"[571, 886, 800, 498, 648]","[""gas_pump"", ""vending_machine"", ""slot"", ""cinema"", ""medicine_chest""]","[0.9313364624977112, 0.004387549590319395, 0.004187300335615873, 0.003918786533176899, 0.0017018690705299377]",True,True
b0362,data/raw/imagenette2-320/val/n03425413/n03425413_4792.JPEG,571,571,gas_pump,0.9819462895393372,"[571, 704, 778, 886, 637]","[""gas_pump"", ""parking_meter"", ""scale"", ""vending_machine"", ""mailbox""]","[0.9819462895393372, 0.003097321605309844, 0.0006520820898003876, 0.0004922361113131046, 0.0004014805890619755]",True,True
b0363,data/raw/imagenette2-320/val/n03425413/n03425413_13811.JPEG,571,571,gas_pump,0.9754600524902344,"[571, 707, 688, 704, 886]","[""gas_pump"", ""pay-phone"", ""oscilloscope"", ""parking_meter"", ""vending_machine""]","[0.9754600524902344, 0.0030676284804940224, 0.002349222544580698, 0.0014830087311565876, 0.0013759706635028124]",True,True
b0364,data/raw/imagenette2-320/val/n03425413/n03425413_14672.JPEG,571,921,book_jacket,0.4127922058105469,"[921, 458, 901, 571, 919]","[""book_jacket"", ""brass"", ""whiskey_jug"", ""gas_pump"", ""street_sign""]","[0.4127922058105469, 0.1026010662317276, 0.04306663200259209, 0.030242741107940674, 0.024592595174908638]",False,True
b0365,data/raw/imagenette2-320/val/n03425413/n03425413_7730.JPEG,571,571,gas_pump,0.8765002489089966,"[571, 707, 428, 600, 882]","[""gas_pump"", ""pay-phone"", ""barrow"", ""hook"", ""vacuum""]","[0.8765002489089966, 0.08064952492713928, 0.005352545063942671, 0.0025618402287364006, 0.0017057275399565697]",True,True
b0366,data/raw/imagenette2-320/val/n03425413/n03425413_19250.JPEG,571,571,gas_pump,0.9423629641532898,"[571, 637, 707, 886, 800]","[""gas_pump"", ""mailbox"", ""pay-phone"", ""vending_machine"", ""slot""]","[0.9423629641532898, 0.0015755674103274941, 0.0011949529871344566, 0.001130387419834733, 0.0009496348211541772]",True,True
b0367,data/raw/imagenette2-320/val/n03425413/n03425413_13702.JPEG,571,571,gas_pump,0.9748783707618713,"[571, 886, 707, 704, 778]","[""gas_pump"", ""vending_machine"", ""pay-phone"", ""parking_meter"", ""scale""]","[0.9748783707618713, 0.0010741603327915072, 0.0008680720929987729, 0.0008501948323100805, 0.0006554558640345931]",True,True
b0368,data/raw/imagenette2-320/val/n03425413/n03425413_21202.JPEG,571,571,gas_pump,0.2087078094482422,"[571, 707, 477, 800, 784]","[""gas_pump"", ""pay-phone"", ""carpenter's_kit"", ""slot"", ""screwdriver""]","[0.2087078094482422, 0.07366614043712616, 0.045773010700941086, 0.041125427931547165, 0.036007728427648544]",True,True
b0369,data/raw/imagenette2-320/val/n03425413/n03425413_28542.JPEG,571,571,gas_pump,0.9039329290390015,"[571, 707, 800, 886, 480]","[""gas_pump"", ""pay-phone"", ""slot"", ""vending_machine"", ""cash_machine""]","[0.9039329290390015, 0.07355685532093048, 0.002214595675468445, 0.0014373294543474913, 0.0011891779722645879]",True,True
b0370,data/raw/imagenette2-320/val/n03425413/n03425413_32871.JPEG,571,571,gas_pump,0.9751927256584167,"[571, 707, 886, 784, 877]","[""gas_pump"", ""pay-phone"", ""vending_machine"", ""screwdriver"", ""turnstile""]","[0.9751927256584167, 0.013345087878406048, 0.0013364580227062106, 0.0003442252054810524, 0.00033429841278120875]",True,True
b0371,data/raw/imagenette2-320/val/n03425413/n03425413_4661.JPEG,571,571,gas_pump,0.6413676142692566,"[571, 771, 760, 713, 519]","[""gas_pump"", ""safe"", ""refrigerator"", ""photocopier"", ""crate""]","[0.6413676142692566, 0.059910912066698074, 0.03584733232855797, 0.017674846574664116, 0.0118988873437047]",True,True
b0372,data/raw/imagenette2-320/val/n03425413/n03425413_10410.JPEG,571,571,gas_pump,0.8899255990982056,"[571, 707, 886, 844, 771]","[""gas_pump"", ""pay-phone"", ""vending_machine"", ""switch"", ""safe""]","[0.8899255990982056, 0.02759453095495701, 0.010149617679417133, 0.004715315531939268, 0.004394690040498972]",True,True
b0373,data/raw/imagenette2-320/val/n03425413/n03425413_20301.JPEG,571,583,guillotine,0.5452147126197815,"[583, 571, 428, 634, 950]","[""guillotine"", ""gas_pump"", ""barrow"", ""lumbermill"", ""orange""]","[0.5452147126197815, 0.14776474237442017, 0.07913573086261749, 0.022149214521050453, 0.01981738582253456]",False,True
b0374,data/raw/imagenette2-320/val/n03425413/n03425413_10621.JPEG,571,571,gas_pump,0.9926581978797913,"[571, 844, 707, 800, 528]","[""gas_pump"", ""switch"", ""pay-phone"", ""slot"", ""dial_telephone""]","[0.9926581978797913, 0.00054086436284706, 0.0003283433325123042, 0.0002033845812547952, 0.0001408103998983279]",True,True
b0375,data/raw/imagenette2-320/val/n03425413/n03425413_13200.JPEG,571,571,gas_pump,0.9453182816505432,"[571, 637, 707, 760, 717]","[""gas_pump"", ""mailbox"", ""pay-phone"", ""refrigerator"", ""pickup""]","[0.9453182816505432, 0.001443070825189352, 0.0008996792603284121, 0.0006972271366976202, 0.0006429763743653893]",True,True
b0376,data/raw/imagenette2-320/val/n03425413/n03425413_12722.JPEG,571,571,gas_pump,0.9918236136436462,"[571, 637, 707, 760, 412]","[""gas_pump"", ""mailbox"", ""pay-phone"", ""refrigerator"", ""ashcan""]","[0.9918236136436462, 0.001442532753571868, 0.0009263305109925568, 0.0002874625788535923, 0.0002206445496995002]",True,True
b0377,data/raw/imagenette2-320/val/n03425413/n03425413_16661.JPEG,571,571,gas_pump,0.6859695911407471,"[571, 561, 634, 427, 756]","[""gas_pump"", ""forklift"", ""lumbermill"", ""barrel"", ""rain_barrel""]","[0.6859695911407471, 0.17515668272972107, 0.021665681153535843, 0.01033464353531599, 0.007957641035318375]",True,True
b0378,data/raw/imagenette2-320/val/n03425413/n03425413_15332.JPEG,571,571,gas_pump,0.9327055215835571,"[571, 535, 707, 695, 771]","[""gas_pump"", ""disk_brake"", ""pay-phone"", ""padlock"", ""safe""]","[0.9327055215835571, 0.007266792934387922, 0.0034850812517106533, 0.0024983820039778948, 0.002398403361439705]",True,True
b0379,data/raw/imagenette2-320/val/n03425413/n03425413_21211.JPEG,571,571,gas_pump,0.25058963894844055,"[571, 654, 860, 864, 634]","[""gas_pump"", ""minibus"", ""tobacco_shop"", ""tow_truck"", ""lumbermill""]","[0.25058963894844055, 0.09574145823717117, 0.08715791255235672, 0.0747162327170372, 0.03346400707960129]",True,True
b0380,data/raw/imagenette2-320/val/n03425413/n03425413_15131.JPEG,571,571,gas_pump,0.5603814721107483,"[571, 449, 425, 660, 853]","[""gas_pump"", ""boathouse"", ""barn"", ""mobile_home"", ""thatch""]","[0.5603814721107483, 0.08096764981746674, 0.059944018721580505, 0.0346171073615551, 0.011340503580868244]",True,True
b0381,data/raw/imagenette2-320/val/n03425413/n03425413_13170.JPEG,571,571,gas_pump,0.32988154888153076,"[571, 498, 707, 919, 874]","[""gas_pump"", ""cinema"", ""pay-phone"", ""street_sign"", ""trolleybus""]","[0.32988154888153076, 0.07967477291822433, 0.07243140041828156, 0.046728286892175674, 0.03451576083898544]",True,True
b0382,data/raw/imagenette2-320/val/n03425413/n03425413_70.JPEG,571,571,gas_pump,0.9826631546020508,"[571, 919, 422, 778, 764]","[""gas_pump"", ""street_sign"", ""barbell"", ""scale"", ""rifle""]","[0.9826631546020508, 0.0015507264761254191, 0.0011394937755540013, 0.0009349188767373562, 0.0006338777602650225]",True,True
b0383,data/raw/imagenette2-320/val/n03425413/ILSVRC2012_val_00000732.JPEG,571,571,gas_pump,0.6888303756713867,"[571, 480, 886, 553, 707]","[""gas_pump"", ""cash_machine"", ""vending_machine"", ""file"", ""pay-phone""]","[0.6888303756713867, 0.24335098266601562, 0.013198968023061752, 0.0017051608301699162, 0.0015802949201315641]",True,True
b0384,data/raw/imagenette2-320/val/n03425413/n03425413_6540.JPEG,571,571,gas_pump,0.9702962636947632,"[571, 637, 707, 778, 886]","[""gas_pump"", ""mailbox"", ""pay-phone"", ""scale"", ""vending_machine""]","[0.9702962636947632, 0.001518003991805017, 0.0010601727990433574, 0.0005183227476663888, 0.0004966042470186949]",True,True
b0385,data/raw/imagenette2-320/val/n03425413/n03425413_16712.JPEG,571,571,gas_pump,0.389005571603775,"[571, 535, 670, 686, 665]","[""gas_pump"", ""disk_brake"", ""motor_scooter"", ""oil_filter"", ""moped""]","[0.389005571603775, 0.25391897559165955, 0.14480096101760864, 0.07001252472400665, 0.03142896294593811]",True,True
b0386,data/raw/imagenette2-320/val/n03425413/n03425413_1610.JPEG,571,571,gas_pump,0.9941835999488831,"[571, 707, 886, 480, 877]","[""gas_pump"", ""pay-phone"", ""vending_machine"", ""cash_machine"", ""turnstile""]","[0.9941835999488831, 0.0006253524916246533, 0.00024524563923478127, 0.00014890938473399729, 0.00014408750575967133]",True,True
b0387,data/raw/imagenette2-320/val/n03425413/n03425413_8670.JPEG,571,571,gas_pump,0.7082436680793762,"[571, 707, 674, 583, 482]","[""gas_pump"", ""pay-phone"", ""mousetrap"", ""guillotine"", ""cassette_player""]","[0.7082436680793762, 0.06475020200014114, 0.017219211906194687, 0.01217964943498373, 0.01208451483398676]",True,True
b0388,data/raw/imagenette2-320/val/n03425413/n03425413_12711.JPEG,571,571,gas_pump,0.598089873790741,"[571, 637, 778, 412, 863]","[""gas_pump"", ""mailbox"", ""scale"", ""ashcan"", ""totem_pole""]","[0.598089873790741, 0.046599652618169785, 0.017949353903532028, 0.012472760863602161, 0.012150997295975685]",True,True
b0389,data/raw/imagenette2-320/val/n03425413/n03425413_1911.JPEG,571,571,gas_pump,0.9977940320968628,"[571, 778, 800, 886, 707]","[""gas_pump"", ""scale"", ""slot"", ""vending_machine"", ""pay-phone""]","[0.9977940320968628, 0.00010427393135614693, 8.408167195739225e-05, 4.2398478399263695e-05, 3.942828698200174e-05]",True,True
b0390,data/raw/imagenette2-320/val/n03425413/n03425413_8302.JPEG,571,571,gas_pump,0.8836599588394165,"[571, 437, 494, 442, 708]","[""gas_pump"", ""beacon"", ""chime"", ""bell_cote"", ""pedestal""]","[0.8836599588394165, 0.0427168644964695, 0.0035667316988110542, 0.0017269760137423873, 0.0016919662011787295]",True,True
b0391,data/raw/imagenette2-320/val/n03425413/n03425413_21032.JPEG,571,571,gas_pump,0.6611576676368713,"[571, 670, 665, 535, 882]","[""gas_pump"", ""motor_scooter"", ""moped"", ""disk_brake"", ""vacuum""]","[0.6611576676368713, 0.10462620109319687, 0.037983059883117676, 0.03646853566169739, 0.025115853175520897]",True,True
b0392,data/raw/imagenette2-320/val/n03425413/n03425413_16220.JPEG,571,480,cash_machine,0.9539264440536499,"[480, 571, 713, 800, 886]","[""cash_machine"", ""gas_pump"", ""photocopier"", ""slot"", ""vending_machine""]","[0.9539264440536499, 0.014452203176915646, 0.002957696095108986, 0.001915148226544261, 0.0017088218592107296]",False,True
b0393,data/raw/imagenette2-320/val/n03425413/n03425413_691.JPEG,571,571,gas_pump,0.97775799036026,"[571, 637, 886, 707, 844]","[""gas_pump"", ""mailbox"", ""vending_machine"", ""pay-phone"", ""switch""]","[0.97775799036026, 0.002577626844868064, 0.0021542618051171303, 0.0009054099209606647, 0.00044996768701821566]",True,True
b0394,data/raw/imagenette2-320/val/n03425413/ILSVRC2012_val_00004860.JPEG,571,571,gas_pump,0.8251920938491821,"[571, 860, 412, 707, 886]","[""gas_pump"", ""tobacco_shop"", ""ashcan"", ""pay-phone"", ""vending_machine""]","[0.8251920938491821, 0.06191493570804596, 0.012810105457901955, 0.005837583914399147, 0.0052433917298913]",True,True
b0395,data/raw/imagenette2-320/val/n03425413/n03425413_2141.JPEG,571,571,gas_pump,0.7704606056213379,"[571, 886, 707, 800, 412]","[""gas_pump"", ""vending_machine"", ""pay-phone"", ""slot"", ""ashcan""]","[0.7704606056213379, 0.044889338314533234, 0.023121193051338196, 0.01648750714957714, 0.012689869850873947]",True,True
b0396,data/raw/imagenette2-320/val/n03425413/n03425413_5732.JPEG,571,571,gas_pump,0.6710678935050964,"[571, 781, 800, 886, 481]","[""gas_pump"", ""scoreboard"", ""slot"", ""vending_machine"", ""cassette""]","[0.6710678935050964, 0.19686581194400787, 0.007090921979397535, 0.005469746422022581, 0.004718657582998276]",True,True
b0397,data/raw/imagenette2-320/val/n03425413/n03425413_9051.JPEG,571,475,car_mirror,0.25673559308052063,"[475, 660, 571, 919, 685]","[""car_mirror"", ""mobile_home"", ""gas_pump"", ""street_sign"", ""odometer""]","[0.25673559308052063, 0.07554846256971359, 0.06623829901218414, 0.05578949302434921, 0.01827455312013626]",False,True
b0398,data/raw/imagenette2-320/val/n03425413/n03425413_12712.JPEG,571,571,gas_pump,0.5712341666221619,"[571, 534, 800, 866, 786]","[""gas_pump"", ""dishwasher"", ""slot"", ""tractor"", ""sewing_machine""]","[0.5712341666221619, 0.06665057688951492, 0.02414124645292759, 0.017457373440265656, 0.01620270311832428]",True,True
b0399,data/raw/imagenette2-320/val/n03425413/n03425413_16992.JPEG,571,571,gas_pump,0.9549997448921204,"[571, 886, 637, 707, 778]","[""gas_pump"", ""vending_machine"", ""mailbox"", ""pay-phone"", ""scale""]","[0.9549997448921204, 0.001765831490047276, 0.0015981028554961085, 0.0012907678028568625, 0.0011618620483204722]",True,True
b0400,data/raw/imagenette2-320/val/n03445777/n03445777_3981.JPEG,574,574,golf_ball,0.8649730682373047,"[574, 429, 722, 768, 805]","[""golf_ball"", ""baseball"", ""ping-pong_ball"", ""rugby_ball"", ""soccer_ball""]","[0.8649730682373047, 0.007533187046647072, 0.004296761937439442, 0.002068539848551154, 0.00198507122695446]",True,True
b0401,data/raw/imagenette2-320/val/n03445777/n03445777_9340.JPEG,574,574,golf_ball,0.8863749504089355,"[574, 429, 805, 522, 852]","[""golf_ball"", ""baseball"", ""soccer_ball"", ""croquet_ball"", ""tennis_ball""]","[0.8863749504089355, 0.015398869290947914, 0.003677812870591879, 0.0033137428108602762, 0.0025802450254559517]",True,True
b0402,data/raw/imagenette2-320/val/n03445777/n03445777_3391.JPEG,574,574,golf_ball,0.19117839634418488,"[574, 429, 522, 805, 722]","[""golf_ball"", ""baseball"", ""croquet_ball"", ""soccer_ball"", ""ping-pong_ball""]","[0.19117839634418488, 0.18186020851135254, 0.0766172707080841, 0.036795906722545624, 0.02656092308461666]",True,True
b0403,data/raw/imagenette2-320/val/n03445777/n03445777_7091.JPEG,574,574,golf_ball,0.9225006103515625,"[574, 429, 722, 992, 805]","[""golf_ball"", ""baseball"", ""ping-pong_ball"", ""agaric"", ""soccer_ball""]","[0.9225006103515625, 0.002470672130584717, 0.0008866327116265893, 0.0005730157135985792, 0.0004466810787562281]",True,True
b0404,data/raw/imagenette2-320/val/n03445777/n03445777_16331.JPEG,574,574,golf_ball,0.9467481374740601,"[574, 807, 755, 835, 812]","[""golf_ball"", ""solar_dish"", ""radio_telescope"", ""sundial"", ""space_shuttle""]","[0.9467481374740601, 0.004404193721711636, 0.002297611441463232, 0.002181726275011897, 0.0016326692420989275]",True,True
b0405,data/raw/imagenette2-320/val/n03445777/n03445777_5592.JPEG,574,574,golf_ball,0.869248628616333,"[574, 995, 947, 996, 599]","[""golf_ball"", ""earthstar"", ""mushroom"", ""hen-of-the-woods"", ""honeycomb""]","[0.869248628616333, 0.012019401416182518, 0.007808794733136892, 0.0060432045720517635, 0.0057231467217206955]",True,True
b0406,data/raw/imagenette2-320/val/n03445777/n03445777_12920.JPEG,574,574,golf_ball,0.9138423204421997,"[574, 722, 429, 852, 992]","[""golf_ball"", ""ping-pong_ball"", ""baseball"", ""tennis_ball"", ""agaric""]","[0.9138423204421997, 0.003692823462188244, 0.0016176690114662051, 0.0009302616235800087, 0.0003985866787843406]",True,True
b0407,data/raw/imagenette2-320/val/n03445777/n03445777_4211.JPEG,574,574,golf_ball,0.9589738845825195,"[574, 755, 429, 805, 992]","[""golf_ball"", ""radio_telescope"", ""baseball"", ""soccer_ball"", ""agaric""]","[0.9589738845825195, 0.0006668215501122177, 0.00048165651969611645, 0.0004403226193971932, 0.000384416023734957]",True,True
b0408,data/raw/imagenette2-320/val/n03445777/n03445777_9120.JPEG,574,574,golf_ball,0.855711817741394,"[574, 722, 429, 852, 805]","[""golf_ball"", ""ping-pong_ball"", ""baseball"", ""tennis_ball"", ""soccer_ball""]","[0.855711817741394, 0.006051625125110149, 0.0035000948701053858, 0.002013593213632703, 0.0011080574477091432]",True,True
b0409,data/raw/imagenette2-320/val/n03445777/n03445777_340.JPEG,574,574,golf_ball,0.7182695269584656,"[574, 852, 429, 956, 722]","[""golf_ball"", ""tennis_ball"", ""baseball"", ""custard_apple"", ""ping-pong_ball""]","[0.7182695269584656, 0.02641534060239792, 0.0042802756652235985, 0.004117404110729694, 0.0028927866369485855]",True,True
b0410,data/raw/imagenette2-320/val/n03445777/n03445777_20400.JPEG,574,574,golf_ball,0.8459970355033875,"[574, 429, 81, 805, 992]","[""golf_ball"", ""baseball"", ""ptarmigan"", ""soccer_ball"", ""agaric""]","[0.8459970355033875, 0.003091359045356512, 0.002925954991951585, 0.0018670776626095176, 0.001471877214498818]",True,True
b0411,data/raw/imagenette2-320/val/n03445777/n03445777_3090.JPEG,574,574,golf_ball,0.8664116263389587,"[574, 429, 722, 956, 852]","[""golf_ball"", ""baseball"", ""ping-pong_ball"", ""custard_apple"", ""tennis_ball""]","[0.8664116263389587, 0.0027134402189403772, 0.0019970936700701714, 0.0008327694376930594, 0.0006230068975128233]",True,True
b0412,data/raw/imagenette2-320/val/n03445777/n03445777_1152.JPEG,574,574,golf_ball,0.978509783744812,"[574, 429, 722, 557, 768]","[""golf_ball"", ""baseball"", ""ping-pong_ball"", ""flagpole"", ""rugby_ball""]","[0.978509783744812, 0.0016821208409965038, 0.00041774811688810587, 0.00036320960498414934, 0.00022319583513308316]",True,True
b0413,data/raw/imagenette2-320/val/n03445777/n03445777_7442.JPEG,574,574,golf_ball,0.8689120411872864,"[574, 722, 429, 855, 852]","[""golf_ball"", ""ping-pong_ball"", ""baseball"", ""thimble"", ""tennis_ball""]","[0.8689120411872864, 0.00249486998654902, 0.0013995550107210875, 0.000868116389028728, 0.0006973897689022124]",True,True
b0414,data/raw/imagenette2-320/val/n03445777/n03445777_7580.JPEG,574,574,golf_ball,0.9471043348312378,"[574, 805, 429, 522, 768]","[""golf_ball"", ""soccer_ball"", ""baseball"", ""croquet_ball"", ""rugby_ball""]","[0.9471043348312378, 0.008854761719703674, 0.007987789809703827, 0.006718643009662628, 0.002833121456205845]",True,True
b0415,data/raw/imagenette2-320/val/n03445777/n03445777_10760.JPEG,574,574,golf_ball,0.9099939465522766,"[574, 429, 722, 805, 852]","[""golf_ball"", ""baseball"", ""ping-pong_ball"", ""soccer_ball"", ""tennis_ball""]","[0.9099939465522766, 0.0028346385806798935, 0.0022025832440704107, 0.0006816963432356715, 0.0006459056749008596]",True,True
b0416,data/raw/imagenette2-320/val/n03445777/n03445777_10632.JPEG,574,574,golf_ball,0.855510413646698,"[574, 429, 956, 722, 852]","[""golf_ball"", ""baseball"", ""custard_apple"", ""ping-pong_ball"", ""tennis_ball""]","[0.855510413646698, 0.0017246302450075746, 0.0016963669331744313, 0.0015660278731957078, 0.001225910964421928]",True,True
b0417,data/raw/imagenette2-320/val/n03445777/n03445777_7652.JPEG,574,574,golf_ball,0.28150269389152527,"[574, 722, 769, 522, 641]","[""golf_ball"", ""ping-pong_ball"", ""rule"", ""croquet_ball"", ""maraca""]","[0.28150269389152527, 0.25152817368507385, 0.043548665940761566, 0.0430782251060009, 0.01161898858845234]",True,True
b0418,data/raw/imagenette2-320/val/n03445777/n03445777_7691.JPEG,574,574,golf_ball,0.8709636330604553,"[574, 429, 722, 852, 805]","[""golf_ball"", ""baseball"", ""ping-pong_ball"", ""tennis_ball"", ""soccer_ball""]","[0.8709636330604553, 0.0025811546947807074, 0.0024708244018256664, 0.0014023685362190008, 0.0008243475458584726]",True,True
b0419,data/raw/imagenette2-320/val/n03445777/n03445777_11150.JPEG,574,574,golf_ball,0.8001761436462402,"[574, 722, 429, 855, 650]","[""golf_ball"", ""ping-pong_ball"", ""baseball"", ""thimble"", ""microphone""]","[0.8001761436462402, 0.01241236086934805, 0.006659433711320162, 0.004581783898174763, 0.003615512978285551]",True,True
b0420,data/raw/imagenette2-320/val/n03445777/n03445777_3612.JPEG,574,574,golf_ball,0.8966792225837708,"[574, 722, 720, 429, 852]","[""golf_ball"", ""ping-pong_ball"", ""pill_bottle"", ""baseball"", ""tennis_ball""]","[0.8966792225837708, 0.04283824563026428, 0.0055319769307971, 0.003961421083658934, 0.0028115473687648773]",True,True
b0421,data/raw/imagenette2-320/val/n03445777/n03445777_3471.JPEG,574,574,golf_ball,0.9008158445358276,"[574, 722, 429, 852, 746]","[""golf_ball"", ""ping-pong_ball"", ""baseball"", ""tennis_ball"", ""puck""]","[0.9008158445358276, 0.00916595570743084, 0.0020394395105540752, 0.0011394070461392403, 0.0008784781093709171]",True,True
b0422,data/raw/imagenette2-320/val/n03445777/n03445777_16392.JPEG,574,574,golf_ball,0.9216489195823669,"[574, 722, 429, 992, 852]","[""golf_ball"", ""ping-pong_ball"", ""baseball"", ""agaric"", ""tennis_ball""]","[0.9216489195823669, 0.0020147301256656647, 0.001044887350872159, 0.0006519057787954807, 0.0006321156397461891]",True,True
b0423,data/raw/imagenette2-320/val/n03445777/n03445777_8790.JPEG,574,574,golf_ball,0.903454065322876,"[574, 722, 992, 855, 429]","[""golf_ball"", ""ping-pong_ball"", ""agaric"", ""thimble"", ""baseball""]","[0.903454065322876, 0.0022071481216698885, 0.000972003152128309, 0.0009249559370800853, 0.0007720745052210987]",True,True
b0424,data/raw/imagenette2-320/val/n03445777/n03445777_11122.JPEG,574,574,golf_ball,0.577224850654602,"[574, 429, 722, 852, 855]","[""golf_ball"", ""baseball"", ""ping-pong_ball"", ""tennis_ball"", ""thimble""]","[0.577224850654602, 0.08628211915493011, 0.040686219930648804, 0.026368610560894012, 0.010962930507957935]",True,True
b0425,data/raw/imagenette2-320/val/n03445777/n03445777_4371.JPEG,574,574,golf_ball,0.8401058316230774,"[574, 722, 429, 956, 409]","[""golf_ball"", ""ping-pong_ball"", ""baseball"", ""custard_apple"", ""analog_clock""]","[0.8401058316230774, 0.0035457410849630833, 0.001491405419073999, 0.0008883707341738045, 0.0007496172329410911]",True,True
b0426,data/raw/imagenette2-320/val/n03445777/n03445777_4930.JPEG,574,574,golf_ball,0.9716492891311646,"[574, 722, 852, 429, 522]","[""golf_ball"", ""ping-pong_ball"", ""tennis_ball"", ""baseball"", ""croquet_ball""]","[0.9716492891311646, 0.0026029888540506363, 0.0013091920409351587, 0.0012323452392593026, 0.0010040507186204195]",True,True
b0427,data/raw/imagenette2-320/val/n03445777/n03445777_13462.JPEG,574,574,golf_ball,0.8282788991928101,"[574, 722, 429, 852, 805]","[""golf_ball"", ""ping-pong_ball"", ""baseball"", ""tennis_ball"", ""soccer_ball""]","[0.8282788991928101, 0.0025213926564902067, 0.002440901705995202, 0.001727813738398254, 0.0013882116181775928]",True,True
b0428,data/raw/imagenette2-320/val/n03445777/n03445777_1971.JPEG,574,574,golf_ball,0.8739378452301025,"[574, 722, 604, 720, 807]","[""golf_ball"", ""ping-pong_ball"", ""hourglass"", ""pill_bottle"", ""solar_dish""]","[0.8739378452301025, 0.005950139835476875, 0.004439028911292553, 0.0020340648479759693, 0.0014312511775642633]",True,True
b0429,data/raw/imagenette2-320/val/n03445777/n03445777_6360.JPEG,574,574,golf_ball,0.8516274690628052,"[574, 722, 994, 995, 429]","[""golf_ball"", ""ping-pong_ball"", ""stinkhorn"", ""earthstar"", ""baseball""]","[0.8516274690628052, 0.03904082253575325, 0.018107114359736443, 0.014926981180906296, 0.011717277579009533]",True,True
b0430,data/raw/imagenette2-320/val/n03445777/n03445777_3410.JPEG,574,574,golf_ball,0.8784359097480774,"[574, 722, 429, 81, 409]","[""golf_ball"", ""ping-pong_ball"", ""baseball"", ""ptarmigan"", ""analog_clock""]","[0.8784359097480774, 0.00407679658383131, 0.001274355803616345, 0.0007125029806047678, 0.0006582359783351421]",True,True
b0431,data/raw/imagenette2-320/val/n03445777/n03445777_2251.JPEG,574,574,golf_ball,0.7411552667617798,"[574, 522, 621, 981, 176]","[""golf_ball"", ""croquet_ball"", ""lawn_mower"", ""ballplayer"", ""Saluki""]","[0.7411552667617798, 0.24354249238967896, 0.0019270764896646142, 0.0008192420937120914, 0.0006653617601841688]",True,True
b0432,data/raw/imagenette2-320/val/n03445777/n03445777_1962.JPEG,574,574,golf_ball,0.9564476013183594,"[574, 722, 429, 647, 855]","[""golf_ball"", ""ping-pong_ball"", ""baseball"", ""measuring_cup"", ""thimble""]","[0.9564476013183594, 0.0038319756276905537, 0.0016315983375534415, 0.0010618410306051373, 0.0007436119485646486]",True,True
b0433,data/raw/imagenette2-320/val/n03445777/n03445777_5590.JPEG,574,574,golf_ball,0.9908397793769836,"[574, 949, 722, 807, 956]","[""golf_ball"", ""strawberry"", ""ping-pong_ball"", ""solar_dish"", ""custard_apple""]","[0.9908397793769836, 0.0007948476122692227, 0.0005336374742910266, 0.00028984027449041605, 0.00020788794790860265]",True,True
b0434,data/raw/imagenette2-320/val/n03445777/n03445777_13490.JPEG,574,574,golf_ball,0.8967955708503723,"[574, 722, 429, 852, 805]","[""golf_ball"", ""ping-pong_ball"", ""baseball"", ""tennis_ball"", ""soccer_ball""]","[0.8967955708503723, 0.0038028627168387175, 0.0015293204924091697, 0.0008573444210924208, 0.0006263884715735912]",True,True
b0435,data/raw/imagenette2-320/val/n03445777/n03445777_7011.JPEG,574,574,golf_ball,0.833600640296936,"[574, 722, 429, 852, 409]","[""golf_ball"", ""ping-pong_ball"", ""baseball"", ""tennis_ball"", ""analog_clock""]","[0.833600640296936, 0.003292982466518879, 0.0017634797841310501, 0.0008768606930971146, 0.0007718030828982592]",True,True
b0436,data/raw/imagenette2-320/val/n03445777/n03445777_9740.JPEG,574,574,golf_ball,0.9207791090011597,"[574, 722, 956, 992, 852]","[""golf_ball"", ""ping-pong_ball"", ""custard_apple"", ""agaric"", ""tennis_ball""]","[0.9207791090011597, 0.0025724507868289948, 0.000624995562247932, 0.000519478868227452, 0.0005176402046345174]",True,True
b0437,data/raw/imagenette2-320/val/n03445777/n03445777_7181.JPEG,574,574,golf_ball,0.9047721028327942,"[574, 722, 429, 992, 852]","[""golf_ball"", ""ping-pong_ball"", ""baseball"", ""agaric"", ""tennis_ball""]","[0.9047721028327942, 0.0032467248383909464, 0.0021682328078895807, 0.0007494923775084317, 0.00045396521454676986]",True,True
b0438,data/raw/imagenette2-320/val/n03445777/n03445777_5812.JPEG,574,574,golf_ball,0.9062265753746033,"[574, 429, 722, 956, 805]","[""golf_ball"", ""baseball"", ""ping-pong_ball"", ""custard_apple"", ""soccer_ball""]","[0.9062265753746033, 0.0017174695385619998, 0.0014779666671529412, 0.0011179129360243678, 0.0005448622978292406]",True,True
b0439,data/raw/imagenette2-320/val/n03445777/n03445777_18631.JPEG,574,574,golf_ball,0.9147757291793823,"[574, 429, 722, 852, 805]","[""golf_ball"", ""baseball"", ""ping-pong_ball"", ""tennis_ball"", ""soccer_ball""]","[0.9147757291793823, 0.0036448545288294554, 0.0012696919729933143, 0.0010456688469275832, 0.0009450620855204761]",True,True
b0440,data/raw/imagenette2-320/val/n03445777/n03445777_5031.JPEG,574,574,golf_ball,0.8407082557678223,"[574, 429, 722, 852, 805]","[""golf_ball"", ""baseball"", ""ping-pong_ball"", ""tennis_ball"", ""soccer_ball""]","[0.8407082557678223, 0.0035247644409537315, 0.0029709613882005215, 0.0013199941022321582, 0.001118226908147335]",True,True
b0441,data/raw/imagenette2-320/val/n03445777/n03445777_7372.JPEG,574,574,golf_ball,0.8494731187820435,"[574, 722, 429, 852, 409]","[""golf_ball"", ""ping-pong_ball"", ""baseball"", ""tennis_ball"", ""analog_clock""]","[0.8494731187820435, 0.004968996625393629, 0.002397027099505067, 0.001001868862658739, 0.0009723714902065694]",True,True
b0442,data/raw/imagenette2-320/val/n03445777/n03445777_832.JPEG,574,574,golf_ball,0.9139029383659363,"[574, 722, 429, 992, 805]","[""golf_ball"", ""ping-pong_ball"", ""baseball"", ""agaric"", ""soccer_ball""]","[0.9139029383659363, 0.002320519182831049, 0.0010782418539747596, 0.0005329294363036752, 0.00041389797115698457]",True,True
b0443,data/raw/imagenette2-320/val/n03445777/n03445777_6451.JPEG,574,574,golf_ball,0.9678668975830078,"[574, 522, 363, 852, 429]","[""golf_ball"", ""croquet_ball"", ""armadillo"", ""tennis_ball"", ""baseball""]","[0.9678668975830078, 0.0011676467256620526, 0.000537084648385644, 0.0003170152776874602, 0.00026768347015604377]",True,True
b0444,data/raw/imagenette2-320/val/n03445777/n03445777_3992.JPEG,574,574,golf_ball,0.9604049324989319,"[574, 429, 722, 855, 852]","[""golf_ball"", ""baseball"", ""ping-pong_ball"", ""thimble"", ""tennis_ball""]","[0.9604049324989319, 0.0030059271957725286, 0.002910281764343381, 0.0007958470960147679, 0.00038467516424134374]",True,True
b0445,data/raw/imagenette2-320/val/n03445777/n03445777_10550.JPEG,574,574,golf_ball,0.9137490391731262,"[574, 722, 429, 805, 852]","[""golf_ball"", ""ping-pong_ball"", ""baseball"", ""soccer_ball"", ""tennis_ball""]","[0.9137490391731262, 0.0015807111049070954, 0.0014347231481224298, 0.0006632363074459136, 0.0005179435829631984]",True,True
b0446,data/raw/imagenette2-320/val/n03445777/n03445777_1292.JPEG,574,574,golf_ball,0.8770049214363098,"[574, 852, 429, 722, 956]","[""golf_ball"", ""tennis_ball"", ""baseball"", ""ping-pong_ball"", ""custard_apple""]","[0.8770049214363098, 0.007234096527099609, 0.0017445457633584738, 0.0014391534496098757, 0.0011625394690781832]",True,True
b0447,data/raw/imagenette2-320/val/n03445777/n03445777_1291.JPEG,574,574,golf_ball,0.9644503593444824,"[574, 429, 722, 855, 590]","[""golf_ball"", ""baseball"", ""ping-pong_ball"", ""thimble"", ""hand-held_computer""]","[0.9644503593444824, 0.005412011407315731, 0.0023353390861302614, 0.00026048102881759405, 0.0002513049403205514]",True,True
b0448,data/raw/imagenette2-320/val/n03445777/ILSVRC2012_val_00008161.JPEG,574,574,golf_ball,0.7538291811943054,"[574, 522, 981, 852, 805]","[""golf_ball"", ""croquet_ball"", ""ballplayer"", ""tennis_ball"", ""soccer_ball""]","[0.7538291811943054, 0.04104926437139511, 0.026455305516719818, 0.024110721424221992, 0.023039424791932106]",True,True
b0449,data/raw/imagenette2-320/val/n03445777/n03445777_3421.JPEG,574,574,golf_ball,0.9559434056282043,"[574, 429, 522, 805, 722]","[""golf_ball"", ""baseball"", ""croquet_ball"", ""soccer_ball"", ""ping-pong_ball""]","[0.9559434056282043, 0.021926214918494225, 0.005618401803076267, 0.0019255820661783218, 0.001738345599733293]",True,True
b0450,data/raw/imagenette2-320/val/n03888257/n03888257_850.JPEG,701,701,parachute,0.8822034597396851,"[701, 417, 405, 970, 795]","[""parachute"", ""balloon"", ""airship"", ""alp"", ""ski""]","[0.8822034597396851, 0.0017297851154580712, 0.0011868271976709366, 0.0007980402442626655, 0.0006006046896800399]",True,True
b0451,data/raw/imagenette2-320/val/n03888257/n03888257_9371.JPEG,701,701,parachute,0.3562900125980377,"[701, 672, 472, 980, 970]","[""parachute"", ""mountain_tent"", ""canoe"", ""volcano"", ""alp""]","[0.3562900125980377, 0.13757029175758362, 0.1045621708035469, 0.04529958963394165, 0.04317844659090042]",True,True
b0452,data/raw/imagenette2-320/val/n03888257/n03888257_13100.JPEG,701,701,parachute,0.9272853136062622,"[701, 843, 795, 602, 702]","[""parachute"", ""swing"", ""ski"", ""horizontal_bar"", ""parallel_bars""]","[0.9272853136062622, 0.03807628154754639, 0.02020193822681904, 0.003182031912729144, 0.0008670588140375912]",True,True
b0453,data/raw/imagenette2-320/val/n03888257/n03888257_15312.JPEG,701,701,parachute,0.643376350402832,"[701, 417, 405, 908, 600]","[""parachute"", ""balloon"", ""airship"", ""wing"", ""hook""]","[0.643376350402832, 0.14950218796730042, 0.006884362082928419, 0.0018474046373739839, 0.001467463094741106]",True,True
b0454,data/raw/imagenette2-320/val/n03888257/n03888257_13072.JPEG,701,701,parachute,0.7981094717979431,"[701, 805, 621, 830, 176]","[""parachute"", ""soccer_ball"", ""lawn_mower"", ""stretcher"", ""Saluki""]","[0.7981094717979431, 0.01423500943928957, 0.013549038209021091, 0.006382771767675877, 0.004712574649602175]",True,True
b0455,data/raw/imagenette2-320/val/n03888257/n03888257_4580.JPEG,701,701,parachute,0.9662917852401733,"[701, 895, 657, 744, 417]","[""parachute"", ""warplane"", ""missile"", ""projectile"", ""balloon""]","[0.9662917852401733, 0.007541944272816181, 0.0025205533020198345, 0.0021896185353398323, 0.001382347079925239]",True,True
b0456,data/raw/imagenette2-320/val/n03888257/n03888257_31301.JPEG,701,701,parachute,0.868462085723877,"[701, 417, 433, 484, 148]","[""parachute"", ""balloon"", ""bathing_cap"", ""catamaran"", ""killer_whale""]","[0.868462085723877, 0.013212637044489384, 0.0009017343982122838, 0.0008796759648248553, 0.0008331246208399534]",True,True
b0457,data/raw/imagenette2-320/val/n03888257/n03888257_34320.JPEG,701,701,parachute,0.9387879371643066,"[701, 557, 417, 405, 879]","[""parachute"", ""flagpole"", ""balloon"", ""airship"", ""umbrella""]","[0.9387879371643066, 0.00812118873000145, 0.0047037131153047085, 0.0012475723633542657, 0.0005373719613999128]",True,True
b0458,data/raw/imagenette2-320/val/n03888257/n03888257_12400.JPEG,701,701,parachute,0.933233916759491,"[701, 405, 417, 895, 795]","[""parachute"", ""airship"", ""balloon"", ""warplane"", ""ski""]","[0.933233916759491, 0.002200755290687084, 0.0015362253179773688, 0.0013692822540178895, 0.0012488032225519419]",True,True
b0459,data/raw/imagenette2-320/val/n03888257/n03888257_30691.JPEG,701,701,parachute,0.8538597226142883,"[701, 417, 557, 843, 405]","[""parachute"", ""balloon"", ""flagpole"", ""swing"", ""airship""]","[0.8538597226142883, 0.006238412577658892, 0.004424228798598051, 0.0027529627550393343, 0.0025806433986872435]",True,True
b0460,data/raw/imagenette2-320/val/n03888257/n03888257_4311.JPEG,701,701,parachute,0.8552390336990356,"[701, 417, 879, 405, 807]","[""parachute"", ""balloon"", ""umbrella"", ""airship"", ""solar_dish""]","[0.8552390336990356, 0.08846039324998856, 0.006909367628395557, 0.0021356195211410522, 0.0017871229210868478]",True,True
b0461,data/raw/imagenette2-320/val/n03888257/n03888257_19792.JPEG,701,701,parachute,0.8448128700256348,"[701, 417, 405, 970, 594]","[""parachute"", ""balloon"", ""airship"", ""alp"", ""harp""]","[0.8448128700256348, 0.009673208929598331, 0.0014089171309024096, 0.0009056514827534556, 0.0006643737433478236]",True,True
b0462,data/raw/imagenette2-320/val/n03888257/n03888257_15491.JPEG,701,701,parachute,0.8289533257484436,"[701, 978, 417, 972, 976]","[""parachute"", ""seashore"", ""balloon"", ""cliff"", ""promontory""]","[0.8289533257484436, 0.009169547818601131, 0.005086841061711311, 0.004474388901144266, 0.003250523004680872]",True,True
b0463,data/raw/imagenette2-320/val/n03888257/ILSVRC2012_val_00042262.JPEG,701,701,parachute,0.9144071936607361,"[701, 417, 405, 557, 21]","[""parachute"", ""balloon"", ""airship"", ""flagpole"", ""kite""]","[0.9144071936607361, 0.002736075781285763, 0.00208791415207088, 0.0009074187255464494, 0.0005449732998386025]",True,True
b0464,data/raw/imagenette2-320/val/n03888257/n03888257_22061.JPEG,701,701,parachute,0.8006227612495422,"[701, 417, 672, 879, 255]","[""parachute"", ""balloon"", ""mountain_tent"", ""umbrella"", ""Leonberg""]","[0.8006227612495422, 0.03683391585946083, 0.022154685109853745, 0.014011915773153305, 0.003214053111150861]",True,True
b0465,data/raw/imagenette2-320/val/n03888257/n03888257_9770.JPEG,701,895,warplane,0.6072747707366943,"[895, 908, 404, 405, 701]","[""warplane"", ""wing"", ""airliner"", ""airship"", ""parachute""]","[0.6072747707366943, 0.10832653939723969, 0.08665027469396591, 0.05299442633986473, 0.021511798724532127]",False,True
b0466,data/raw/imagenette2-320/val/n03888257/n03888257_2791.JPEG,701,701,parachute,0.7780514359474182,"[701, 417, 557, 405, 970]","[""parachute"", ""balloon"", ""flagpole"", ""airship"", ""alp""]","[0.7780514359474182, 0.005473998375236988, 0.0031414167024195194, 0.0025896697770804167, 0.0008223280892707407]",True,True
b0467,data/raw/imagenette2-320/val/n03888257/n03888257_12301.JPEG,701,701,parachute,0.165766179561615,"[701, 980, 972, 437, 405]","[""parachute"", ""volcano"", ""cliff"", ""beacon"", ""airship""]","[0.165766179561615, 0.09427513927221298, 0.05547073483467102, 0.05381663516163826, 0.05197057127952576]",True,True
b0468,data/raw/imagenette2-320/val/n03888257/n03888257_19260.JPEG,701,701,parachute,0.8814390897750854,"[701, 417, 557, 879, 405]","[""parachute"", ""balloon"", ""flagpole"", ""umbrella"", ""airship""]","[0.8814390897750854, 0.0039179096929728985, 0.002187671372666955, 0.0012124740751460195, 0.0007583395927213132]",True,True
b0469,data/raw/imagenette2-320/val/n03888257/n03888257_7130.JPEG,701,701,parachute,0.7531580328941345,"[701, 417, 405, 557, 21]","[""parachute"", ""balloon"", ""airship"", ""flagpole"", ""kite""]","[0.7531580328941345, 0.0419347882270813, 0.00631161080673337, 0.002211625687777996, 0.001161248772405088]",True,True
b0470,data/raw/imagenette2-320/val/n03888257/n03888257_9932.JPEG,701,447,binoculars,0.09295409917831421,"[447, 401, 405, 880, 403]","[""binoculars"", ""accordion"", ""airship"", ""unicycle"", ""aircraft_carrier""]","[0.09295409917831421, 0.0669993981719017, 0.05709748715162277, 0.03549646586179733, 0.025601081550121307]",False,False
b0471,data/raw/imagenette2-320/val/n03888257/n03888257_6230.JPEG,701,701,parachute,0.7248525023460388,"[701, 405, 417, 619, 846]","[""parachute"", ""airship"", ""balloon"", ""lampshade"", ""table_lamp""]","[0.7248525023460388, 0.020525531843304634, 0.016300909221172333, 0.015469464473426342, 0.013666296377778053]",True,True
b0472,data/raw/imagenette2-320/val/n03888257/n03888257_36971.JPEG,701,701,parachute,0.9215717911720276,"[701, 417, 977, 978, 405]","[""parachute"", ""balloon"", ""sandbar"", ""seashore"", ""airship""]","[0.9215717911720276, 0.003284746315330267, 0.0030922305304557085, 0.0028310208581387997, 0.0021819104440510273]",True,True
b0473,data/raw/imagenette2-320/val/n03888257/n03888257_32391.JPEG,701,701,parachute,0.9597738981246948,"[701, 557, 417, 405, 832]","[""parachute"", ""flagpole"", ""balloon"", ""airship"", ""stupa""]","[0.9597738981246948, 0.0016979979118332267, 0.0011685944627970457, 0.0003061205497942865, 0.00021592850680463016]",True,True
b0474,data/raw/imagenette2-320/val/n03888257/n03888257_11450.JPEG,701,701,parachute,0.5923404693603516,"[701, 669, 619, 456, 733]","[""parachute"", ""mosquito_net"", ""lampshade"", ""bow"", ""pole""]","[0.5923404693603516, 0.04737569019198418, 0.03657400608062744, 0.03138883784413338, 0.025714213028550148]",True,True
b0475,data/raw/imagenette2-320/val/n03888257/ILSVRC2012_val_00044850.JPEG,701,701,parachute,0.8915746212005615,"[701, 417, 879, 405, 557]","[""parachute"", ""balloon"", ""umbrella"", ""airship"", ""flagpole""]","[0.8915746212005615, 0.005531566217541695, 0.0015835858648642898, 0.0010026110103353858, 0.0006847687182016671]",True,True
b0476,data/raw/imagenette2-320/val/n03888257/n03888257_4512.JPEG,701,701,parachute,0.8397539854049683,"[701, 417, 405, 557, 908]","[""parachute"", ""balloon"", ""airship"", ""flagpole"", ""wing""]","[0.8397539854049683, 0.02180425450205803, 0.003949618432670832, 0.003407140728086233, 0.002331177471205592]",True,True
b0477,data/raw/imagenette2-320/val/n03888257/n03888257_9640.JPEG,701,701,parachute,0.9596285223960876,"[701, 795, 796, 557, 843]","[""parachute"", ""ski"", ""ski_mask"", ""flagpole"", ""swing""]","[0.9596285223960876, 0.014258830808103085, 0.001565608661621809, 0.0013376561691984534, 0.0011408940190449357]",True,True
b0478,data/raw/imagenette2-320/val/n03888257/n03888257_10680.JPEG,701,701,parachute,0.8401132225990295,"[701, 417, 972, 405, 557]","[""parachute"", ""balloon"", ""cliff"", ""airship"", ""flagpole""]","[0.8401132225990295, 0.011990681290626526, 0.0012525423662737012, 0.0011101330164819956, 0.0007214739453047514]",True,True
b0479,data/raw/imagenette2-320/val/n03888257/n03888257_28011.JPEG,701,701,parachute,0.9214001893997192,"[701, 417, 895, 405, 557]","[""parachute"", ""balloon"", ""warplane"", ""airship"", ""flagpole""]","[0.9214001893997192, 0.008222325704991817, 0.006660579238086939, 0.006196506321430206, 0.002324526896700263]",True,True
b0480,data/raw/imagenette2-320/val/n03888257/n03888257_19960.JPEG,701,701,parachute,0.8311280608177185,"[701, 417, 978, 405, 972]","[""parachute"", ""balloon"", ""seashore"", ""airship"", ""cliff""]","[0.8311280608177185, 0.011464802548289299, 0.00241475529037416, 0.0015915329568088055, 0.001450878567993641]",True,True
b0481,data/raw/imagenette2-320/val/n03888257/n03888257_4952.JPEG,701,701,parachute,0.987496018409729,"[701, 417, 795, 972, 879]","[""parachute"", ""balloon"", ""ski"", ""cliff"", ""umbrella""]","[0.987496018409729, 0.0010584952542558312, 0.00014845743135083467, 0.00011596761032706127, 0.00011040123354177922]",True,True
b0482,data/raw/imagenette2-320/val/n03888257/n03888257_2760.JPEG,701,417,balloon,0.6045970320701599,"[417, 701, 807, 890, 405]","[""balloon"", ""parachute"", ""solar_dish"", ""volleyball"", ""airship""]","[0.6045970320701599, 0.18480134010314941, 0.0097502451390028, 0.005398391745984554, 0.00438691396266222]",False,True
b0483,data/raw/imagenette2-320/val/n03888257/n03888257_6541.JPEG,701,701,parachute,0.8937796354293823,"[701, 417, 484, 405, 978]","[""parachute"", ""balloon"", ""catamaran"", ""airship"", ""seashore""]","[0.8937796354293823, 0.024156352505087852, 0.006200569681823254, 0.0023955844808369875, 0.0014297894667834044]",True,True
b0484,data/raw/imagenette2-320/val/n03888257/n03888257_19570.JPEG,701,701,parachute,0.8564950227737427,"[701, 417, 405, 619, 755]","[""parachute"", ""balloon"", ""airship"", ""lampshade"", ""radio_telescope""]","[0.8564950227737427, 0.01711876317858696, 0.0015050566289573908, 0.0007491738651879132, 0.0005640261224471033]",True,True
b0485,data/raw/imagenette2-320/val/n03888257/n03888257_17340.JPEG,701,701,parachute,0.5153841376304626,"[701, 728, 807, 978, 417]","[""parachute"", ""plastic_bag"", ""solar_dish"", ""seashore"", ""balloon""]","[0.5153841376304626, 0.13028205931186676, 0.07808257639408112, 0.021011656150221825, 0.016843164339661598]",True,True
b0486,data/raw/imagenette2-320/val/n03888257/n03888257_3651.JPEG,701,701,parachute,0.5895493626594543,"[701, 795, 802, 895, 970]","[""parachute"", ""ski"", ""snowmobile"", ""warplane"", ""alp""]","[0.5895493626594543, 0.09180080145597458, 0.04015778377652168, 0.023640068247914314, 0.02026003785431385]",True,True
b0487,data/raw/imagenette2-320/val/n03888257/n03888257_42680.JPEG,701,701,parachute,0.9462832808494568,"[701, 417, 895, 404, 540]","[""parachute"", ""balloon"", ""warplane"", ""airliner"", ""drilling_platform""]","[0.9462832808494568, 0.0019547687843441963, 0.0017867019632831216, 0.001762861735187471, 0.0015099513111636043]",True,True
b0488,data/raw/imagenette2-320/val/n03888257/n03888257_17851.JPEG,701,701,parachute,0.9360974431037903,"[701, 856, 728, 797, 830]","[""parachute"", ""thresher"", ""plastic_bag"", ""sleeping_bag"", ""stretcher""]","[0.9360974431037903, 0.011892451904714108, 0.006680416874587536, 0.004200211260467768, 0.0033518713898956776]",True,True
b0489,data/raw/imagenette2-320/val/n03888257/n03888257_35020.JPEG,701,701,parachute,0.8570730090141296,"[701, 417, 405, 557, 795]","[""parachute"", ""balloon"", ""airship"", ""flagpole"", ""ski""]","[0.8570730090141296, 0.019855564460158348, 0.0022774667013436556, 0.00110742321703583, 0.0004621731932274997]",True,True
b0490,data/raw/imagenette2-320/val/n03888257/n03888257_3632.JPEG,701,701,parachute,0.9661442041397095,"[701, 405, 557, 21, 978]","[""parachute"", ""airship"", ""flagpole"", ""kite"", ""seashore""]","[0.9661442041397095, 0.0004990375018678606, 0.0003921722527593374, 0.0003897851565852761, 0.00038851721910759807]",True,True
b0491,data/raw/imagenette2-320/val/n03888257/n03888257_22302.JPEG,701,701,parachute,0.8118906021118164,"[701, 417, 405, 557, 619]","[""parachute"", ""balloon"", ""airship"", ""flagpole"", ""lampshade""]","[0.8118906021118164, 0.03750036284327507, 0.0030160085298120975, 0.0008203565957956016, 0.0007042396464385092]",True,True
b0492,data/raw/imagenette2-320/val/n03888257/n03888257_5812.JPEG,701,701,parachute,0.972437858581543,"[701, 417, 405, 96, 562]","[""parachute"", ""balloon"", ""airship"", ""toucan"", ""fountain""]","[0.972437858581543, 0.0016872555715963244, 0.0008005178533494473, 0.0002574425016064197, 0.00021331827156245708]",True,True
b0493,data/raw/imagenette2-320/val/n03888257/n03888257_12641.JPEG,701,895,warplane,0.6208198070526123,"[895, 404, 403, 908, 812]","[""warplane"", ""airliner"", ""aircraft_carrier"", ""wing"", ""space_shuttle""]","[0.6208198070526123, 0.048161089420318604, 0.04467157647013664, 0.042257409542798996, 0.03585278242826462]",False,False
b0494,data/raw/imagenette2-320/val/n03888257/n03888257_17421.JPEG,701,701,parachute,0.8096235990524292,"[701, 557, 405, 417, 733]","[""parachute"", ""flagpole"", ""airship"", ""balloon"", ""pole""]","[0.8096235990524292, 0.052101269364356995, 0.0038203117437660694, 0.0028944597579538822, 0.0014352671569213271]",True,True
b0495,data/raw/imagenette2-320/val/n03888257/n03888257_36541.JPEG,701,701,parachute,0.8885455131530762,"[701, 417, 405, 404, 895]","[""parachute"", ""balloon"", ""airship"", ""airliner"", ""warplane""]","[0.8885455131530762, 0.009820304811000824, 0.008243757300078869, 0.0013615465722978115, 0.0009226260590367019]",True,True
b0496,data/raw/imagenette2-320/val/n03888257/n03888257_38102.JPEG,701,701,parachute,0.9059965014457703,"[701, 417, 405, 998, 619]","[""parachute"", ""balloon"", ""airship"", ""ear"", ""lampshade""]","[0.9059965014457703, 0.002252134494483471, 0.0012316657230257988, 0.0008955466910265386, 0.0005346658290363848]",True,True
b0497,data/raw/imagenette2-320/val/n03888257/n03888257_7011.JPEG,701,701,parachute,0.23520830273628235,"[701, 417, 405, 404, 895]","[""parachute"", ""balloon"", ""airship"", ""airliner"", ""warplane""]","[0.23520830273628235, 0.15025362372398376, 0.07308631390333176, 0.055988527834415436, 0.05175860598683357]",True,True
b0498,data/raw/imagenette2-320/val/n03888257/n03888257_29090.JPEG,701,701,parachute,0.5750198364257812,"[701, 728, 644, 107, 807]","[""parachute"", ""plastic_bag"", ""matchstick"", ""jellyfish"", ""solar_dish""]","[0.5750198364257812, 0.11182426661252975, 0.01827079802751541, 0.013849759474396706, 0.01107859704643488]",True,True
b0499,data/raw/imagenette2-320/val/n03888257/n03888257_70632.JPEG,701,701,parachute,0.8954756259918213,"[701, 879, 405, 417, 431]","[""parachute"", ""umbrella"", ""airship"", ""balloon"", ""bassinet""]","[0.8954756259918213, 0.016285154968500137, 0.008364913985133171, 0.0056194523349404335, 0.0018087024800479412]",True,True
