sample_id,relative_path,ground_truth_index,predicted_top1_index,predicted_top1_class,predicted_top1_probability,top5_indices,top5_classes,top5_probabilities,top1_correct,top5_correct
b0000,data/raw/imagenette2-320/val/n01440764/n01440764_1310.JPEG,0,0,tench,0.7048236131668091,"[0, 1, 395, 392, 389]","[""tench"", ""goldfish"", ""gar"", ""rock_beauty"", ""barracouta""]","[0.7048236131668091, 0.038056645542383194, 0.03252927586436272, 0.023177284747362137, 0.015041979029774666]",True,True
b0001,data/raw/imagenette2-320/val/n01440764/n01440764_14190.JPEG,0,389,barracouta,0.7426033616065979,"[389, 395, 394, 390, 0]","[""barracouta"", ""gar"", ""sturgeon"", ""eel"", ""tench""]","[0.7426033616065979, 0.15955793857574463, 0.024338694289326668, 0.004574673715978861, 0.0028502927161753178]",False,True
b0002,data/raw/imagenette2-320/val/n01440764/n01440764_8622.JPEG,0,0,tench,0.9785217642784119,"[0, 391, 389, 1, 392]","[""tench"", ""coho"", ""barracouta"", ""goldfish"", ""rock_beauty""]","[0.9785217642784119, 0.0012227556435391307, 0.001060016336850822, 0.0008730331319384277, 0.0007289909990504384]",True,True
b0003,data/raw/imagenette2-320/val/n01440764/n01440764_6052.JPEG,0,0,tench,0.8946306705474854,"[0, 389, 1, 395, 63]","[""tench"", ""barracouta"", ""goldfish"", ""gar"", ""Indian_cobra""]","[0.8946306705474854, 0.028474608436226845, 0.002866020891815424, 0.0021386579610407352, 0.0017156214453279972]",True,True
b0004,data/raw/imagenette2-320/val/n01440764/n01440764_8250.JPEG,0,0,tench,0.9040007591247559,"[0, 389, 996, 391, 172]","[""tench"", ""barracouta"", ""hen-of-the-woods"", ""coho"", ""whippet""]","[0.9040007591247559, 0.028757385909557343, 0.0080104423686862, 0.00336074223741889, 0.0023755384609103203]",True,True
b0005,data/raw/imagenette2-320/val/n01440764/n01440764_6550.JPEG,0,0,tench,0.96173095703125,"[0, 389, 103, 391, 390]","[""tench"", ""barracouta"", ""platypus"", ""coho"", ""eel""]","[0.96173095703125, 0.0030372552573680878, 0.0006814021035097539, 0.0005888479063287377, 0.00037487177178263664]",True,True
b0006,data/raw/imagenette2-320/val/n01440764/n01440764_4512.JPEG,0,0,tench,0.9465439915657043,"[0, 389, 395, 394, 391]","[""tench"", ""barracouta"", ""gar"", ""sturgeon"", ""coho""]","[0.9465439915657043, 0.003924541175365448, 0.002370957750827074, 0.0023361872881650925, 0.0010334597900509834]",True,True
b0007,data/raw/imagenette2-320/val/n01440764/n01440764_13251.JPEG,0,0,tench,0.8946442604064941,"[0, 389, 391, 395, 103]","[""tench"", ""barracouta"", ""coho"", ""gar"", ""platypus""]","[0.8946442604064941, 0.006270886864513159, 0.0020999754779040813, 0.0010586059652268887, 0.0007524117245338857]",True,True
b0008,data/raw/imagenette2-320/val/n01440764/n01440764_12021.JPEG,0,0,tench,0.9549492001533508,"[0, 389, 1, 390, 955]","[""tench"", ""barracouta"", ""goldfish"", ""eel"", ""jackfruit""]","[0.9549492001533508, 0.0026712878607213497, 0.0004842373600695282, 0.00043408185592852533, 0.00035996397491544485]",True,True
b0009,data/raw/imagenette2-320/val/n01440764/n01440764_3011.JPEG,0,0,tench,0.9667809009552002,"[0, 389, 391, 103, 394]","[""tench"", ""barracouta"", ""coho"", ""platypus"", ""sturgeon""]","[0.9667809009552002, 0.005268471781164408, 0.002502785064280033, 0.0003463198954705149, 0.0002799055364448577]",True,True
b0010,data/raw/imagenette2-320/val/n01440764/n01440764_20650.JPEG,0,0,tench,0.9857074618339539,"[0, 389, 391, 395, 209]","[""tench"", ""barracouta"", ""coho"", ""gar"", ""Chesapeake_Bay_retriever""]","[0.9857074618339539, 0.007589562330394983, 0.0019805787596851587, 0.00030845816945657134, 0.00017678498988971114]",True,True
b0011,data/raw/imagenette2-320/val/n01440764/n01440764_11570.JPEG,0,0,tench,0.8982257843017578,"[0, 389, 390, 34, 394]","[""tench"", ""barracouta"", ""eel"", ""leatherback_turtle"", ""sturgeon""]","[0.8982257843017578, 0.0059670391492545605, 0.0056366813369095325, 0.003368732053786516, 0.002961880061775446]",True,True
b0012,data/raw/imagenette2-320/val/n01440764/n01440764_13452.JPEG,0,0,tench,0.9809333086013794,"[0, 389, 391, 103, 395]","[""tench"", ""barracouta"", ""coho"", ""platypus"", ""gar""]","[0.9809333086013794, 0.001982996007427573, 0.0011640930315479636, 0.001073065446689725, 0.0006780504481866956]",True,True
b0013,data/raw/imagenette2-320/val/n01440764/n01440764_9572.JPEG,0,0,tench,0.7190194129943848,"[0, 391, 394, 389, 395]","[""tench"", ""coho"", ""sturgeon"", ""barracouta"", ""gar""]","[0.7190194129943848, 0.1242024153470993, 0.01835734397172928, 0.015396001748740673, 0.004239537287503481]",True,True
b0014,data/raw/imagenette2-320/val/n01440764/n01440764_12881.JPEG,0,0,tench,0.8947240710258484,"[0, 389, 103, 955, 951]","[""tench"", ""barracouta"", ""platypus"", ""jackfruit"", ""lemon""]","[0.8947240710258484, 0.00511191226541996, 0.002123431768268347, 0.0009372362401336432, 0.0006500778254121542]",True,True
b0015,data/raw/imagenette2-320/val/n01440764/n01440764_8451.JPEG,0,0,tench,0.9460643529891968,"[0, 389, 391, 395, 1]","[""tench"", ""barracouta"", ""coho"", ""gar"", ""goldfish""]","[0.9460643529891968, 0.01859094388782978, 0.002168884966522455, 0.0009788754396140575, 0.0005441537359729409]",True,True
b0016,data/raw/imagenette2-320/val/n01440764/n01440764_7040.JPEG,0,0,tench,0.9173716902732849,"[0, 391, 389, 390, 149]","[""tench"", ""coho"", ""barracouta"", ""eel"", ""dugong""]","[0.9173716902732849, 0.016838638111948967, 0.008466433733701706, 0.004198659677058458, 0.0033751241862773895]",True,True
b0017,data/raw/imagenette2-320/val/n01440764/n01440764_30782.JPEG,0,0,tench,0.7541015148162842,"[0, 930, 389, 113, 36]","[""tench"", ""French_loaf"", ""barracouta"", ""snail"", ""terrapin""]","[0.7541015148162842, 0.048399776220321655, 0.021230211481451988, 0.019477562978863716, 0.016242358833551407]",True,True
b0018,data/raw/imagenette2-320/val/n01440764/n01440764_3432.JPEG,0,0,tench,0.7031088471412659,"[0, 389, 395, 394, 1]","[""tench"", ""barracouta"", ""gar"", ""sturgeon"", ""goldfish""]","[0.7031088471412659, 0.15126535296440125, 0.02932516112923622, 0.006445917300879955, 0.0017793071456253529]",True,True
b0019,data/raw/imagenette2-320/val/n01440764/n01440764_7142.JPEG,0,0,tench,0.954630434513092,"[0, 389, 391, 955, 394]","[""tench"", ""barracouta"", ""coho"", ""jackfruit"", ""sturgeon""]","[0.954630434513092, 0.006473918911069632, 0.0005109590711072087, 0.0004712762893177569, 0.000455543544376269]",True,True
b0020,data/raw/imagenette2-320/val/n01440764/n01440764_4341.JPEG,0,0,tench,0.928364634513855,"[0, 389, 103, 394, 997]","[""tench"", ""barracouta"", ""platypus"", ""sturgeon"", ""bolete""]","[0.928364634513855, 0.006591005716472864, 0.006438552867621183, 0.0011561227729544044, 0.000919633312150836]",True,True
b0021,data/raw/imagenette2-320/val/n01440764/n01440764_752.JPEG,0,0,tench,0.8945498466491699,"[0, 389, 391, 394, 395]","[""tench"", ""barracouta"", ""coho"", ""sturgeon"", ""gar""]","[0.8945498466491699, 0.01720590703189373, 0.0025538227055221796, 0.0015619767364114523, 0.0006529444945044816]",True,True
b0022,data/raw/imagenette2-320/val/n01440764/n01440764_6751.JPEG,0,0,tench,0.9413758516311646,"[0, 389, 395, 391, 394]","[""tench"", ""barracouta"", ""gar"", ""coho"", ""sturgeon""]","[0.9413758516311646, 0.004751522094011307, 0.0029871701262891293, 0.0025158992502838373, 0.0019751531071960926]",True,True
b0023,data/raw/imagenette2-320/val/n01440764/n01440764_20592.JPEG,0,0,tench,0.9925617575645447,"[0, 389, 390, 1, 391]","[""tench"", ""barracouta"", ""eel"", ""goldfish"", ""coho""]","[0.9925617575645447, 0.0005536169628612697, 0.000302827829727903, 0.00025637017097324133, 0.00013727690384257585]",True,True
b0024,data/raw/imagenette2-320/val/n01440764/n01440764_26541.JPEG,0,0,tench,0.9453840255737305,"[0, 389, 955, 103, 638]","[""tench"", ""barracouta"", ""jackfruit"", ""platypus"", ""maillot""]","[0.9453840255737305, 0.0027664408553391695, 0.0005632451502606273, 0.00030500054708682, 0.0002583255700301379]",True,True
b0025,data/raw/imagenette2-320/val/n01440764/n01440764_10592.JPEG,0,0,tench,0.886216402053833,"[0, 103, 33, 389, 394]","[""tench"", ""platypus"", ""loggerhead"", ""barracouta"", ""sturgeon""]","[0.886216402053833, 0.02529275417327881, 0.00733886519446969, 0.003645619610324502, 0.0025749190244823694]",True,True
b0026,data/raw/imagenette2-320/val/n01440764/n01440764_11602.JPEG,0,0,tench,0.9566999077796936,"[0, 389, 391, 394, 955]","[""tench"", ""barracouta"", ""coho"", ""sturgeon"", ""jackfruit""]","[0.9566999077796936, 0.003070475999265909, 0.0005350698484107852, 0.0003747764276340604, 0.0003254723269492388]",True,True
b0027,data/raw/imagenette2-320/val/n01440764/n01440764_12291.JPEG,0,0,tench,0.979850709438324,"[0, 103, 389, 394, 390]","[""tench"", ""platypus"", ""barracouta"", ""sturgeon"", ""eel""]","[0.979850709438324, 0.0027620133478194475, 0.0026830334682017565, 0.0008225525380112231, 0.0006356332451105118]",True,True
b0028,data/raw/imagenette2-320/val/n01440764/n01440764_14530.JPEG,0,0,tench,0.8550624251365662,"[0, 389, 1, 395, 392]","[""tench"", ""barracouta"", ""goldfish"", ""gar"", ""rock_beauty""]","[0.8550624251365662, 0.04018448665738106, 0.00570756895467639, 0.004663224797695875, 0.0027672755531966686]",True,True
b0029,data/raw/imagenette2-320/val/n01440764/n01440764_21052.JPEG,0,0,tench,0.3110737204551697,"[0, 394, 389, 395, 391]","[""tench"", ""sturgeon"", ""barracouta"", ""gar"", ""coho""]","[0.3110737204551697, 0.19764339923858643, 0.17959940433502197, 0.16562364995479584, 0.049777012318372726]",True,True
b0030,data/raw/imagenette2-320/val/n01440764/n01440764_5490.JPEG,0,0,tench,0.6894934177398682,"[0, 389, 395, 391, 363]","[""tench"", ""barracouta"", ""gar"", ""coho"", ""armadillo""]","[0.6894934177398682, 0.04806077480316162, 0.005498321261256933, 0.0027972471434623003, 0.0022277196403592825]",True,True
b0031,data/raw/imagenette2-320/val/n01440764/n01440764_12241.JPEG,0,0,tench,0.9162195324897766,"[0, 389, 149, 394, 390]","[""tench"", ""barracouta"", ""dugong"", ""sturgeon"", ""eel""]","[0.9162195324897766, 0.004440384916961193, 0.0012958860024809837, 0.0010842758929356933, 0.0010649501346051693]",True,True
b0032,data/raw/imagenette2-320/val/n01440764/n01440764_13821.JPEG,0,0,tench,0.9087914824485779,"[0, 391, 389, 394, 395]","[""tench"", ""coho"", ""barracouta"", ""sturgeon"", ""gar""]","[0.9087914824485779, 0.01563310995697975, 0.002444360638037324, 0.0012076759012416005, 0.0007552867755293846]",True,True
b0033,data/raw/imagenette2-320/val/n01440764/n01440764_3251.JPEG,0,0,tench,0.9179744124412537,"[0, 389, 758, 391, 395]","[""tench"", ""barracouta"", ""reel"", ""coho"", ""gar""]","[0.9179744124412537, 0.021811112761497498, 0.004056468140333891, 0.0038457291666418314, 0.0014287792146205902]",True,True
b0034,data/raw/imagenette2-320/val/n01440764/n01440764_421.JPEG,0,0,tench,0.9207431077957153,"[0, 389, 391, 395, 758]","[""tench"", ""barracouta"", ""coho"", ""gar"", ""reel""]","[0.9207431077957153, 0.01421536784619093, 0.008154671639204025, 0.0018998559098690748, 0.0015132807893678546]",True,True
b0035,data/raw/imagenette2-320/val/n01440764/n01440764_11151.JPEG,0,0,tench,0.8800679445266724,"[0, 389, 391, 394, 126]","[""tench"", ""barracouta"", ""coho"", ""sturgeon"", ""isopod""]","[0.8800679445266724, 0.004864743445068598, 0.002832625061273575, 0.001725369249470532, 0.0010469923727214336]",True,True
b0036,data/raw/imagenette2-320/val/n01440764/n01440764_10482.JPEG,0,0,tench,0.6541221737861633,"[0, 394, 389, 395, 391]","[""tench"", ""sturgeon"", ""barracouta"", ""gar"", ""coho""]","[0.6541221737861633, 0.1497858166694641, 0.06626459211111069, 0.014788984321057796, 0.006336964666843414]",True,True
b0037,data/raw/imagenette2-320/val/n01440764/n01440764_12702.JPEG,0,0,tench,0.8020973801612854,"[0, 389, 395, 394, 758]","[""tench"", ""barracouta"", ""gar"", ""sturgeon"", ""reel""]","[0.8020973801612854, 0.10001225024461746, 0.005490825977176428, 0.0033301857765764, 0.0009232735028490424]",True,True
b0038,data/raw/imagenette2-320/val/n01440764/n01440764_12151.JPEG,0,0,tench,0.7941408157348633,"[0, 389, 394, 395, 391]","[""tench"", ""barracouta"", ""sturgeon"", ""gar"", ""coho""]","[0.7941408157348633, 0.04024559631943703, 0.020461032167077065, 0.010959879495203495, 0.004635591525584459]",True,True
b0039,data/raw/imagenette2-320/val/n01440764/n01440764_1561.JPEG,0,0,tench,0.969180166721344,"[0, 391, 389, 394, 395]","[""tench"", ""coho"", ""barracouta"", ""sturgeon"", ""gar""]","[0.969180166721344, 0.00693153589963913, 0.0016548300627619028, 0.0007784673944115639, 0.00041327078361064196]",True,True
b0040,data/raw/imagenette2-320/val/n01440764/n01440764_5361.JPEG,0,0,tench,0.9898530840873718,"[0, 389, 391, 103, 394]","[""tench"", ""barracouta"", ""coho"", ""platypus"", ""sturgeon""]","[0.9898530840873718, 0.000782982911914587, 0.0004370319365989417, 0.00023384559608530253, 0.00015926032210700214]",True,True
b0041,data/raw/imagenette2-320/val/n01440764/n01440764_7591.JPEG,0,0,tench,0.9410346746444702,"[0, 389, 391, 1, 395]","[""tench"", ""barracouta"", ""coho"", ""goldfish"", ""gar""]","[0.9410346746444702, 0.022528288885951042, 0.007763624656945467, 0.003665268188342452, 0.0029522443655878305]",True,True
b0042,data/raw/imagenette2-320/val/n01440764/n01440764_6410.JPEG,0,0,tench,0.7934619784355164,"[0, 389, 395, 394, 1]","[""tench"", ""barracouta"", ""gar"", ""sturgeon"", ""goldfish""]","[0.7934619784355164, 0.06266246736049652, 0.01952599547803402, 0.005549057386815548, 0.002381741302087903]",True,True
b0043,data/raw/imagenette2-320/val/n01440764/n01440764_7632.JPEG,0,0,tench,0.9564911127090454,"[0, 389, 391, 394, 103]","[""tench"", ""barracouta"", ""coho"", ""sturgeon"", ""platypus""]","[0.9564911127090454, 0.006043609697371721, 0.002339935163035989, 0.0009026502957567573, 0.00022617987997364253]",True,True
b0044,data/raw/imagenette2-320/val/n01440764/n01440764_7030.JPEG,0,0,tench,0.9264107942581177,"[0, 1, 389, 392, 758]","[""tench"", ""goldfish"", ""barracouta"", ""rock_beauty"", ""reel""]","[0.9264107942581177, 0.016760675236582756, 0.014705958776175976, 0.0013689968036487699, 0.0008622173918411136]",True,True
b0045,data/raw/imagenette2-320/val/n01440764/n01440764_25361.JPEG,0,0,tench,0.8493056297302246,"[0, 389, 394, 35, 395]","[""tench"", ""barracouta"", ""sturgeon"", ""mud_turtle"", ""gar""]","[0.8493056297302246, 0.015017442405223846, 0.0042937155812978745, 0.002621233696117997, 0.0019388280343264341]",True,True
b0046,data/raw/imagenette2-320/val/n01440764/n01440764_5432.JPEG,0,0,tench,0.8506020903587341,"[0, 391, 394, 389, 390]","[""tench"", ""coho"", ""sturgeon"", ""barracouta"", ""eel""]","[0.8506020903587341, 0.052625786513090134, 0.016216693446040154, 0.01118383277207613, 0.001469287322834134]",True,True
b0047,data/raw/imagenette2-320/val/n01440764/n01440764_13051.JPEG,0,0,tench,0.9786054491996765,"[0, 389, 391, 1, 103]","[""tench"", ""barracouta"", ""coho"", ""goldfish"", ""platypus""]","[0.9786054491996765, 0.0029153721407055855, 0.001017432427033782, 0.0009711231687106192, 0.0005106405005790293]",True,True
b0048,data/raw/imagenette2-320/val/n01440764/n01440764_3781.JPEG,0,0,tench,0.9285950064659119,"[0, 389, 391, 394, 390]","[""tench"", ""barracouta"", ""coho"", ""sturgeon"", ""eel""]","[0.9285950064659119, 0.0028753832448273897, 0.0011980814160779119, 0.0011408973950892687, 0.0005963471485301852]",True,True
b0049,data/raw/imagenette2-320/val/n01440764/n01440764_14650.JPEG,0,0,tench,0.9423189163208008,"[0, 389, 391, 1, 938]","[""tench"", ""barracouta"", ""coho"", ""goldfish"", ""cauliflower""]","[0.9423189163208008, 0.004102111794054508, 0.000750545586925, 0.0005231451359577477, 0.0002964633167721331]",True,True
b0050,data/raw/imagenette2-320/val/n02102040/n02102040_990.JPEG,217,217,English_springer,0.8665951490402222,"[217, 215, 212, 232, 239]","[""English_springer"", ""Brittany_spaniel"", ""English_setter"", ""Border_collie"", ""Bernese_mountain_dog""]","[0.8665951490402222, 0.019465478137135506, 0.007038743235170841, 0.006511924788355827, 0.004309952259063721]",True,True
b0051,data/raw/imagenette2-320/val/n02102040/n02102040_1632.JPEG,217,200,Tibetan_terrier,0.4909704923629761,"[200, 155, 217, 152, 229]","[""Tibetan_terrier"", ""Shih-Tzu"", ""English_springer"", ""Japanese_spaniel"", ""Old_English_sheepdog""]","[0.4909704923629761, 0.13924042880535126, 0.061619918793439865, 0.04052666574716568, 0.038308266550302505]",False,True
b0052,data/raw/imagenette2-320/val/n02102040/n02102040_3532.JPEG,217,217,English_springer,0.42021486163139343,"[217, 215, 210, 212, 218]","[""English_springer"", ""Brittany_spaniel"", ""German_short-haired_pointer"", ""English_setter"", ""Welsh_springer_spaniel""]","[0.42021486163139343, 0.30003517866134644, 0.09004472941160202, 0.05109188333153725, 0.035111602395772934]",True,True
b0053,data/raw/imagenette2-320/val/n02102040/n02102040_3052.JPEG,217,217,English_springer,0.9351249933242798,"[217, 215, 195, 232, 247]","[""English_springer"", ""Brittany_spaniel"", ""Boston_bull"", ""Border_collie"", ""Saint_Bernard""]","[0.9351249933242798, 0.010067682713270187, 0.00997429434210062, 0.008363110013306141, 0.005325796082615852]",True,True
b0054,data/raw/imagenette2-320/val/n02102040/n02102040_620.JPEG,217,217,English_springer,0.6460423469543457,"[217, 212, 215, 210, 232]","[""English_springer"", ""English_setter"", ""Brittany_spaniel"", ""German_short-haired_pointer"", ""Border_collie""]","[0.6460423469543457, 0.1417386680841446, 0.04079790785908699, 0.028714647516608238, 0.01878153160214424]",True,True
b0055,data/raw/imagenette2-320/val/n02102040/n02102040_4780.JPEG,217,217,English_springer,0.5083863139152527,"[217, 218, 220, 219, 215]","[""English_springer"", ""Welsh_springer_spaniel"", ""Sussex_spaniel"", ""cocker_spaniel"", ""Brittany_spaniel""]","[0.5083863139152527, 0.14568442106246948, 0.09977095574140549, 0.00962402019649744, 0.009300672449171543]",True,True
b0056,data/raw/imagenette2-320/val/n02102040/ILSVRC2012_val_00014280.JPEG,217,217,English_springer,0.8687394261360168,"[217, 218, 212, 215, 220]","[""English_springer"", ""Welsh_springer_spaniel"", ""English_setter"", ""Brittany_spaniel"", ""Sussex_spaniel""]","[0.8687394261360168, 0.020768815651535988, 0.015647251158952713, 0.013709058985114098, 0.005313904490321875]",True,True
b0057,data/raw/imagenette2-320/val/n02102040/n02102040_3091.JPEG,217,217,English_springer,0.7952941060066223,"[217, 215, 220, 232, 219]","[""English_springer"", ""Brittany_spaniel"", ""Sussex_spaniel"", ""Border_collie"", ""cocker_spaniel""]","[0.7952941060066223, 0.052835170179605484, 0.019862689077854156, 0.012563509866595268, 0.004116380587220192]",True,True
b0058,data/raw/imagenette2-320/val/n02102040/n02102040_5120.JPEG,217,217,English_springer,0.7965008020401001,"[217, 218, 215, 212, 219]","[""English_springer"", ""Welsh_springer_spaniel"", ""Brittany_spaniel"", ""English_setter"", ""cocker_spaniel""]","[0.7965008020401001, 0.028215806931257248, 0.015664253383874893, 0.01469961553812027, 0.005461754277348518]",True,True
b0059,data/raw/imagenette2-320/val/n02102040/n02102040_4352.JPEG,217,217,English_springer,0.7183730006217957,"[217, 218, 220, 215, 152]","[""English_springer"", ""Welsh_springer_spaniel"", ""Sussex_spaniel"", ""Brittany_spaniel"", ""Japanese_spaniel""]","[0.7183730006217957, 0.0848921537399292, 0.060796793550252914, 0.010176241397857666, 0.008401922881603241]",True,True
b0060,data/raw/imagenette2-320/val/n02102040/n02102040_1782.JPEG,217,217,English_springer,0.5951528549194336,"[217, 212, 232, 215, 247]","[""English_springer"", ""English_setter"", ""Border_collie"", ""Brittany_spaniel"", ""Saint_Bernard""]","[0.5951528549194336, 0.06799811869859695, 0.06406133621931076, 0.02571795880794525, 0.02562776207923889]",True,True
b0061,data/raw/imagenette2-320/val/n02102040/n02102040_3891.JPEG,217,217,English_springer,0.8910669088363647,"[217, 215, 219, 220, 212]","[""English_springer"", ""Brittany_spaniel"", ""cocker_spaniel"", ""Sussex_spaniel"", ""English_setter""]","[0.8910669088363647, 0.01523823756724596, 0.004677332937717438, 0.004118612967431545, 0.003512602997943759]",True,True
b0062,data/raw/imagenette2-320/val/n02102040/n02102040_1642.JPEG,217,217,English_springer,0.859499990940094,"[217, 218, 210, 220, 215]","[""English_springer"", ""Welsh_springer_spaniel"", ""German_short-haired_pointer"", ""Sussex_spaniel"", ""Brittany_spaniel""]","[0.859499990940094, 0.04062953591346741, 0.014306479133665562, 0.012979813851416111, 0.011723723262548447]",True,True
b0063,data/raw/imagenette2-320/val/n02102040/n02102040_5061.JPEG,217,217,English_springer,0.37443554401397705,"[217, 215, 218, 210, 212]","[""English_springer"", ""Brittany_spaniel"", ""Welsh_springer_spaniel"", ""German_short-haired_pointer"", ""English_setter""]","[0.37443554401397705, 0.1223003938794136, 0.03628113493323326, 0.035132620483636856, 0.02341701276600361]",True,True
b0064,data/raw/imagenette2-320/val/n02102040/n02102040_3582.JPEG,217,217,English_springer,0.6824924945831299,"[217, 229, 170, 212, 169]","[""English_springer"", ""Old_English_sheepdog"", ""Irish_wolfhound"", ""English_setter"", ""borzoi""]","[0.6824924945831299, 0.040936097502708435, 0.03022230602800846, 0.024332942441105843, 0.021095963194966316]",True,True
b0065,data/raw/imagenette2-320/val/n02102040/n02102040_2111.JPEG,217,586,half_track,0.09915846586227417,"[586, 217, 247, 218, 215]","[""half_track"", ""English_springer"", ""Saint_Bernard"", ""Welsh_springer_spaniel"", ""Brittany_spaniel""]","[0.09915846586227417, 0.09546681493520737, 0.07988987118005753, 0.07354460656642914, 0.05760689452290535]",False,True
b0066,data/raw/imagenette2-320/val/n02102040/n02102040_290.JPEG,217,217,English_springer,0.6957588195800781,"[217, 219, 220, 152, 218]","[""English_springer"", ""cocker_spaniel"", ""Sussex_spaniel"", ""Japanese_spaniel"", ""Welsh_springer_spaniel""]","[0.6957588195800781, 0.06864647567272186, 0.05331335589289665, 0.030520789325237274, 0.02043125219643116]",True,True
b0067,data/raw/imagenette2-320/val/n02102040/n02102040_4872.JPEG,217,217,English_springer,0.3640543818473816,"[217, 232, 218, 264, 256]","[""English_springer"", ""Border_collie"", ""Welsh_springer_spaniel"", ""Cardigan"", ""Newfoundland""]","[0.3640543818473816, 0.14160773158073425, 0.03843563795089722, 0.030507739633321762, 0.03013584017753601]",True,True
b0068,data/raw/imagenette2-320/val/n02102040/n02102040_460.JPEG,217,217,English_springer,0.8254876732826233,"[217, 220, 215, 218, 216]","[""English_springer"", ""Sussex_spaniel"", ""Brittany_spaniel"", ""Welsh_springer_spaniel"", ""clumber""]","[0.8254876732826233, 0.026342622935771942, 0.01988641731441021, 0.015243330039083958, 0.0045027839951217175]",True,True
b0069,data/raw/imagenette2-320/val/n02102040/n02102040_1160.JPEG,217,217,English_springer,0.6421945691108704,"[217, 216, 215, 212, 218]","[""English_springer"", ""clumber"", ""Brittany_spaniel"", ""English_setter"", ""Welsh_springer_spaniel""]","[0.6421945691108704, 0.0918598473072052, 0.058623433113098145, 0.04047870263457298, 0.020516298711299896]",True,True
b0070,data/raw/imagenette2-320/val/n02102040/n02102040_3462.JPEG,217,217,English_springer,0.8945779800415039,"[217, 219, 220, 218, 232]","[""English_springer"", ""cocker_spaniel"", ""Sussex_spaniel"", ""Welsh_springer_spaniel"", ""Border_collie""]","[0.8945779800415039, 0.02839728631079197, 0.0069301193580031395, 0.0036773134488612413, 0.003316841321066022]",True,True
b0071,data/raw/imagenette2-320/val/n02102040/n02102040_430.JPEG,217,217,English_springer,0.45605945587158203,"[217, 218, 220, 216, 219]","[""English_springer"", ""Welsh_springer_spaniel"", ""Sussex_spaniel"", ""clumber"", ""cocker_spaniel""]","[0.45605945587158203, 0.23520086705684662, 0.07717446237802505, 0.008477818220853806, 0.006693312898278236]",True,True
b0072,data/raw/imagenette2-320/val/n02102040/n02102040_700.JPEG,217,217,English_springer,0.5840837359428406,"[217, 218, 215, 156, 219]","[""English_springer"", ""Welsh_springer_spaniel"", ""Brittany_spaniel"", ""Blenheim_spaniel"", ""cocker_spaniel""]","[0.5840837359428406, 0.18407391011714935, 0.05007846653461456, 0.02761041559278965, 0.009167551063001156]",True,True
b0073,data/raw/imagenette2-320/val/n02102040/n02102040_1081.JPEG,217,217,English_springer,0.0891861766576767,"[217, 155, 797, 212, 169]","[""English_springer"", ""Shih-Tzu"", ""sleeping_bag"", ""English_setter"", ""borzoi""]","[0.0891861766576767, 0.06948695331811905, 0.062478914856910706, 0.05742467939853668, 0.054919447749853134]",True,True
b0074,data/raw/imagenette2-320/val/n02102040/n02102040_681.JPEG,217,217,English_springer,0.6086480617523193,"[217, 239, 232, 215, 238]","[""English_springer"", ""Bernese_mountain_dog"", ""Border_collie"", ""Brittany_spaniel"", ""Greater_Swiss_Mountain_dog""]","[0.6086480617523193, 0.204782634973526, 0.008718471974134445, 0.0075980545952916145, 0.00535967480391264]",True,True
b0075,data/raw/imagenette2-320/val/n02102040/n02102040_7421.JPEG,217,916,web_site,0.08552558720111847,"[916, 217, 208, 917, 227]","[""web_site"", ""English_springer"", ""Labrador_retriever"", ""comic_book"", ""kelpie""]","[0.08552558720111847, 0.0598437525331974, 0.05586422607302666, 0.04719855263829231, 0.03425740823149681]",False,True
b0076,data/raw/imagenette2-320/val/n02102040/n02102040_571.JPEG,217,217,English_springer,0.6051830649375916,"[217, 220, 216, 212, 218]","[""English_springer"", ""Sussex_spaniel"", ""clumber"", ""English_setter"", ""Welsh_springer_spaniel""]","[0.6051830649375916, 0.03564094007015228, 0.03269434720277786, 0.018126366659998894, 0.017831571400165558]",True,True
b0077,data/raw/imagenette2-320/val/n02102040/n02102040_960.JPEG,217,217,English_springer,0.40080881118774414,"[217, 232, 264, 231, 240]","[""English_springer"", ""Border_collie"", ""Cardigan"", ""collie"", ""Appenzeller""]","[0.40080881118774414, 0.13004423677921295, 0.0526018850505352, 0.03484225645661354, 0.03428681939840317]",True,True
b0078,data/raw/imagenette2-320/val/n02102040/n02102040_2481.JPEG,217,217,English_springer,0.6654074788093567,"[217, 220, 219, 218, 216]","[""English_springer"", ""Sussex_spaniel"", ""cocker_spaniel"", ""Welsh_springer_spaniel"", ""clumber""]","[0.6654074788093567, 0.13562335073947906, 0.02843778394162655, 0.01841062866151333, 0.008652480319142342]",True,True
b0079,data/raw/imagenette2-320/val/n02102040/n02102040_7002.JPEG,217,217,English_springer,0.5952178239822388,"[217, 218, 220, 215, 219]","[""English_springer"", ""Welsh_springer_spaniel"", ""Sussex_spaniel"", ""Brittany_spaniel"", ""cocker_spaniel""]","[0.5952178239822388, 0.30212220549583435, 0.016822393983602524, 0.014072791673243046, 0.006467381026595831]",True,True
b0080,data/raw/imagenette2-320/val/n02102040/n02102040_4250.JPEG,217,217,English_springer,0.6145230531692505,"[217, 218, 215, 212, 220]","[""English_springer"", ""Welsh_springer_spaniel"", ""Brittany_spaniel"", ""English_setter"", ""Sussex_spaniel""]","[0.6145230531692505, 0.07574854791164398, 0.04097898676991463, 0.01679803431034088, 0.01646876335144043]",True,True
b0081,data/raw/imagenette2-320/val/n02102040/n02102040_8272.JPEG,217,217,English_springer,0.6340044140815735,"[217, 218, 220, 215, 219]","[""English_springer"", ""Welsh_springer_spaniel"", ""Sussex_spaniel"", ""Brittany_spaniel"", ""cocker_spaniel""]","[0.6340044140815735, 0.1270184963941574, 0.052688464522361755, 0.026969609782099724, 0.009725661017000675]",True,True
b0082,data/raw/imagenette2-320/val/n02102040/n02102040_970.JPEG,217,217,English_springer,0.33673346042633057,"[217, 215, 218, 250, 176]","[""English_springer"", ""Brittany_spaniel"", ""Welsh_springer_spaniel"", ""Siberian_husky"", ""Saluki""]","[0.33673346042633057, 0.16731421649456024, 0.1188143640756607, 0.03824549913406372, 0.03483298793435097]",True,True
b0083,data/raw/imagenette2-320/val/n02102040/n02102040_1201.JPEG,217,217,English_springer,0.8957993388175964,"[217, 215, 219, 216, 212]","[""English_springer"", ""Brittany_spaniel"", ""cocker_spaniel"", ""clumber"", ""English_setter""]","[0.8957993388175964, 0.013140012510120869, 0.007774545345455408, 0.006273366045206785, 0.0048746163956820965]",True,True
b0084,data/raw/imagenette2-320/val/n02102040/n02102040_3260.JPEG,217,217,English_springer,0.5193265676498413,"[217, 218, 220, 219, 216]","[""English_springer"", ""Welsh_springer_spaniel"", ""Sussex_spaniel"", ""cocker_spaniel"", ""clumber""]","[0.5193265676498413, 0.15950044989585876, 0.0871441513299942, 0.05830918252468109, 0.012918963097035885]",True,True
b0085,data/raw/imagenette2-320/val/n02102040/n02102040_7011.JPEG,217,217,English_springer,0.7087703943252563,"[217, 219, 218, 220, 212]","[""English_springer"", ""cocker_spaniel"", ""Welsh_springer_spaniel"", ""Sussex_spaniel"", ""English_setter""]","[0.7087703943252563, 0.09350323677062988, 0.049857474863529205, 0.04496539384126663, 0.014424352906644344]",True,True
b0086,data/raw/imagenette2-320/val/n02102040/n02102040_4801.JPEG,217,217,English_springer,0.8569096326828003,"[217, 215, 232, 212, 220]","[""English_springer"", ""Brittany_spaniel"", ""Border_collie"", ""English_setter"", ""Sussex_spaniel""]","[0.8569096326828003, 0.018719196319580078, 0.014261513017117977, 0.012312332168221474, 0.004682417493313551]",True,True
b0087,data/raw/imagenette2-320/val/n02102040/n02102040_350.JPEG,217,217,English_springer,0.8636278510093689,"[217, 220, 218, 216, 219]","[""English_springer"", ""Sussex_spaniel"", ""Welsh_springer_spaniel"", ""clumber"", ""cocker_spaniel""]","[0.8636278510093689, 0.03336038812994957, 0.03321177884936333, 0.012648024596273899, 0.0044785067439079285]",True,True
b0088,data/raw/imagenette2-320/val/n02102040/n02102040_702.JPEG,217,217,English_springer,0.468090683221817,"[217, 219, 215, 220, 152]","[""English_springer"", ""cocker_spaniel"", ""Brittany_spaniel"", ""Sussex_spaniel"", ""Japanese_spaniel""]","[0.468090683221817, 0.0885782316327095, 0.05637696012854576, 0.04203956574201584, 0.03424444794654846]",True,True
b0089,data/raw/imagenette2-320/val/n02102040/n02102040_1300.JPEG,217,217,English_springer,0.6321015954017639,"[217, 215, 218, 220, 212]","[""English_springer"", ""Brittany_spaniel"", ""Welsh_springer_spaniel"", ""Sussex_spaniel"", ""English_setter""]","[0.6321015954017639, 0.15985536575317383, 0.020622458308935165, 0.01695833168923855, 0.012174459174275398]",True,True
b0090,data/raw/imagenette2-320/val/n02102040/ILSVRC2012_val_00016582.JPEG,217,217,English_springer,0.5619834065437317,"[217, 219, 220, 212, 216]","[""English_springer"", ""cocker_spaniel"", ""Sussex_spaniel"", ""English_setter"", ""clumber""]","[0.5619834065437317, 0.18919256329536438, 0.035539109259843826, 0.03441544622182846, 0.015458155423402786]",True,True
b0091,data/raw/imagenette2-320/val/n02102040/n02102040_911.JPEG,217,217,English_springer,0.4400465786457062,"[217, 232, 256, 231, 205]","[""English_springer"", ""Border_collie"", ""Newfoundland"", ""collie"", ""flat-coated_retriever""]","[0.4400465786457062, 0.2914919853210449, 0.03293432295322418, 0.030365051701664925, 0.00853664055466652]",True,True
b0092,data/raw/imagenette2-320/val/n02102040/n02102040_1310.JPEG,217,217,English_springer,0.8040601015090942,"[217, 220, 219, 156, 152]","[""English_springer"", ""Sussex_spaniel"", ""cocker_spaniel"", ""Blenheim_spaniel"", ""Japanese_spaniel""]","[0.8040601015090942, 0.035321470350027084, 0.015458814799785614, 0.014781976118683815, 0.011310330592095852]",True,True
b0093,data/raw/imagenette2-320/val/n02102040/n02102040_2950.JPEG,217,217,English_springer,0.9576460719108582,"[217, 195, 232, 220, 245]","[""English_springer"", ""Boston_bull"", ""Border_collie"", ""Sussex_spaniel"", ""French_bulldog""]","[0.9576460719108582, 0.007335779722779989, 0.0034311043564230204, 0.001980647211894393, 0.001681080088019371]",True,True
b0094,data/raw/imagenette2-320/val/n02102040/n02102040_1842.JPEG,217,217,English_springer,0.6189147233963013,"[217, 220, 218, 219, 216]","[""English_springer"", ""Sussex_spaniel"", ""Welsh_springer_spaniel"", ""cocker_spaniel"", ""clumber""]","[0.6189147233963013, 0.09915657341480255, 0.08414758741855621, 0.021137621253728867, 0.012176615186035633]",True,True
b0095,data/raw/imagenette2-320/val/n02102040/n02102040_4320.JPEG,217,217,English_springer,0.7510745525360107,"[217, 215, 220, 218, 212]","[""English_springer"", ""Brittany_spaniel"", ""Sussex_spaniel"", ""Welsh_springer_spaniel"", ""English_setter""]","[0.7510745525360107, 0.02335292287170887, 0.022488752380013466, 0.016844622790813446, 0.010567603632807732]",True,True
b0096,data/raw/imagenette2-320/val/n02102040/n02102040_8012.JPEG,217,217,English_springer,0.38017162680625916,"[217, 212, 210, 215, 188]","[""English_springer"", ""English_setter"", ""German_short-haired_pointer"", ""Brittany_spaniel"", ""wire-haired_fox_terrier""]","[0.38017162680625916, 0.29922568798065186, 0.0701262429356575, 0.03604981675744057, 0.03325241804122925]",True,True
b0097,data/raw/imagenette2-320/val/n02102040/n02102040_5101.JPEG,217,217,English_springer,0.8989783525466919,"[217, 256, 219, 232, 200]","[""English_springer"", ""Newfoundland"", ""cocker_spaniel"", ""Border_collie"", ""Tibetan_terrier""]","[0.8989783525466919, 0.015632549300789833, 0.012882091104984283, 0.010808927938342094, 0.004434657283127308]",True,True
b0098,data/raw/imagenette2-320/val/n02102040/n02102040_5091.JPEG,217,217,English_springer,0.30453166365623474,"[217, 219, 220, 218, 216]","[""English_springer"", ""cocker_spaniel"", ""Sussex_spaniel"", ""Welsh_springer_spaniel"", ""clumber""]","[0.30453166365623474, 0.18355987966060638, 0.12561315298080444, 0.06642014533281326, 0.049471206963062286]",True,True
b0099,data/raw/imagenette2-320/val/n02102040/n02102040_281.JPEG,217,217,English_springer,0.45785415172576904,"[217, 216, 220, 218, 215]","[""English_springer"", ""clumber"", ""Sussex_spaniel"", ""Welsh_springer_spaniel"", ""Brittany_spaniel""]","[0.45785415172576904, 0.06590653955936432, 0.059117577970027924, 0.05670616030693054, 0.037842757999897]",True,True
b0100,data/raw/imagenette2-320/val/n02979186/n02979186_8861.JPEG,482,592,hard_disc,0.4328423738479614,"[592, 848, 482, 481, 732]","[""hard_disc"", ""tape_player"", ""cassette_player"", ""cassette"", ""Polaroid_camera""]","[0.4328423738479614, 0.2151985615491867, 0.17532214522361755, 0.05742388963699341, 0.017204182222485542]",False,True
b0101,data/raw/imagenette2-320/val/n02979186/n02979186_22882.JPEG,482,848,tape_player,0.4241524934768677,"[848, 482, 485, 891, 662]","[""tape_player"", ""cassette_player"", ""CD_player"", ""waffle_iron"", ""modem""]","[0.4241524934768677, 0.25767263770103455, 0.17140530049800873, 0.0034526721574366093, 0.003077771980315447]",False,True
b0102,data/raw/imagenette2-320/val/n02979186/n02979186_1561.JPEG,482,482,cassette_player,0.728497326374054,"[482, 848, 485, 754, 481]","[""cassette_player"", ""tape_player"", ""CD_player"", ""radio"", ""cassette""]","[0.728497326374054, 0.1742284893989563, 0.043331921100616455, 0.012043511494994164, 0.009214299730956554]",True,True
b0103,data/raw/imagenette2-320/val/n02979186/n02979186_16142.JPEG,482,848,tape_player,0.31057867407798767,"[848, 482, 662, 754, 481]","[""tape_player"", ""cassette_player"", ""modem"", ""radio"", ""cassette""]","[0.31057867407798767, 0.23441529273986816, 0.08097591996192932, 0.07597105205059052, 0.07402048259973526]",False,True
b0104,data/raw/imagenette2-320/val/n02979186/n02979186_11000.JPEG,482,527,desktop_computer,0.21194031834602356,"[527, 632, 848, 754, 664]","[""desktop_computer"", ""loudspeaker"", ""tape_player"", ""radio"", ""monitor""]","[0.21194031834602356, 0.14047007262706757, 0.10046830773353577, 0.0935748964548111, 0.06261590123176575]",False,False
b0105,data/raw/imagenette2-320/val/n02979186/n02979186_3321.JPEG,482,482,cassette_player,0.38693109154701233,"[482, 848, 754, 481, 662]","[""cassette_player"", ""tape_player"", ""radio"", ""cassette"", ""modem""]","[0.38693109154701233, 0.3846709132194519, 0.0760798305273056, 0.04740875959396362, 0.017020471394062042]",True,True
b0106,data/raw/imagenette2-320/val/n02979186/n02979186_11481.JPEG,482,848,tape_player,0.49029406905174255,"[848, 482, 481, 893, 732]","[""tape_player"", ""cassette_player"", ""cassette"", ""wallet"", ""Polaroid_camera""]","[0.49029406905174255, 0.19241489470005035, 0.05608512461185455, 0.03805134817957878, 0.015443426556885242]",False,True
b0107,data/raw/imagenette2-320/val/n02979186/ILSVRC2012_val_00042482.JPEG,482,848,tape_player,0.643312394618988,"[848, 482, 485, 632, 754]","[""tape_player"", ""cassette_player"", ""CD_player"", ""loudspeaker"", ""radio""]","[0.643312394618988, 0.15538494288921356, 0.10900599509477615, 0.0336846299469471, 0.015908291563391685]",False,True
b0108,data/raw/imagenette2-320/val/n02979186/n02979186_15800.JPEG,482,848,tape_player,0.550619900226593,"[848, 482, 485, 754, 548]","[""tape_player"", ""cassette_player"", ""CD_player"", ""radio"", ""entertainment_center""]","[0.550619900226593, 0.2462937831878662, 0.08211061358451843, 0.040523260831832886, 0.009192475117743015]",False,True
b0109,data/raw/imagenette2-320/val/n02979186/n02979186_351.JPEG,482,656,minivan,0.42284470796585083,"[656, 436, 479, 627, 482]","[""minivan"", ""beach_wagon"", ""car_wheel"", ""limousine"", ""cassette_player""]","[0.42284470796585083, 0.14186511933803558, 0.06273967027664185, 0.045382268726825714, 0.024124370887875557]",False,True
b0110,data/raw/imagenette2-320/val/n02979186/n02979186_22101.JPEG,482,482,cassette_player,0.5655755996704102,"[482, 632, 848, 754, 811]","[""cassette_player"", ""loudspeaker"", ""tape_player"", ""radio"", ""space_heater""]","[0.5655755996704102, 0.11758163571357727, 0.11725868284702301, 0.0940157100558281, 0.05139049142599106]",True,True
b0111,data/raw/imagenette2-320/val/n02979186/n02979186_3902.JPEG,482,548,entertainment_center,0.584086000919342,"[548, 598, 851, 848, 482]","[""entertainment_center"", ""home_theater"", ""television"", ""tape_player"", ""cassette_player""]","[0.584086000919342, 0.1396293342113495, 0.03146155923604965, 0.021033311262726784, 0.011381909251213074]",False,True
b0112,data/raw/imagenette2-320/val/n02979186/n02979186_14251.JPEG,482,481,cassette,0.9655778408050537,"[481, 848, 482, 592, 710]","[""cassette"", ""tape_player"", ""cassette_player"", ""hard_disc"", ""pencil_sharpener""]","[0.9655778408050537, 0.013953196816146374, 0.011619644239544868, 0.0006458180723711848, 0.0004999038646928966]",False,True
b0113,data/raw/imagenette2-320/val/n02979186/n02979186_23650.JPEG,482,482,cassette_player,0.5040238499641418,"[482, 848, 485, 754, 481]","[""cassette_player"", ""tape_player"", ""CD_player"", ""radio"", ""cassette""]","[0.5040238499641418, 0.20038476586341858, 0.16351130604743958, 0.025290129706263542, 0.007648881990462542]",True,True
b0114,data/raw/imagenette2-320/val/n02979186/n02979186_10670.JPEG,482,482,cassette_player,0.7118492126464844,"[482, 848, 754, 485, 481]","[""cassette_player"", ""tape_player"", ""radio"", ""CD_player"", ""cassette""]","[0.7118492126464844, 0.15529565513134003, 0.04208574816584587, 0.028812604025006294, 0.007995658554136753]",True,True
b0115,data/raw/imagenette2-320/val/n02979186/n02979186_5280.JPEG,482,548,entertainment_center,0.4835142195224762,"[548, 851, 598, 632, 527]","[""entertainment_center"", ""television"", ""home_theater"", ""loudspeaker"", ""desktop_computer""]","[0.4835142195224762, 0.2158137559890747, 0.05634857714176178, 0.019658686593174934, 0.015511421486735344]",False,False
b0116,data/raw/imagenette2-320/val/n02979186/n02979186_271.JPEG,482,848,tape_player,0.30300724506378174,"[848, 453, 548, 482, 598]","[""tape_player"", ""bookcase"", ""entertainment_center"", ""cassette_player"", ""home_theater""]","[0.30300724506378174, 0.22481045126914978, 0.17681843042373657, 0.11220108717679977, 0.024071212857961655]",False,True
b0117,data/raw/imagenette2-320/val/n02979186/n02979186_15432.JPEG,482,487,cellular_telephone,0.19697682559490204,"[487, 482, 485, 848, 761]","[""cellular_telephone"", ""cassette_player"", ""CD_player"", ""tape_player"", ""remote_control""]","[0.19697682559490204, 0.17883090674877167, 0.10328689962625504, 0.08575733751058578, 0.07078443467617035]",False,True
b0118,data/raw/imagenette2-320/val/n02979186/n02979186_13661.JPEG,482,848,tape_player,0.4674796462059021,"[848, 482, 485, 754, 481]","[""tape_player"", ""cassette_player"", ""CD_player"", ""radio"", ""cassette""]","[0.4674796462059021, 0.24748015403747559, 0.12127736210823059, 0.037024933844804764, 0.033914726227521896]",False,True
b0119,data/raw/imagenette2-320/val/n02979186/n02979186_10691.JPEG,482,485,CD_player,0.41089287400245667,"[485, 482, 848, 778, 754]","[""CD_player"", ""cassette_player"", ""tape_player"", ""scale"", ""radio""]","[0.41089287400245667, 0.2937334179878235, 0.06925202906131744, 0.02630983479321003, 0.01041735801845789]",False,True
b0120,data/raw/imagenette2-320/val/n02979186/n02979186_560.JPEG,482,848,tape_player,0.37492835521698,"[848, 482, 754, 481, 485]","[""tape_player"", ""cassette_player"", ""radio"", ""cassette"", ""CD_player""]","[0.37492835521698, 0.19979164004325867, 0.10003753751516342, 0.09357748180627823, 0.020899781957268715]",False,True
b0121,data/raw/imagenette2-320/val/n02979186/n02979186_15401.JPEG,482,848,tape_player,0.33084535598754883,"[848, 485, 482, 632, 754]","[""tape_player"", ""CD_player"", ""cassette_player"", ""loudspeaker"", ""radio""]","[0.33084535598754883, 0.2329997718334198, 0.2015913426876068, 0.05031280592083931, 0.03064250759780407]",False,True
b0122,data/raw/imagenette2-320/val/n02979186/n02979186_6851.JPEG,482,848,tape_player,0.38919445872306824,"[848, 482, 487, 662, 732]","[""tape_player"", ""cassette_player"", ""cellular_telephone"", ""modem"", ""Polaroid_camera""]","[0.38919445872306824, 0.21861311793327332, 0.07512662559747696, 0.052187614142894745, 0.037926945835351944]",False,True
b0123,data/raw/imagenette2-320/val/n02979186/n02979186_5031.JPEG,482,482,cassette_player,0.4886898696422577,"[482, 848, 485, 754, 481]","[""cassette_player"", ""tape_player"", ""CD_player"", ""radio"", ""cassette""]","[0.4886898696422577, 0.28445446491241455, 0.15419955551624298, 0.014922588132321835, 0.01099033746868372]",True,True
b0124,data/raw/imagenette2-320/val/n02979186/n02979186_26802.JPEG,482,482,cassette_player,0.701884388923645,"[482, 848, 742, 713, 606]","[""cassette_player"", ""tape_player"", ""printer"", ""photocopier"", ""iron""]","[0.701884388923645, 0.059803467243909836, 0.05186920985579491, 0.041522540152072906, 0.029159752652049065]",True,True
b0125,data/raw/imagenette2-320/val/n02979186/n02979186_9450.JPEG,482,593,harmonica,0.325303852558136,"[593, 482, 848, 481, 487]","[""harmonica"", ""cassette_player"", ""tape_player"", ""cassette"", ""cellular_telephone""]","[0.325303852558136, 0.10361843556165695, 0.09588615596294403, 0.09463925659656525, 0.029297595843672752]",False,True
b0126,data/raw/imagenette2-320/val/n02979186/n02979186_6271.JPEG,482,482,cassette_player,0.8260436654090881,"[482, 848, 754, 485, 606]","[""cassette_player"", ""tape_player"", ""radio"", ""CD_player"", ""iron""]","[0.8260436654090881, 0.06741628050804138, 0.051073107868433, 0.017183225601911545, 0.0016406059730798006]",True,True
b0127,data/raw/imagenette2-320/val/n02979186/n02979186_11861.JPEG,482,482,cassette_player,0.9103632569313049,"[482, 848, 485, 481, 754]","[""cassette_player"", ""tape_player"", ""CD_player"", ""cassette"", ""radio""]","[0.9103632569313049, 0.03985944762825966, 0.008823079988360405, 0.0077407993376255035, 0.003630956169217825]",True,True
b0128,data/raw/imagenette2-320/val/n02979186/n02979186_2810.JPEG,482,482,cassette_player,0.5177403688430786,"[482, 848, 485, 754, 481]","[""cassette_player"", ""tape_player"", ""CD_player"", ""radio"", ""cassette""]","[0.5177403688430786, 0.36555129289627075, 0.07718212157487869, 0.006377526093274355, 0.004104758612811565]",True,True
b0129,data/raw/imagenette2-320/val/n02979186/n02979186_15350.JPEG,482,848,tape_player,0.46517419815063477,"[848, 482, 481, 485, 754]","[""tape_player"", ""cassette_player"", ""cassette"", ""CD_player"", ""radio""]","[0.46517419815063477, 0.21161064505577087, 0.11324811726808548, 0.020767362788319588, 0.011264883913099766]",False,True
b0130,data/raw/imagenette2-320/val/n02979186/n02979186_3010.JPEG,482,848,tape_player,0.28110137581825256,"[848, 482, 485, 754, 481]","[""tape_player"", ""cassette_player"", ""CD_player"", ""radio"", ""cassette""]","[0.28110137581825256, 0.2633732557296753, 0.17008134722709656, 0.08675467222929001, 0.01958545669913292]",False,True
b0131,data/raw/imagenette2-320/val/n02979186/n02979186_20220.JPEG,482,482,cassette_player,0.3282621502876282,"[482, 485, 848, 754, 481]","[""cassette_player"", ""CD_player"", ""tape_player"", ""radio"", ""cassette""]","[0.3282621502876282, 0.30336421728134155, 0.1975417584180832, 0.051102302968502045, 0.015623366460204124]",True,True
b0132,data/raw/imagenette2-320/val/n02979186/n02979186_11971.JPEG,482,848,tape_player,0.4491633176803589,"[848, 482, 485, 754, 481]","[""tape_player"", ""cassette_player"", ""CD_player"", ""radio"", ""cassette""]","[0.4491633176803589, 0.41732603311538696, 0.026191668584942818, 0.021369678899645805, 0.010147466324269772]",False,True
b0133,data/raw/imagenette2-320/val/n02979186/n02979186_9371.JPEG,482,754,radio,0.2907760739326477,"[754, 482, 485, 848, 481]","[""radio"", ""cassette_player"", ""CD_player"", ""tape_player"", ""cassette""]","[0.2907760739326477, 0.21501195430755615, 0.14843104779720306, 0.11437913030385971, 0.021278714761137962]",False,True
b0134,data/raw/imagenette2-320/val/n02979186/n02979186_20701.JPEG,482,482,cassette_player,0.22398295998573303,"[482, 662, 485, 487, 754]","[""cassette_player"", ""modem"", ""CD_player"", ""cellular_telephone"", ""radio""]","[0.22398295998573303, 0.2004520744085312, 0.09595903754234314, 0.06969919055700302, 0.06858644634485245]",True,True
b0135,data/raw/imagenette2-320/val/n02979186/n02979186_19390.JPEG,482,482,cassette_player,0.2818775177001953,"[482, 485, 848, 754, 632]","[""cassette_player"", ""CD_player"", ""tape_player"", ""radio"", ""loudspeaker""]","[0.2818775177001953, 0.1488732099533081, 0.12782657146453857, 0.10067248344421387, 0.06290800124406815]",True,True
b0136,data/raw/imagenette2-320/val/n02979186/n02979186_15521.JPEG,482,848,tape_player,0.5277973413467407,"[848, 482, 485, 481, 754]","[""tape_player"", ""cassette_player"", ""CD_player"", ""cassette"", ""radio""]","[0.5277973413467407, 0.3666469156742096, 0.0357653982937336, 0.02101287618279457, 0.006513596046715975]",False,True
b0137,data/raw/imagenette2-320/val/n02979186/n02979186_2742.JPEG,482,848,tape_player,0.39436525106430054,"[848, 482, 485, 754, 685]","[""tape_player"", ""cassette_player"", ""CD_player"", ""radio"", ""odometer""]","[0.39436525106430054, 0.33314070105552673, 0.08888179808855057, 0.020988829433918, 0.01929125189781189]",False,True
b0138,data/raw/imagenette2-320/val/n02979186/n02979186_4971.JPEG,482,482,cassette_player,0.3369694948196411,"[482, 848, 485, 713, 481]","[""cassette_player"", ""tape_player"", ""CD_player"", ""photocopier"", ""cassette""]","[0.3369694948196411, 0.2944554090499878, 0.1110088974237442, 0.06546970456838608, 0.016201544553041458]",True,True
b0139,data/raw/imagenette2-320/val/n02979186/n02979186_21401.JPEG,482,482,cassette_player,0.40029311180114746,"[482, 848, 485, 754, 481]","[""cassette_player"", ""tape_player"", ""CD_player"", ""radio"", ""cassette""]","[0.40029311180114746, 0.2897879481315613, 0.1667705923318863, 0.053193848580121994, 0.013349072076380253]",True,True
b0140,data/raw/imagenette2-320/val/n02979186/ILSVRC2012_val_00043731.JPEG,482,742,printer,0.2585379481315613,"[742, 848, 482, 713, 485]","[""printer"", ""tape_player"", ""cassette_player"", ""photocopier"", ""CD_player""]","[0.2585379481315613, 0.19087351858615875, 0.07544601708650589, 0.02831968478858471, 0.025877438485622406]",False,True
b0141,data/raw/imagenette2-320/val/n02979186/n02979186_2051.JPEG,482,481,cassette,0.7021721601486206,"[481, 848, 482, 592, 742]","[""cassette"", ""tape_player"", ""cassette_player"", ""hard_disc"", ""printer""]","[0.7021721601486206, 0.15303529798984528, 0.08310393244028091, 0.03343667834997177, 0.0033618388697504997]",False,True
b0142,data/raw/imagenette2-320/val/n02979186/n02979186_21392.JPEG,482,482,cassette_player,0.9670313000679016,"[482, 848, 485, 481, 754]","[""cassette_player"", ""tape_player"", ""CD_player"", ""cassette"", ""radio""]","[0.9670313000679016, 0.01842079684138298, 0.005199762526899576, 0.0021863256115466356, 0.0006254415493458509]",True,True
b0143,data/raw/imagenette2-320/val/n02979186/n02979186_3620.JPEG,482,482,cassette_player,0.436467707157135,"[482, 848, 485, 754, 632]","[""cassette_player"", ""tape_player"", ""CD_player"", ""radio"", ""loudspeaker""]","[0.436467707157135, 0.12974846363067627, 0.1165381595492363, 0.08603329211473465, 0.05501424893736839]",True,True
b0144,data/raw/imagenette2-320/val/n02979186/n02979186_2981.JPEG,482,482,cassette_player,0.8307185173034668,"[482, 485, 848, 481, 635]","[""cassette_player"", ""CD_player"", ""tape_player"", ""cassette"", ""magnetic_compass""]","[0.8307185173034668, 0.0321313738822937, 0.03093033656477928, 0.0079240957275033, 0.005111077334731817]",True,True
b0145,data/raw/imagenette2-320/val/n02979186/n02979186_931.JPEG,482,662,modem,0.45391371846199036,"[662, 482, 590, 921, 754]","[""modem"", ""cassette_player"", ""hand-held_computer"", ""book_jacket"", ""radio""]","[0.45391371846199036, 0.22760646045207977, 0.028255635872483253, 0.016852663829922676, 0.012569083832204342]",False,True
b0146,data/raw/imagenette2-320/val/n02979186/n02979186_9232.JPEG,482,848,tape_player,0.4881611466407776,"[848, 482, 481, 754, 485]","[""tape_player"", ""cassette_player"", ""cassette"", ""radio"", ""CD_player""]","[0.4881611466407776, 0.41489166021347046, 0.05893451347947121, 0.005644654389470816, 0.002289403462782502]",False,True
b0147,data/raw/imagenette2-320/val/n02979186/n02979186_19190.JPEG,482,482,cassette_player,0.8665075302124023,"[482, 811, 848, 754, 485]","[""cassette_player"", ""space_heater"", ""tape_player"", ""radio"", ""CD_player""]","[0.8665075302124023, 0.034019093960523605, 0.029491500928997993, 0.008672974072396755, 0.006395053584128618]",True,True
b0148,data/raw/imagenette2-320/val/n02979186/n02979186_13950.JPEG,482,482,cassette_player,0.36573076248168945,"[482, 848, 481, 754, 485]","[""cassette_player"", ""tape_player"", ""cassette"", ""radio"", ""CD_player""]","[0.36573076248168945, 0.34455105662345886, 0.08054924756288528, 0.052502647042274475, 0.051057521253824234]",True,True
b0149,data/raw/imagenette2-320/val/n02979186/n02979186_1542.JPEG,482,848,tape_player,0.3580087423324585,"[848, 482, 481, 754, 485]","[""tape_player"", ""cassette_player"", ""cassette"", ""radio"", ""CD_player""]","[0.3580087423324585, 0.18285402655601501, 0.12042152881622314, 0.08868583291769028, 0.08496972173452377]",False,True
b0150,data/raw/imagenette2-320/val/n03000684/n03000684_17431.JPEG,491,491,chain_saw,0.9490694999694824,"[491, 413, 464, 795, 777]","[""chain_saw"", ""assault_rifle"", ""buckle"", ""ski"", ""scabbard""]","[0.9490694999694824, 0.001731127267703414, 0.0015061566373333335, 0.0010834077838808298, 0.0008091484196484089]",True,True
b0151,data/raw/imagenette2-320/val/n03000684/n03000684_9260.JPEG,491,491,chain_saw,0.9815829396247864,"[491, 830, 740, 371, 972]","[""chain_saw"", ""stretcher"", ""power_drill"", ""patas"", ""cliff""]","[0.9815829396247864, 0.00085802236571908, 0.0008574624080210924, 0.00048433832125738263, 0.0004656936798710376]",True,True
b0152,data/raw/imagenette2-320/val/n03000684/n03000684_10820.JPEG,491,491,chain_saw,0.9994091987609863,"[491, 740, 621, 803, 394]","[""chain_saw"", ""power_drill"", ""lawn_mower"", ""snowplow"", ""sturgeon""]","[0.9994091987609863, 3.0268447517300956e-05, 2.5457906303927302e-05, 1.7311976989731193e-05, 1.6530913853785023e-05]",True,True
b0153,data/raw/imagenette2-320/val/n03000684/n03000684_1100.JPEG,491,491,chain_saw,0.7379269599914551,"[491, 880, 621, 543, 570]","[""chain_saw"", ""unicycle"", ""lawn_mower"", ""dumbbell"", ""gasmask""]","[0.7379269599914551, 0.01862959749996662, 0.012479177676141262, 0.005983855575323105, 0.0053261881694197655]",True,True
b0154,data/raw/imagenette2-320/val/n03000684/n03000684_7822.JPEG,491,491,chain_saw,0.9639378190040588,"[491, 621, 740, 730, 803]","[""chain_saw"", ""lawn_mower"", ""power_drill"", ""plow"", ""snowplow""]","[0.9639378190040588, 0.002105514984577894, 0.0014779004268348217, 0.0005386318080127239, 0.0005116279353387654]",True,True
b0155,data/raw/imagenette2-320/val/n03000684/n03000684_3470.JPEG,491,491,chain_saw,0.4468810558319092,"[491, 634, 730, 866, 577]","[""chain_saw"", ""lumbermill"", ""plow"", ""tractor"", ""gong""]","[0.4468810558319092, 0.4467839002609253, 0.018732966855168343, 0.015515926294028759, 0.012243466451764107]",True,True
b0156,data/raw/imagenette2-320/val/n03000684/n03000684_13352.JPEG,491,491,chain_saw,0.9126099944114685,"[491, 758, 882, 740, 621]","[""chain_saw"", ""reel"", ""vacuum"", ""power_drill"", ""lawn_mower""]","[0.9126099944114685, 0.0018133792327716947, 0.0014147658366709948, 0.0009355004876852036, 0.0009225475951097906]",True,True
b0157,data/raw/imagenette2-320/val/n03000684/n03000684_2961.JPEG,491,491,chain_saw,0.9847849607467651,"[491, 621, 830, 758, 740]","[""chain_saw"", ""lawn_mower"", ""stretcher"", ""reel"", ""power_drill""]","[0.9847849607467651, 0.003124944167211652, 0.0020834242459386587, 0.0010596171487122774, 0.0009226056863553822]",True,True
b0158,data/raw/imagenette2-320/val/n03000684/n03000684_5970.JPEG,491,491,chain_saw,0.9523881077766418,"[491, 464, 803, 674, 593]","[""chain_saw"", ""buckle"", ""snowplow"", ""mousetrap"", ""harmonica""]","[0.9523881077766418, 0.0007861249032430351, 0.0007674092194065452, 0.0007025004597380757, 0.00047362555051222444]",True,True
b0159,data/raw/imagenette2-320/val/n03000684/n03000684_30692.JPEG,491,491,chain_saw,0.9373234510421753,"[491, 803, 595, 621, 866]","[""chain_saw"", ""snowplow"", ""harvester"", ""lawn_mower"", ""tractor""]","[0.9373234510421753, 0.00852963887155056, 0.0034938028547912836, 0.0027884964365512133, 0.002192498417571187]",True,True
b0160,data/raw/imagenette2-320/val/n03000684/n03000684_9182.JPEG,491,491,chain_saw,0.9639850854873657,"[491, 634, 595, 726, 861]","[""chain_saw"", ""lumbermill"", ""harvester"", ""plane"", ""toilet_seat""]","[0.9639850854873657, 0.0036093255039304495, 0.0013754134997725487, 0.0008786253165453672, 0.0008235879940912127]",True,True
b0161,data/raw/imagenette2-320/val/n03000684/n03000684_33461.JPEG,491,860,tobacco_shop,0.09558317065238953,"[860, 491, 702, 634, 612]","[""tobacco_shop"", ""chain_saw"", ""parallel_bars"", ""lumbermill"", ""jinrikisha""]","[0.09558317065238953, 0.08028727769851685, 0.0620347261428833, 0.060909952968358994, 0.026436878368258476]",False,True
b0162,data/raw/imagenette2-320/val/n03000684/n03000684_33281.JPEG,491,491,chain_saw,0.42295947670936584,"[491, 634, 730, 792, 428]","[""chain_saw"", ""lumbermill"", ""plow"", ""shovel"", ""barrow""]","[0.42295947670936584, 0.36756715178489685, 0.027300218120217323, 0.022624971345067024, 0.017089245840907097]",True,True
b0163,data/raw/imagenette2-320/val/n03000684/n03000684_4012.JPEG,491,491,chain_saw,0.7772627472877502,"[491, 634, 764, 413, 410]","[""chain_saw"", ""lumbermill"", ""rifle"", ""assault_rifle"", ""apiary""]","[0.7772627472877502, 0.022061677649617195, 0.017883189022541046, 0.008857102133333683, 0.005965225864201784]",True,True
b0164,data/raw/imagenette2-320/val/n03000684/n03000684_36420.JPEG,491,491,chain_saw,0.985400378704071,"[491, 596, 634, 803, 730]","[""chain_saw"", ""hatchet"", ""lumbermill"", ""snowplow"", ""plow""]","[0.985400378704071, 0.0014097497332841158, 0.0008143924060277641, 0.0006563510978594422, 0.0006079652812331915]",True,True
b0165,data/raw/imagenette2-320/val/n03000684/n03000684_14132.JPEG,491,491,chain_saw,0.2288181334733963,"[491, 870, 678, 751, 573]","[""chain_saw"", ""tricycle"", ""neck_brace"", ""racer"", ""go-kart""]","[0.2288181334733963, 0.10288193076848984, 0.09179531037807465, 0.08157450705766678, 0.055555447936058044]",True,True
b0166,data/raw/imagenette2-320/val/n03000684/n03000684_7312.JPEG,491,491,chain_saw,0.9378166794776917,"[491, 803, 621, 802, 482]","[""chain_saw"", ""snowplow"", ""lawn_mower"", ""snowmobile"", ""cassette_player""]","[0.9378166794776917, 0.0015636688331142068, 0.0004906348185613751, 0.00043301715049892664, 0.00036860816180706024]",True,True
b0167,data/raw/imagenette2-320/val/n03000684/n03000684_27361.JPEG,491,491,chain_saw,0.9431426525115967,"[491, 730, 595, 803, 866]","[""chain_saw"", ""plow"", ""harvester"", ""snowplow"", ""tractor""]","[0.9431426525115967, 0.0026244567707180977, 0.002145826118066907, 0.0016571013256907463, 0.001292032073251903]",True,True
b0168,data/raw/imagenette2-320/val/n03000684/n03000684_17330.JPEG,491,491,chain_saw,0.8955386281013489,"[491, 595, 621, 730, 751]","[""chain_saw"", ""harvester"", ""lawn_mower"", ""plow"", ""racer""]","[0.8955386281013489, 0.004472733475267887, 0.0033545740880072117, 0.003198268823325634, 0.002635335549712181]",True,True
b0169,data/raw/imagenette2-320/val/n03000684/n03000684_23960.JPEG,491,491,chain_saw,0.779033899307251,"[491, 473, 675, 763, 623]","[""chain_saw"", ""can_opener"", ""moving_van"", ""revolver"", ""letter_opener""]","[0.779033899307251, 0.020843444392085075, 0.011128340847790241, 0.011000118218362331, 0.007271820213645697]",True,True
b0170,data/raw/imagenette2-320/val/n03000684/n03000684_4472.JPEG,491,864,tow_truck,0.1027057021856308,"[864, 517, 561, 595, 856]","[""tow_truck"", ""crane"", ""forklift"", ""harvester"", ""thresher""]","[0.1027057021856308, 0.07394390553236008, 0.0708906278014183, 0.06197727844119072, 0.05369039997458458]",False,False
b0171,data/raw/imagenette2-320/val/n03000684/n03000684_33902.JPEG,491,491,chain_saw,0.16347326338291168,"[491, 862, 613, 747, 827]","[""chain_saw"", ""torch"", ""joystick"", ""punching_bag"", ""stove""]","[0.16347326338291168, 0.0530896931886673, 0.05141886696219444, 0.04598119482398033, 0.03251640126109123]",True,True
b0172,data/raw/imagenette2-320/val/n03000684/n03000684_14600.JPEG,491,730,plow,0.2885059118270874,"[730, 491, 413, 764, 621]","[""plow"", ""chain_saw"", ""assault_rifle"", ""rifle"", ""lawn_mower""]","[0.2885059118270874, 0.2235773503780365, 0.09945151209831238, 0.04949430748820305, 0.043643929064273834]",False,True
b0173,data/raw/imagenette2-320/val/n03000684/n03000684_931.JPEG,491,491,chain_saw,0.9794940948486328,"[491, 621, 507, 740, 856]","[""chain_saw"", ""lawn_mower"", ""combination_lock"", ""power_drill"", ""thresher""]","[0.9794940948486328, 0.0003824764280579984, 0.00035787932574748993, 0.0003351529303472489, 0.0003346015582792461]",True,True
b0174,data/raw/imagenette2-320/val/n03000684/n03000684_8831.JPEG,491,491,chain_saw,0.6419168710708618,"[491, 843, 456, 862, 740]","[""chain_saw"", ""swing"", ""bow"", ""torch"", ""power_drill""]","[0.6419168710708618, 0.09493731707334518, 0.02986074797809124, 0.022777296602725983, 0.020287517458200455]",True,True
b0175,data/raw/imagenette2-320/val/n03000684/n03000684_3361.JPEG,491,491,chain_saw,0.9656427502632141,"[491, 634, 856, 595, 803]","[""chain_saw"", ""lumbermill"", ""thresher"", ""harvester"", ""snowplow""]","[0.9656427502632141, 0.020028378814458847, 0.0019387636566534638, 0.0018880986608564854, 0.0007242917781695724]",True,True
b0176,data/raw/imagenette2-320/val/n03000684/ILSVRC2012_val_00036092.JPEG,491,491,chain_saw,0.23005802929401398,"[491, 830, 730, 646, 634]","[""chain_saw"", ""stretcher"", ""plow"", ""maze"", ""lumbermill""]","[0.23005802929401398, 0.12369515001773834, 0.07547125965356827, 0.061677347868680954, 0.05507984012365341]",True,True
b0177,data/raw/imagenette2-320/val/n03000684/ILSVRC2012_val_00011170.JPEG,491,491,chain_saw,0.9087753295898438,"[491, 634, 671, 830, 802]","[""chain_saw"", ""lumbermill"", ""mountain_bike"", ""stretcher"", ""snowmobile""]","[0.9087753295898438, 0.05442380905151367, 0.007066626567393541, 0.0014125686138868332, 0.0013750949874520302]",True,True
b0178,data/raw/imagenette2-320/val/n03000684/n03000684_6471.JPEG,491,491,chain_saw,0.8710464239120483,"[491, 726, 621, 882, 456]","[""chain_saw"", ""plane"", ""lawn_mower"", ""vacuum"", ""bow""]","[0.8710464239120483, 0.028679896146059036, 0.009513268247246742, 0.006453438196331263, 0.004496707580983639]",True,True
b0179,data/raw/imagenette2-320/val/n03000684/n03000684_34011.JPEG,491,491,chain_saw,0.48974642157554626,"[491, 634, 410, 830, 428]","[""chain_saw"", ""lumbermill"", ""apiary"", ""stretcher"", ""barrow""]","[0.48974642157554626, 0.18136247992515564, 0.1641741693019867, 0.013868851587176323, 0.0077028824016451836]",True,True
b0180,data/raw/imagenette2-320/val/n03000684/n03000684_9752.JPEG,491,730,plow,0.13633094727993011,"[730, 428, 646, 491, 792]","[""plow"", ""barrow"", ""maze"", ""chain_saw"", ""shovel""]","[0.13633094727993011, 0.08286186307668686, 0.06680137664079666, 0.05645737424492836, 0.050407253205776215]",False,True
b0181,data/raw/imagenette2-320/val/n03000684/ILSVRC2012_val_00011951.JPEG,491,491,chain_saw,0.5222140550613403,"[491, 740, 477, 621, 856]","[""chain_saw"", ""power_drill"", ""carpenter's_kit"", ""lawn_mower"", ""thresher""]","[0.5222140550613403, 0.21889783442020416, 0.07818087190389633, 0.011187214404344559, 0.007855698466300964]",True,True
b0182,data/raw/imagenette2-320/val/n03000684/n03000684_13071.JPEG,491,456,bow,0.09711109846830368,"[456, 602, 413, 894, 583]","[""bow"", ""horizontal_bar"", ""assault_rifle"", ""wardrobe"", ""guillotine""]","[0.09711109846830368, 0.05148759111762047, 0.05126998946070671, 0.04875161126255989, 0.03750062733888626]",False,False
b0183,data/raw/imagenette2-320/val/n03000684/n03000684_15441.JPEG,491,764,rifle,0.21193689107894897,"[764, 413, 456, 715, 583]","[""rifle"", ""assault_rifle"", ""bow"", ""pickelhaube"", ""guillotine""]","[0.21193689107894897, 0.1713210940361023, 0.1061534509062767, 0.060587868094444275, 0.0243655014783144]",False,False
b0184,data/raw/imagenette2-320/val/n03000684/n03000684_6160.JPEG,491,491,chain_saw,0.9389107823371887,"[491, 674, 464, 840, 477]","[""chain_saw"", ""mousetrap"", ""buckle"", ""swab"", ""carpenter's_kit""]","[0.9389107823371887, 0.015261180698871613, 0.0018962239846587181, 0.00173433986492455, 0.0014017941430211067]",True,True
b0185,data/raw/imagenette2-320/val/n03000684/n03000684_27220.JPEG,491,491,chain_saw,0.8599359393119812,"[491, 395, 912, 389, 758]","[""chain_saw"", ""gar"", ""worm_fence"", ""barracouta"", ""reel""]","[0.8599359393119812, 0.04939517751336098, 0.003643653355538845, 0.00289393262937665, 0.002438683994114399]",True,True
b0186,data/raw/imagenette2-320/val/n03000684/n03000684_30092.JPEG,491,491,chain_saw,0.9983865022659302,"[491, 634, 856, 710, 621]","[""chain_saw"", ""lumbermill"", ""thresher"", ""pencil_sharpener"", ""lawn_mower""]","[0.9983865022659302, 0.0002568430791143328, 0.00011915096547454596, 8.790267020231113e-05, 8.053666533669457e-05]",True,True
b0187,data/raw/imagenette2-320/val/n03000684/n03000684_24332.JPEG,491,491,chain_saw,0.6345775127410889,"[491, 803, 769, 683, 742]","[""chain_saw"", ""snowplow"", ""rule"", ""oboe"", ""printer""]","[0.6345775127410889, 0.02123502641916275, 0.004816697910428047, 0.003142446978017688, 0.002499570604413748]",True,True
b0188,data/raw/imagenette2-320/val/n03000684/n03000684_27981.JPEG,491,491,chain_saw,0.915108859539032,"[491, 621, 843, 758, 465]","[""chain_saw"", ""lawn_mower"", ""swing"", ""reel"", ""bulletproof_vest""]","[0.915108859539032, 0.006619966588914394, 0.0028844992630183697, 0.002208179561421275, 0.0016601965762674809]",True,True
b0189,data/raw/imagenette2-320/val/n03000684/n03000684_272.JPEG,491,491,chain_saw,0.9970236420631409,"[491, 740, 621, 413, 587]","[""chain_saw"", ""power_drill"", ""lawn_mower"", ""assault_rifle"", ""hammer""]","[0.9970236420631409, 0.0005912362830713391, 0.00023205866455100477, 8.295766019728035e-05, 7.636953523615375e-05]",True,True
b0190,data/raw/imagenette2-320/val/n03000684/n03000684_1821.JPEG,491,491,chain_saw,0.7907158732414246,"[491, 621, 561, 740, 882]","[""chain_saw"", ""lawn_mower"", ""forklift"", ""power_drill"", ""vacuum""]","[0.7907158732414246, 0.026196612045168877, 0.02536436915397644, 0.021990139037370682, 0.016790512949228287]",True,True
b0191,data/raw/imagenette2-320/val/n03000684/n03000684_7161.JPEG,491,491,chain_saw,0.7011849880218506,"[491, 480, 410, 830, 757]","[""chain_saw"", ""cash_machine"", ""apiary"", ""stretcher"", ""recreational_vehicle""]","[0.7011849880218506, 0.015556312166154385, 0.012496624141931534, 0.010333049111068249, 0.006418622098863125]",True,True
b0192,data/raw/imagenette2-320/val/n03000684/n03000684_6710.JPEG,491,491,chain_saw,0.9413093328475952,"[491, 464, 740, 844, 492]","[""chain_saw"", ""buckle"", ""power_drill"", ""switch"", ""chest""]","[0.9413093328475952, 0.008011642843484879, 0.0045440783724188805, 0.0021928746718913317, 0.0018240318167954683]",True,True
b0193,data/raw/imagenette2-320/val/n03000684/n03000684_29900.JPEG,491,726,plane,0.33431705832481384,"[726, 634, 491, 730, 856]","[""plane"", ""lumbermill"", ""chain_saw"", ""plow"", ""thresher""]","[0.33431705832481384, 0.26803159713745117, 0.13670262694358826, 0.01300230622291565, 0.009254769422113895]",False,True
b0194,data/raw/imagenette2-320/val/n03000684/n03000684_7790.JPEG,491,491,chain_saw,0.5756810307502747,"[491, 228, 355, 371, 840]","[""chain_saw"", ""komondor"", ""llama"", ""patas"", ""swab""]","[0.5756810307502747, 0.33122518658638, 0.01157664880156517, 0.0034074403811246157, 0.0021325391717255116]",True,True
b0195,data/raw/imagenette2-320/val/n03000684/n03000684_2610.JPEG,491,491,chain_saw,0.9611807465553284,"[491, 634, 410, 912, 730]","[""chain_saw"", ""lumbermill"", ""apiary"", ""worm_fence"", ""plow""]","[0.9611807465553284, 0.008322729729115963, 0.0017423424869775772, 0.0015806421870365739, 0.0010251962812617421]",True,True
b0196,data/raw/imagenette2-320/val/n03000684/n03000684_2922.JPEG,491,491,chain_saw,0.813784658908844,"[491, 634, 830, 912, 856]","[""chain_saw"", ""lumbermill"", ""stretcher"", ""worm_fence"", ""thresher""]","[0.813784658908844, 0.06976143270730972, 0.017446545884013176, 0.012299341149628162, 0.007338513154536486]",True,True
b0197,data/raw/imagenette2-320/val/n03000684/n03000684_19272.JPEG,491,491,chain_saw,0.8264535665512085,"[491, 634, 830, 410, 391]","[""chain_saw"", ""lumbermill"", ""stretcher"", ""apiary"", ""coho""]","[0.8264535665512085, 0.09019017219543457, 0.00984880793839693, 0.006202055606991053, 0.004412828478962183]",True,True
b0198,data/raw/imagenette2-320/val/n03000684/n03000684_13402.JPEG,491,491,chain_saw,0.4705413579940796,"[491, 634, 462, 853, 410]","[""chain_saw"", ""lumbermill"", ""broom"", ""thatch"", ""apiary""]","[0.4705413579940796, 0.06216813996434212, 0.04964977875351906, 0.024079598486423492, 0.013395951129496098]",True,True
b0199,data/raw/imagenette2-320/val/n03000684/n03000684_31000.JPEG,491,491,chain_saw,0.6942782998085022,"[491, 795, 802, 970, 537]","[""chain_saw"", ""ski"", ""snowmobile"", ""alp"", ""dogsled""]","[0.6942782998085022, 0.11919339746236801, 0.01702231355011463, 0.012867762707173824, 0.007911507040262222]",True,True
b0200,data/raw/imagenette2-320/val/n03028079/n03028079_29670.JPEG,497,497,church,0.4121738374233246,"[497, 442, 663, 483, 668]","[""church"", ""bell_cote"", ""monastery"", ""castle"", ""mosque""]","[0.4121738374233246, 0.2857885956764221, 0.09437551349401474, 0.020594310015439987, 0.010604070499539375]",True,True
b0201,data/raw/imagenette2-320/val/n03028079/ILSVRC2012_val_00019331.JPEG,497,884,vault,0.44237759709358215,"[884, 663, 442, 497, 698]","[""vault"", ""monastery"", ""bell_cote"", ""church"", ""palace""]","[0.44237759709358215, 0.15399298071861267, 0.14434067904949188, 0.07429362833499908, 0.035171620547771454]",False,True
b0202,data/raw/imagenette2-320/val/n03028079/n03028079_57572.JPEG,497,663,monastery,0.408782035112381,"[663, 497, 442, 698, 483]","[""monastery"", ""church"", ""bell_cote"", ""palace"", ""castle""]","[0.408782035112381, 0.17482365667819977, 0.06054779514670372, 0.05370546504855156, 0.03010484017431736]",False,True
b0203,data/raw/imagenette2-320/val/n03028079/n03028079_7882.JPEG,497,497,church,0.33298805356025696,"[497, 663, 442, 483, 884]","[""church"", ""monastery"", ""bell_cote"", ""castle"", ""vault""]","[0.33298805356025696, 0.2198885679244995, 0.1320379376411438, 0.023632606491446495, 0.014912810176610947]",True,True
b0204,data/raw/imagenette2-320/val/n03028079/n03028079_8360.JPEG,497,687,organ,0.8181767463684082,"[687, 406, 884, 497, 663]","[""organ"", ""altar"", ""vault"", ""church"", ""monastery""]","[0.8181767463684082, 0.023668823763728142, 0.012849722057580948, 0.009920911863446236, 0.00947550032287836]",False,True
b0205,data/raw/imagenette2-320/val/n03028079/n03028079_11591.JPEG,497,497,church,0.6077485680580139,"[497, 442, 663, 437, 668]","[""church"", ""bell_cote"", ""monastery"", ""beacon"", ""mosque""]","[0.6077485680580139, 0.2226146161556244, 0.05147860199213028, 0.013403348624706268, 0.004556616768240929]",True,True
b0206,data/raw/imagenette2-320/val/n03028079/n03028079_8611.JPEG,497,442,bell_cote,0.43114301562309265,"[442, 497, 449, 970, 663]","[""bell_cote"", ""church"", ""boathouse"", ""alp"", ""monastery""]","[0.43114301562309265, 0.4112657606601715, 0.01873861998319626, 0.013200482353568077, 0.012355128303170204]",False,True
b0207,data/raw/imagenette2-320/val/n03028079/n03028079_41101.JPEG,497,562,fountain,0.2691602110862732,"[562, 483, 975, 663, 497]","[""fountain"", ""castle"", ""lakeside"", ""monastery"", ""church""]","[0.2691602110862732, 0.10869181901216507, 0.08228231221437454, 0.060523778200149536, 0.030409419909119606]",False,True
b0208,data/raw/imagenette2-320/val/n03028079/n03028079_29412.JPEG,497,497,church,0.19652357697486877,"[497, 442, 687, 483, 884]","[""church"", ""bell_cote"", ""organ"", ""castle"", ""vault""]","[0.19652357697486877, 0.16940566897392273, 0.12645794451236725, 0.04565951228141785, 0.01837342046201229]",True,True
b0209,data/raw/imagenette2-320/val/n03028079/n03028079_56741.JPEG,497,663,monastery,0.5129143595695496,"[663, 497, 698, 483, 884]","[""monastery"", ""church"", ""palace"", ""castle"", ""vault""]","[0.5129143595695496, 0.16775012016296387, 0.08811584860086441, 0.04014299809932709, 0.02760380320250988]",False,True
b0210,data/raw/imagenette2-320/val/n03028079/n03028079_99351.JPEG,497,497,church,0.5059337019920349,"[497, 442, 663, 698, 483]","[""church"", ""bell_cote"", ""monastery"", ""palace"", ""castle""]","[0.5059337019920349, 0.1708344668149948, 0.11119300872087479, 0.06416314095258713, 0.010240170173346996]",True,True
b0211,data/raw/imagenette2-320/val/n03028079/ILSVRC2012_val_00019711.JPEG,497,442,bell_cote,0.8243894577026367,"[442, 497, 540, 663, 417]","[""bell_cote"", ""church"", ""drilling_platform"", ""monastery"", ""balloon""]","[0.8243894577026367, 0.026381278410553932, 0.016655942425131798, 0.013553136959671974, 0.012197176925837994]",False,True
b0212,data/raw/imagenette2-320/val/n03028079/n03028079_14210.JPEG,497,497,church,0.45578500628471375,"[497, 884, 406, 663, 624]","[""church"", ""vault"", ""altar"", ""monastery"", ""library""]","[0.45578500628471375, 0.1342974752187729, 0.07943548262119293, 0.029330970719456673, 0.02774432860314846]",True,True
b0213,data/raw/imagenette2-320/val/n03028079/n03028079_26291.JPEG,497,497,church,0.49615079164505005,"[497, 406, 884, 663, 698]","[""church"", ""altar"", ""vault"", ""monastery"", ""palace""]","[0.49615079164505005, 0.18447506427764893, 0.13846421241760254, 0.09228407591581345, 0.008023352362215519]",True,True
b0214,data/raw/imagenette2-320/val/n03028079/n03028079_12802.JPEG,497,497,church,0.9404056072235107,"[497, 442, 538, 449, 448]","[""church"", ""bell_cote"", ""dome"", ""boathouse"", ""birdhouse""]","[0.9404056072235107, 0.004878341220319271, 0.0034346417523920536, 0.002469137543812394, 0.0023160031996667385]",True,True
b0215,data/raw/imagenette2-320/val/n03028079/n03028079_53551.JPEG,497,497,church,0.4356986880302429,"[497, 912, 442, 716, 449]","[""church"", ""worm_fence"", ""bell_cote"", ""picket_fence"", ""boathouse""]","[0.4356986880302429, 0.13910342752933502, 0.07831332087516785, 0.031243475154042244, 0.02736317738890648]",True,True
b0216,data/raw/imagenette2-320/val/n03028079/n03028079_25680.JPEG,497,884,vault,0.3380424678325653,"[884, 406, 538, 873, 887]","[""vault"", ""altar"", ""dome"", ""triumphal_arch"", ""vestment""]","[0.3380424678325653, 0.15854637324810028, 0.13905276358127594, 0.04248629882931709, 0.02854779176414013]",False,False
b0217,data/raw/imagenette2-320/val/n03028079/n03028079_2951.JPEG,497,884,vault,0.4327847957611084,"[884, 406, 497, 687, 663]","[""vault"", ""altar"", ""church"", ""organ"", ""monastery""]","[0.4327847957611084, 0.17661011219024658, 0.13862094283103943, 0.03968548774719238, 0.014484265819191933]",False,True
b0218,data/raw/imagenette2-320/val/n03028079/n03028079_13331.JPEG,497,406,altar,0.3118910491466522,"[406, 884, 663, 687, 497]","[""altar"", ""vault"", ""monastery"", ""organ"", ""church""]","[0.3118910491466522, 0.27476006746292114, 0.07616561651229858, 0.07084053754806519, 0.030031247064471245]",False,True
b0219,data/raw/imagenette2-320/val/n03028079/n03028079_10410.JPEG,497,668,mosque,0.1306229680776596,"[668, 727, 449, 483, 437]","[""mosque"", ""planetarium"", ""boathouse"", ""castle"", ""beacon""]","[0.1306229680776596, 0.10922829061746597, 0.09865003824234009, 0.09844543784856796, 0.08451683819293976]",False,False
b0220,data/raw/imagenette2-320/val/n03028079/n03028079_1332.JPEG,497,497,church,0.4094943106174469,"[497, 442, 663, 483, 449]","[""church"", ""bell_cote"", ""monastery"", ""castle"", ""boathouse""]","[0.4094943106174469, 0.21549631655216217, 0.04860329255461693, 0.03219738230109215, 0.013781152665615082]",True,True
b0221,data/raw/imagenette2-320/val/n03028079/n03028079_8661.JPEG,497,497,church,0.6496173143386841,"[497, 442, 663, 538, 409]","[""church"", ""bell_cote"", ""monastery"", ""dome"", ""analog_clock""]","[0.6496173143386841, 0.20862458646297455, 0.07455126196146011, 0.010947545059025288, 0.005396729800850153]",True,True
b0222,data/raw/imagenette2-320/val/n03028079/n03028079_6860.JPEG,497,497,church,0.36813420057296753,"[497, 442, 663, 698, 884]","[""church"", ""bell_cote"", ""monastery"", ""palace"", ""vault""]","[0.36813420057296753, 0.269260436296463, 0.09364932775497437, 0.04686889424920082, 0.03619872406125069]",True,True
b0223,data/raw/imagenette2-320/val/n03028079/n03028079_4292.JPEG,497,884,vault,0.6319752335548401,"[884, 497, 538, 406, 663]","[""vault"", ""church"", ""dome"", ""altar"", ""monastery""]","[0.6319752335548401, 0.07404974848031998, 0.033552348613739014, 0.017166167497634888, 0.012143589556217194]",False,True
b0224,data/raw/imagenette2-320/val/n03028079/n03028079_38692.JPEG,497,497,church,0.41654303669929504,"[497, 483, 663, 442, 698]","[""church"", ""castle"", ""monastery"", ""bell_cote"", ""palace""]","[0.41654303669929504, 0.3501504361629486, 0.03873997554183006, 0.034614335745573044, 0.0038956855423748493]",True,True
b0225,data/raw/imagenette2-320/val/n03028079/n03028079_14600.JPEG,497,497,church,0.5274451375007629,"[497, 663, 698, 483, 406]","[""church"", ""monastery"", ""palace"", ""castle"", ""altar""]","[0.5274451375007629, 0.09774313867092133, 0.06573799252510071, 0.025865327566862106, 0.00872102752327919]",True,True
b0226,data/raw/imagenette2-320/val/n03028079/n03028079_28352.JPEG,497,497,church,0.2406785488128662,"[497, 442, 449, 425, 912]","[""church"", ""bell_cote"", ""boathouse"", ""barn"", ""worm_fence""]","[0.2406785488128662, 0.14728198945522308, 0.11215072870254517, 0.07495801895856857, 0.03609210625290871]",True,True
b0227,data/raw/imagenette2-320/val/n03028079/ILSVRC2012_val_00028310.JPEG,497,698,palace,0.30579808354377747,"[698, 483, 663, 497, 442]","[""palace"", ""castle"", ""monastery"", ""church"", ""bell_cote""]","[0.30579808354377747, 0.21708862483501434, 0.06623850017786026, 0.04027581214904785, 0.02923470549285412]",False,True
b0228,data/raw/imagenette2-320/val/n03028079/n03028079_26371.JPEG,497,442,bell_cote,0.4501475691795349,"[442, 497, 663, 884, 449]","[""bell_cote"", ""church"", ""monastery"", ""vault"", ""boathouse""]","[0.4501475691795349, 0.3600311577320099, 0.04018491134047508, 0.008198964409530163, 0.006788700353354216]",False,True
b0229,data/raw/imagenette2-320/val/n03028079/n03028079_7250.JPEG,497,497,church,0.4053206145763397,"[497, 442, 663, 698, 743]","[""church"", ""bell_cote"", ""monastery"", ""palace"", ""prison""]","[0.4053206145763397, 0.13106182217597961, 0.060214631259441376, 0.01821931265294552, 0.01766021177172661]",True,True
b0230,data/raw/imagenette2-320/val/n03028079/n03028079_8132.JPEG,497,538,dome,0.5034299492835999,"[538, 497, 668, 663, 442]","[""dome"", ""church"", ""mosque"", ""monastery"", ""bell_cote""]","[0.5034299492835999, 0.22779959440231323, 0.15726426243782043, 0.030201921239495277, 0.007798558101058006]",False,True
b0231,data/raw/imagenette2-320/val/n03028079/n03028079_16960.JPEG,497,497,church,0.6164872646331787,"[497, 442, 663, 884, 437]","[""church"", ""bell_cote"", ""monastery"", ""vault"", ""beacon""]","[0.6164872646331787, 0.16043061017990112, 0.0688890591263771, 0.012416396290063858, 0.007104114163666964]",True,True
b0232,data/raw/imagenette2-320/val/n03028079/n03028079_20670.JPEG,497,497,church,0.4495740234851837,"[497, 442, 483, 984, 663]","[""church"", ""bell_cote"", ""castle"", ""rapeseed"", ""monastery""]","[0.4495740234851837, 0.30248183012008667, 0.04287691414356232, 0.017868703231215477, 0.015471079386770725]",True,True
b0233,data/raw/imagenette2-320/val/n03028079/n03028079_28302.JPEG,497,497,church,0.7310519814491272,"[497, 437, 449, 442, 663]","[""church"", ""beacon"", ""boathouse"", ""bell_cote"", ""monastery""]","[0.7310519814491272, 0.08372540771961212, 0.028142718598246574, 0.027498790994286537, 0.015348215587437153]",True,True
b0234,data/raw/imagenette2-320/val/n03028079/ILSVRC2012_val_00046232.JPEG,497,884,vault,0.8568096160888672,"[884, 669, 687, 406, 538]","[""vault"", ""mosquito_net"", ""organ"", ""altar"", ""dome""]","[0.8568096160888672, 0.013175074011087418, 0.011241254396736622, 0.008831174112856388, 0.008139903657138348]",False,False
b0235,data/raw/imagenette2-320/val/n03028079/n03028079_26601.JPEG,497,497,church,0.5500704646110535,"[497, 442, 663, 884, 483]","[""church"", ""bell_cote"", ""monastery"", ""vault"", ""castle""]","[0.5500704646110535, 0.3166597783565521, 0.02758241444826126, 0.005092280451208353, 0.004996361676603556]",True,True
b0236,data/raw/imagenette2-320/val/n03028079/n03028079_7881.JPEG,497,497,church,0.5837883949279785,"[497, 442, 483, 663, 405]","[""church"", ""bell_cote"", ""castle"", ""monastery"", ""airship""]","[0.5837883949279785, 0.0797925814986229, 0.03820773959159851, 0.03343375772237778, 0.015563755296170712]",True,True
b0237,data/raw/imagenette2-320/val/n03028079/n03028079_7171.JPEG,497,698,palace,0.21402229368686676,"[698, 663, 442, 668, 497]","[""palace"", ""monastery"", ""bell_cote"", ""mosque"", ""church""]","[0.21402229368686676, 0.14088468253612518, 0.06304608285427094, 0.032843127846717834, 0.024791033938527107]",False,True
b0238,data/raw/imagenette2-320/val/n03028079/n03028079_2342.JPEG,497,425,barn,0.6851732134819031,"[425, 497, 449, 853, 912]","[""barn"", ""church"", ""boathouse"", ""thatch"", ""worm_fence""]","[0.6851732134819031, 0.04106339067220688, 0.03155157342553139, 0.02703496627509594, 0.023586783558130264]",False,True
b0239,data/raw/imagenette2-320/val/n03028079/n03028079_6720.JPEG,497,663,monastery,0.4540632963180542,"[663, 497, 483, 442, 698]","[""monastery"", ""church"", ""castle"", ""bell_cote"", ""palace""]","[0.4540632963180542, 0.19966089725494385, 0.05357060581445694, 0.05114751309156418, 0.01936427690088749]",False,True
b0240,data/raw/imagenette2-320/val/n03028079/n03028079_3972.JPEG,497,899,water_jug,0.26887285709381104,"[899, 725, 884, 663, 653]","[""water_jug"", ""pitcher"", ""vault"", ""monastery"", ""milk_can""]","[0.26887285709381104, 0.1442011147737503, 0.12226895987987518, 0.05102519318461418, 0.029405606910586357]",False,False
b0241,data/raw/imagenette2-320/val/n03028079/n03028079_4572.JPEG,497,663,monastery,0.5958301424980164,"[663, 497, 698, 442, 668]","[""monastery"", ""church"", ""palace"", ""bell_cote"", ""mosque""]","[0.5958301424980164, 0.17401427030563354, 0.04256630688905716, 0.020835503935813904, 0.013089468702673912]",False,True
b0242,data/raw/imagenette2-320/val/n03028079/n03028079_41342.JPEG,497,538,dome,0.7068729996681213,"[538, 884, 497, 640, 406]","[""dome"", ""vault"", ""church"", ""manhole_cover"", ""altar""]","[0.7068729996681213, 0.08240167051553726, 0.03974776715040207, 0.007333602290600538, 0.0066571361385285854]",False,True
b0243,data/raw/imagenette2-320/val/n03028079/n03028079_26110.JPEG,497,668,mosque,0.2645587921142578,"[668, 497, 663, 538, 698]","[""mosque"", ""church"", ""monastery"", ""dome"", ""palace""]","[0.2645587921142578, 0.1686171442270279, 0.11538499593734741, 0.1131359338760376, 0.04712124913930893]",False,True
b0244,data/raw/imagenette2-320/val/n03028079/n03028079_16361.JPEG,497,663,monastery,0.3970594108104706,"[663, 497, 442, 483, 698]","[""monastery"", ""church"", ""bell_cote"", ""castle"", ""palace""]","[0.3970594108104706, 0.29425933957099915, 0.2032395452260971, 0.03279922902584076, 0.010435791686177254]",False,True
b0245,data/raw/imagenette2-320/val/n03028079/n03028079_13002.JPEG,497,442,bell_cote,0.30045798420906067,"[442, 497, 663, 437, 698]","[""bell_cote"", ""church"", ""monastery"", ""beacon"", ""palace""]","[0.30045798420906067, 0.28960034251213074, 0.2872058153152466, 0.030359536409378052, 0.002602869411930442]",False,True
b0246,data/raw/imagenette2-320/val/n03028079/ILSVRC2012_val_00007400.JPEG,497,406,altar,0.8555055260658264,"[406, 884, 497, 663, 687]","[""altar"", ""vault"", ""church"", ""monastery"", ""organ""]","[0.8555055260658264, 0.042759571224451065, 0.035579800605773926, 0.014486456289887428, 0.005350850056856871]",False,True
b0247,data/raw/imagenette2-320/val/n03028079/n03028079_5261.JPEG,497,663,monastery,0.8540093898773193,"[663, 972, 500, 884, 442]","[""monastery"", ""cliff"", ""cliff_dwelling"", ""vault"", ""bell_cote""]","[0.8540093898773193, 0.040077969431877136, 0.010686591267585754, 0.008200100623071194, 0.007785968482494354]",False,False
b0248,data/raw/imagenette2-320/val/n03028079/n03028079_26390.JPEG,497,663,monastery,0.5124006867408752,"[663, 497, 698, 483, 442]","[""monastery"", ""church"", ""palace"", ""castle"", ""bell_cote""]","[0.5124006867408752, 0.28971201181411743, 0.025572042912244797, 0.013919251970946789, 0.008348198607563972]",False,True
b0249,data/raw/imagenette2-320/val/n03028079/n03028079_13021.JPEG,497,497,church,0.3160025179386139,"[497, 442, 663, 483, 975]","[""church"", ""bell_cote"", ""monastery"", ""castle"", ""lakeside""]","[0.3160025179386139, 0.1847367137670517, 0.06796810030937195, 0.023745764046907425, 0.020016735419631004]",True,True
b0250,data/raw/imagenette2-320/val/n03394916/n03394916_39220.JPEG,566,566,French_horn,0.21767978370189667,"[566, 683, 432, 558, 513]","[""French_horn"", ""oboe"", ""bassoon"", ""flute"", ""cornet""]","[0.21767978370189667, 0.16381169855594635, 0.10563958436250687, 0.07923410832881927, 0.07120472192764282]",True,True
b0251,data/raw/imagenette2-320/val/n03394916/n03394916_47211.JPEG,566,566,French_horn,0.7903507947921753,"[566, 875, 776, 513, 432]","[""French_horn"", ""trombone"", ""sax"", ""cornet"", ""bassoon""]","[0.7903507947921753, 0.07656019181013107, 0.026148682460188866, 0.024959340691566467, 0.020917708054184914]",True,True
b0252,data/raw/imagenette2-320/val/n03394916/n03394916_32800.JPEG,566,566,French_horn,0.6507415175437927,"[566, 875, 513, 776, 683]","[""French_horn"", ""trombone"", ""cornet"", ""sax"", ""oboe""]","[0.6507415175437927, 0.0632774755358696, 0.05310460552573204, 0.027402570471167564, 0.007209975738078356]",True,True
b0253,data/raw/imagenette2-320/val/n03394916/n03394916_3522.JPEG,566,566,French_horn,0.3273948132991791,"[566, 683, 584, 776, 772]","[""French_horn"", ""oboe"", ""hair_slide"", ""sax"", ""safety_pin""]","[0.3273948132991791, 0.07291537523269653, 0.052623480558395386, 0.0340130552649498, 0.032478783279657364]",True,True
b0254,data/raw/imagenette2-320/val/n03394916/n03394916_36771.JPEG,566,566,French_horn,0.8583344221115112,"[566, 513, 875, 776, 683]","[""French_horn"", ""cornet"", ""trombone"", ""sax"", ""oboe""]","[0.8583344221115112, 0.02110762521624565, 0.011469588615000248, 0.006406301166862249, 0.006241330411285162]",True,True
b0255,data/raw/imagenette2-320/val/n03394916/n03394916_45631.JPEG,566,566,French_horn,0.9569331407546997,"[566, 513, 776, 875, 683]","[""French_horn"", ""cornet"", ""sax"", ""trombone"", ""oboe""]","[0.9569331407546997, 0.00878238771110773, 0.001692657358944416, 0.001032829051837325, 0.0005508058820851147]",True,True
b0256,data/raw/imagenette2-320/val/n03394916/n03394916_9851.JPEG,566,566,French_horn,0.9577184319496155,"[566, 513, 875, 776, 439]","[""French_horn"", ""cornet"", ""trombone"", ""sax"", ""bearskin""]","[0.9577184319496155, 0.014642921276390553, 0.0019061968196183443, 0.0005446350551210344, 0.00046366723836399615]",True,True
b0257,data/raw/imagenette2-320/val/n03394916/n03394916_25580.JPEG,566,566,French_horn,0.5099971294403076,"[566, 432, 513, 683, 875]","[""French_horn"", ""bassoon"", ""cornet"", ""oboe"", ""trombone""]","[0.5099971294403076, 0.08448999375104904, 0.07470579445362091, 0.07344907522201538, 0.05157094448804855]",True,True
b0258,data/raw/imagenette2-320/val/n03394916/n03394916_35292.JPEG,566,566,French_horn,0.8557999134063721,"[566, 513, 432, 875, 683]","[""French_horn"", ""cornet"", ""bassoon"", ""trombone"", ""oboe""]","[0.8557999134063721, 0.008383052423596382, 0.008085649460554123, 0.004312761593610048, 0.0023143270518630743]",True,True
b0259,data/raw/imagenette2-320/val/n03394916/n03394916_44882.JPEG,566,566,French_horn,0.9258860349655151,"[566, 513, 676, 765, 719]","[""French_horn"", ""cornet"", ""muzzle"", ""rocking_chair"", ""piggy_bank""]","[0.9258860349655151, 0.0030310291331261396, 0.0012965374626219273, 0.000822762493044138, 0.000815826584585011]",True,True
b0260,data/raw/imagenette2-320/val/n03394916/n03394916_32931.JPEG,566,566,French_horn,0.759080171585083,"[566, 875, 513, 776, 284]","[""French_horn"", ""trombone"", ""cornet"", ""sax"", ""Siamese_cat""]","[0.759080171585083, 0.07519406825304031, 0.04686383530497551, 0.014462926425039768, 0.0012247953563928604]",True,True
b0261,data/raw/imagenette2-320/val/n03394916/n03394916_29412.JPEG,566,566,French_horn,0.9637963771820068,"[566, 776, 513, 432, 683]","[""French_horn"", ""sax"", ""cornet"", ""bassoon"", ""oboe""]","[0.9637963771820068, 0.0022812329698354006, 0.0017224132316187024, 0.0007704104646109045, 0.00043945375364273787]",True,True
b0262,data/raw/imagenette2-320/val/n03394916/n03394916_47212.JPEG,566,566,French_horn,0.9713441729545593,"[566, 513, 875, 683, 560]","[""French_horn"", ""cornet"", ""trombone"", ""oboe"", ""football_helmet""]","[0.9713441729545593, 0.001558469608426094, 0.00042776839109137654, 0.00026258849538862705, 0.0002560505527071655]",True,True
b0263,data/raw/imagenette2-320/val/n03394916/n03394916_69060.JPEG,566,566,French_horn,0.6072085499763489,"[566, 513, 875, 432, 558]","[""French_horn"", ""cornet"", ""trombone"", ""bassoon"", ""flute""]","[0.6072085499763489, 0.07346610724925995, 0.06693029403686523, 0.0385034903883934, 0.015944426879286766]",True,True
b0264,data/raw/imagenette2-320/val/n03394916/n03394916_14162.JPEG,566,566,French_horn,0.894070565700531,"[566, 513, 875, 683, 506]","[""French_horn"", ""cornet"", ""trombone"", ""oboe"", ""coil""]","[0.894070565700531, 0.01542362105101347, 0.00197888957336545, 0.001126300310716033, 0.0009933548280969262]",True,True
b0265,data/raw/imagenette2-320/val/n03394916/n03394916_33262.JPEG,566,566,French_horn,0.6354807019233704,"[566, 683, 513, 558, 875]","[""French_horn"", ""oboe"", ""cornet"", ""flute"", ""trombone""]","[0.6354807019233704, 0.0821240171790123, 0.05833478644490242, 0.05765470117330551, 0.02170472964644432]",True,True
b0266,data/raw/imagenette2-320/val/n03394916/n03394916_42550.JPEG,566,566,French_horn,0.8960588574409485,"[566, 875, 513, 545, 846]","[""French_horn"", ""trombone"", ""cornet"", ""electric_fan"", ""table_lamp""]","[0.8960588574409485, 0.058226726949214935, 0.01464979536831379, 0.006450478918850422, 0.005945742130279541]",True,True
b0267,data/raw/imagenette2-320/val/n03394916/n03394916_46931.JPEG,566,566,French_horn,0.9481920599937439,"[566, 875, 513, 683, 432]","[""French_horn"", ""trombone"", ""cornet"", ""oboe"", ""bassoon""]","[0.9481920599937439, 0.0028223679400980473, 0.0021963086910545826, 0.0008582693990319967, 0.0007131753955036402]",True,True
b0268,data/raw/imagenette2-320/val/n03394916/n03394916_47110.JPEG,566,875,trombone,0.07907622307538986,"[875, 421, 566, 702, 513]","[""trombone"", ""bannister"", ""French_horn"", ""parallel_bars"", ""cornet""]","[0.07907622307538986, 0.033631470054388046, 0.03125008940696716, 0.029942702502012253, 0.02642376348376274]",False,True
b0269,data/raw/imagenette2-320/val/n03394916/n03394916_38702.JPEG,566,566,French_horn,0.424151211977005,"[566, 513, 875, 776, 432]","[""French_horn"", ""cornet"", ""trombone"", ""sax"", ""bassoon""]","[0.424151211977005, 0.38037461042404175, 0.05123148858547211, 0.037934161722660065, 0.006863272748887539]",True,True
b0270,data/raw/imagenette2-320/val/n03394916/n03394916_51571.JPEG,566,566,French_horn,0.8254930973052979,"[566, 513, 683, 875, 714]","[""French_horn"", ""cornet"", ""oboe"", ""trombone"", ""pick""]","[0.8254930973052979, 0.003873560344800353, 0.0019132430898025632, 0.0015580010367557406, 0.0013560723746195436]",True,True
b0271,data/raw/imagenette2-320/val/n03394916/ILSVRC2012_val_00011691.JPEG,566,875,trombone,0.16882236301898956,"[875, 776, 513, 818, 650]","[""trombone"", ""sax"", ""cornet"", ""spotlight"", ""microphone""]","[0.16882236301898956, 0.16211050748825073, 0.15575577318668365, 0.04307296499609947, 0.034078653901815414]",False,False
b0272,data/raw/imagenette2-320/val/n03394916/n03394916_43381.JPEG,566,566,French_horn,0.860826849937439,"[566, 513, 875, 776, 432]","[""French_horn"", ""cornet"", ""trombone"", ""sax"", ""bassoon""]","[0.860826849937439, 0.010171211324632168, 0.003657341469079256, 0.001763868727721274, 0.0010672815842553973]",True,True
b0273,data/raw/imagenette2-320/val/n03394916/n03394916_38340.JPEG,566,566,French_horn,0.8897474408149719,"[566, 513, 875, 776, 802]","[""French_horn"", ""cornet"", ""trombone"", ""sax"", ""snowmobile""]","[0.8897474408149719, 0.025378072634339333, 0.0019716399256139994, 0.0011700127506628633, 0.0008093631477095187]",True,True
b0274,data/raw/imagenette2-320/val/n03394916/n03394916_33771.JPEG,566,566,French_horn,0.925009548664093,"[566, 683, 432, 676, 513]","[""French_horn"", ""oboe"", ""bassoon"", ""muzzle"", ""cornet""]","[0.925009548664093, 0.0019965118262916803, 0.0017447007121518254, 0.001380793284624815, 0.001360408030450344]",True,True
b0275,data/raw/imagenette2-320/val/n03394916/n03394916_26260.JPEG,566,566,French_horn,0.8504168391227722,"[566, 513, 875, 776, 683]","[""French_horn"", ""cornet"", ""trombone"", ""sax"", ""oboe""]","[0.8504168391227722, 0.021208275109529495, 0.0062609389424324036, 0.0021889980416744947, 0.0018263619858771563]",True,True
b0276,data/raw/imagenette2-320/val/n03394916/n03394916_33462.JPEG,566,566,French_horn,0.7932502031326294,"[566, 513, 875, 683, 560]","[""French_horn"", ""cornet"", ""trombone"", ""oboe"", ""football_helmet""]","[0.7932502031326294, 0.04210168868303299, 0.012928575277328491, 0.003227569628506899, 0.0021268301643431187]",True,True
b0277,data/raw/imagenette2-320/val/n03394916/n03394916_59361.JPEG,566,566,French_horn,0.9341655969619751,"[566, 513, 875, 24, 284]","[""French_horn"", ""cornet"", ""trombone"", ""great_grey_owl"", ""Siamese_cat""]","[0.9341655969619751, 0.01564565673470497, 0.0018130638636648655, 0.0008600964210927486, 0.0004123453691136092]",True,True
b0278,data/raw/imagenette2-320/val/n03394916/ILSVRC2012_val_00037592.JPEG,566,566,French_horn,0.8385659456253052,"[566, 513, 776, 875, 683]","[""French_horn"", ""cornet"", ""sax"", ""trombone"", ""oboe""]","[0.8385659456253052, 0.020760376006364822, 0.005087743047624826, 0.004459074232727289, 0.001203643623739481]",True,True
b0279,data/raw/imagenette2-320/val/n03394916/n03394916_30222.JPEG,566,566,French_horn,0.3312525451183319,"[566, 683, 513, 432, 558]","[""French_horn"", ""oboe"", ""cornet"", ""bassoon"", ""flute""]","[0.3312525451183319, 0.30286905169487, 0.19004464149475098, 0.03403785452246666, 0.02031409926712513]",True,True
b0280,data/raw/imagenette2-320/val/n03394916/n03394916_35740.JPEG,566,566,French_horn,0.92531418800354,"[566, 513, 683, 878, 875]","[""French_horn"", ""cornet"", ""oboe"", ""typewriter_keyboard"", ""trombone""]","[0.92531418800354, 0.00853520818054676, 0.0028968676924705505, 0.002601998159661889, 0.0012059863656759262]",True,True
b0281,data/raw/imagenette2-320/val/n03394916/n03394916_38221.JPEG,566,566,French_horn,0.7782502174377441,"[566, 875, 513, 432, 683]","[""French_horn"", ""trombone"", ""cornet"", ""bassoon"", ""oboe""]","[0.7782502174377441, 0.013752865605056286, 0.01012018695473671, 0.0042766365222632885, 0.003665745258331299]",True,True
b0282,data/raw/imagenette2-320/val/n03394916/n03394916_4301.JPEG,566,566,French_horn,0.9435889720916748,"[566, 513, 875, 432, 683]","[""French_horn"", ""cornet"", ""trombone"", ""bassoon"", ""oboe""]","[0.9435889720916748, 0.003438737243413925, 0.0030716226901859045, 0.002265634946525097, 0.0021648851688951254]",True,True
b0283,data/raw/imagenette2-320/val/n03394916/n03394916_17100.JPEG,566,566,French_horn,0.8142011165618896,"[566, 513, 714, 875, 432]","[""French_horn"", ""cornet"", ""pick"", ""trombone"", ""bassoon""]","[0.8142011165618896, 0.013000508770346642, 0.0024746765848249197, 0.002386807929724455, 0.0017343774670735002]",True,True
b0284,data/raw/imagenette2-320/val/n03394916/n03394916_60232.JPEG,566,566,French_horn,0.9420628547668457,"[566, 513, 875, 776, 494]","[""French_horn"", ""cornet"", ""trombone"", ""sax"", ""chime""]","[0.9420628547668457, 0.044097647070884705, 0.007318026386201382, 0.0006562802591361105, 7.075332541717216e-05]",True,True
b0285,data/raw/imagenette2-320/val/n03394916/n03394916_59430.JPEG,566,566,French_horn,0.6647516489028931,"[566, 513, 875, 663, 776]","[""French_horn"", ""cornet"", ""trombone"", ""monastery"", ""sax""]","[0.6647516489028931, 0.133542999625206, 0.014551830478012562, 0.011358165182173252, 0.008145192638039589]",True,True
b0286,data/raw/imagenette2-320/val/n03394916/n03394916_30162.JPEG,566,566,French_horn,0.8052681684494019,"[566, 513, 875, 432, 776]","[""French_horn"", ""cornet"", ""trombone"", ""bassoon"", ""sax""]","[0.8052681684494019, 0.056691981852054596, 0.005885175429284573, 0.0017336300807073712, 0.0016176470089703798]",True,True
b0287,data/raw/imagenette2-320/val/n03394916/n03394916_29722.JPEG,566,566,French_horn,0.6182129383087158,"[566, 875, 513, 432, 776]","[""French_horn"", ""trombone"", ""cornet"", ""bassoon"", ""sax""]","[0.6182129383087158, 0.11576931923627853, 0.053605545312166214, 0.04352660849690437, 0.012173095718026161]",True,True
b0288,data/raw/imagenette2-320/val/n03394916/n03394916_11571.JPEG,566,566,French_horn,0.547472357749939,"[566, 513, 647, 589, 464]","[""French_horn"", ""cornet"", ""measuring_cup"", ""hand_blower"", ""buckle""]","[0.547472357749939, 0.1052483469247818, 0.01327451877295971, 0.012536684982478619, 0.011010704562067986]",True,True
b0289,data/raw/imagenette2-320/val/n03394916/n03394916_36532.JPEG,566,566,French_horn,0.9641333222389221,"[566, 878, 687, 683, 477]","[""French_horn"", ""typewriter_keyboard"", ""organ"", ""oboe"", ""carpenter's_kit""]","[0.9641333222389221, 0.0045325784012675285, 0.002423031022772193, 0.0019032105337828398, 0.0018867418402805924]",True,True
b0290,data/raw/imagenette2-320/val/n03394916/n03394916_37261.JPEG,566,566,French_horn,0.93326336145401,"[566, 513, 875, 683, 432]","[""French_horn"", ""cornet"", ""trombone"", ""oboe"", ""bassoon""]","[0.93326336145401, 0.01975191943347454, 0.013285734690725803, 0.00783560611307621, 0.004471008200198412]",True,True
b0291,data/raw/imagenette2-320/val/n03394916/n03394916_36420.JPEG,566,875,trombone,0.44033610820770264,"[875, 566, 513, 776, 788]","[""trombone"", ""French_horn"", ""cornet"", ""sax"", ""shoe_shop""]","[0.44033610820770264, 0.2609410285949707, 0.09605637937784195, 0.027941206470131874, 0.0014841995434835553]",False,True
b0292,data/raw/imagenette2-320/val/n03394916/n03394916_30671.JPEG,566,875,trombone,0.5349882245063782,"[875, 566, 513, 776, 807]","[""trombone"", ""French_horn"", ""cornet"", ""sax"", ""solar_dish""]","[0.5349882245063782, 0.23368337750434875, 0.16553181409835815, 0.01448055636137724, 0.000701981014572084]",False,True
b0293,data/raw/imagenette2-320/val/n03394916/n03394916_24532.JPEG,566,566,French_horn,0.9545767903327942,"[566, 513, 875, 618, 776]","[""French_horn"", ""cornet"", ""trombone"", ""ladle"", ""sax""]","[0.9545767903327942, 0.0023282882757484913, 0.0012664981186389923, 0.0005984322633594275, 0.00043678790098056197]",True,True
b0294,data/raw/imagenette2-320/val/n03394916/n03394916_59452.JPEG,566,566,French_horn,0.5821717381477356,"[566, 513, 776, 875, 683]","[""French_horn"", ""cornet"", ""sax"", ""trombone"", ""oboe""]","[0.5821717381477356, 0.24799738824367523, 0.009943067096173763, 0.005955764092504978, 0.004732250701636076]",True,True
b0295,data/raw/imagenette2-320/val/n03394916/n03394916_9451.JPEG,566,566,French_horn,0.9372378587722778,"[566, 513, 875, 746, 683]","[""French_horn"", ""cornet"", ""trombone"", ""puck"", ""oboe""]","[0.9372378587722778, 0.0035556508228182793, 0.0013798665022477508, 0.0010592625476419926, 0.00092123361537233]",True,True
b0296,data/raw/imagenette2-320/val/n03394916/n03394916_43422.JPEG,566,566,French_horn,0.9380584359169006,"[566, 875, 513, 439, 432]","[""French_horn"", ""trombone"", ""cornet"", ""bearskin"", ""bassoon""]","[0.9380584359169006, 0.0043960693292319775, 0.0038130730390548706, 0.0005557785043492913, 0.0003802224819082767]",True,True
b0297,data/raw/imagenette2-320/val/n03394916/ILSVRC2012_val_00004301.JPEG,566,566,French_horn,0.9100807905197144,"[566, 513, 875, 683, 776]","[""French_horn"", ""cornet"", ""trombone"", ""oboe"", ""sax""]","[0.9100807905197144, 0.00479445094242692, 0.0032414530869573355, 0.0021111019887030125, 0.001881508738733828]",True,True
b0298,data/raw/imagenette2-320/val/n03394916/n03394916_23071.JPEG,566,566,French_horn,0.8083407878875732,"[566, 513, 875, 683, 432]","[""French_horn"", ""cornet"", ""trombone"", ""oboe"", ""bassoon""]","[0.8083407878875732, 0.010591858997941017, 0.009102271869778633, 0.0038439470808953047, 0.002947960514575243]",True,True
b0299,data/raw/imagenette2-320/val/n03394916/n03394916_31871.JPEG,566,566,French_horn,0.373725563287735,"[566, 513, 875, 776, 683]","[""French_horn"", ""cornet"", ""trombone"", ""sax"", ""oboe""]","[0.373725563287735, 0.22291158139705658, 0.1357124000787735, 0.04795249551534653, 0.03956622630357742]",True,True
b0300,data/raw/imagenette2-320/val/n03417042/n03417042_28702.JPEG,569,569,garbage_truck,0.9230318069458008,"[569, 867, 864, 675, 856]","[""garbage_truck"", ""trailer_truck"", ""tow_truck"", ""moving_van"", ""thresher""]","[0.9230318069458008, 0.009255368262529373, 0.0033191880211234093, 0.0027763312682509422, 0.0018935190746560693]",True,True
b0301,data/raw/imagenette2-320/val/n03417042/n03417042_90.JPEG,569,569,garbage_truck,0.9880405068397522,"[569, 867, 864, 517, 675]","[""garbage_truck"", ""trailer_truck"", ""tow_truck"", ""crane"", ""moving_van""]","[0.9880405068397522, 0.0020321239717304707, 0.0006586596718989313, 0.000512429978698492, 0.00034760800190269947]",True,True
b0302,data/raw/imagenette2-320/val/n03417042/n03417042_130.JPEG,569,569,garbage_truck,0.3249416947364807,"[569, 733, 867, 557, 660]","[""garbage_truck"", ""pole"", ""trailer_truck"", ""flagpole"", ""mobile_home""]","[0.3249416947364807, 0.10542835295200348, 0.06802693009376526, 0.050859034061431885, 0.0507453978061676]",True,True
b0303,data/raw/imagenette2-320/val/n03417042/n03417042_9240.JPEG,569,569,garbage_truck,0.188551664352417,"[569, 867, 595, 856, 864]","[""garbage_truck"", ""trailer_truck"", ""harvester"", ""thresher"", ""tow_truck""]","[0.188551664352417, 0.1524747908115387, 0.10015025734901428, 0.09441385418176651, 0.08005405962467194]",True,True
b0304,data/raw/imagenette2-320/val/n03417042/n03417042_5631.JPEG,569,569,garbage_truck,0.8860979676246643,"[569, 595, 867, 856, 864]","[""garbage_truck"", ""harvester"", ""trailer_truck"", ""thresher"", ""tow_truck""]","[0.8860979676246643, 0.011293073184788227, 0.005893895868211985, 0.00543129350990057, 0.004876330494880676]",True,True
b0305,data/raw/imagenette2-320/val/n03417042/n03417042_7521.JPEG,569,569,garbage_truck,0.9245456457138062,"[569, 675, 867, 517, 864]","[""garbage_truck"", ""moving_van"", ""trailer_truck"", ""crane"", ""tow_truck""]","[0.9245456457138062, 0.011630462482571602, 0.008499737828969955, 0.0055497740395367146, 0.0027974883560091257]",True,True
b0306,data/raw/imagenette2-320/val/n03417042/n03417042_10121.JPEG,569,569,garbage_truck,0.9629786610603333,"[569, 675, 867, 517, 734]","[""garbage_truck"", ""moving_van"", ""trailer_truck"", ""crane"", ""police_van""]","[0.9629786610603333, 0.002521400572732091, 0.0014244773192331195, 0.0009999264730140567, 0.0009041719604283571]",True,True
b0307,data/raw/imagenette2-320/val/n03417042/n03417042_9021.JPEG,569,569,garbage_truck,0.8886625170707703,"[569, 675, 867, 864, 407]","[""garbage_truck"", ""moving_van"", ""trailer_truck"", ""tow_truck"", ""ambulance""]","[0.8886625170707703, 0.022143501788377762, 0.017052436247467995, 0.014040911570191383, 0.003602089360356331]",True,True
b0308,data/raw/imagenette2-320/val/n03417042/n03417042_12711.JPEG,569,569,garbage_truck,0.702127993106842,"[569, 867, 675, 517, 856]","[""garbage_truck"", ""trailer_truck"", ""moving_van"", ""crane"", ""thresher""]","[0.702127993106842, 0.1140827089548111, 0.05936970189213753, 0.010017490945756435, 0.007812794297933578]",True,True
b0309,data/raw/imagenette2-320/val/n03417042/n03417042_4462.JPEG,569,586,half_track,0.4358951151371002,"[586, 744, 847, 569, 657]","[""half_track"", ""projectile"", ""tank"", ""garbage_truck"", ""missile""]","[0.4358951151371002, 0.0726204365491867, 0.06431026011705399, 0.040856651961803436, 0.04017094150185585]",False,True
b0310,data/raw/imagenette2-320/val/n03417042/n03417042_3862.JPEG,569,569,garbage_truck,0.130835622549057,"[569, 660, 675, 829, 634]","[""garbage_truck"", ""mobile_home"", ""moving_van"", ""streetcar"", ""lumbermill""]","[0.130835622549057, 0.10771152377128601, 0.07868782430887222, 0.06019167602062225, 0.04287533834576607]",True,True
b0311,data/raw/imagenette2-320/val/n03417042/n03417042_12601.JPEG,569,569,garbage_truck,0.868256151676178,"[569, 867, 595, 675, 856]","[""garbage_truck"", ""trailer_truck"", ""harvester"", ""moving_van"", ""thresher""]","[0.868256151676178, 0.01307702250778675, 0.008043354377150536, 0.007820313796401024, 0.005647275131195784]",True,True
b0312,data/raw/imagenette2-320/val/n03417042/n03417042_9480.JPEG,569,569,garbage_truck,0.9270156025886536,"[569, 675, 517, 867, 803]","[""garbage_truck"", ""moving_van"", ""crane"", ""trailer_truck"", ""snowplow""]","[0.9270156025886536, 0.009407244622707367, 0.006946986541152, 0.005730025935918093, 0.00341031257994473]",True,True
b0313,data/raw/imagenette2-320/val/n03417042/ILSVRC2012_val_00008430.JPEG,569,569,garbage_truck,0.8041375875473022,"[569, 675, 867, 555, 864]","[""garbage_truck"", ""moving_van"", ""trailer_truck"", ""fire_engine"", ""tow_truck""]","[0.8041375875473022, 0.13850732147693634, 0.01648281328380108, 0.0035944669507443905, 0.0017791985301300883]",True,True
b0314,data/raw/imagenette2-320/val/n03417042/n03417042_7061.JPEG,569,569,garbage_truck,0.33354058861732483,"[569, 654, 864, 867, 675]","[""garbage_truck"", ""minibus"", ""tow_truck"", ""trailer_truck"", ""moving_van""]","[0.33354058861732483, 0.22301289439201355, 0.1411919891834259, 0.060055285692214966, 0.029825622215867043]",True,True
b0315,data/raw/imagenette2-320/val/n03417042/n03417042_1790.JPEG,569,569,garbage_truck,0.9500581622123718,"[569, 675, 867, 856, 561]","[""garbage_truck"", ""moving_van"", ""trailer_truck"", ""thresher"", ""forklift""]","[0.9500581622123718, 0.007549887988716364, 0.0038495759945362806, 0.0004941586521454155, 0.0004712975351139903]",True,True
b0316,data/raw/imagenette2-320/val/n03417042/n03417042_23802.JPEG,569,569,garbage_truck,0.9830498099327087,"[569, 856, 866, 595, 867]","[""garbage_truck"", ""thresher"", ""tractor"", ""harvester"", ""trailer_truck""]","[0.9830498099327087, 0.002871621400117874, 0.0010020110057666898, 0.0009347142186015844, 0.0005371563020162284]",True,True
b0317,data/raw/imagenette2-320/val/n03417042/n03417042_2231.JPEG,569,569,garbage_truck,0.7737587690353394,"[569, 675, 867, 517, 864]","[""garbage_truck"", ""moving_van"", ""trailer_truck"", ""crane"", ""tow_truck""]","[0.7737587690353394, 0.10909806191921234, 0.055745914578437805, 0.004530933685600758, 0.0022980121430009604]",True,True
b0318,data/raw/imagenette2-320/val/n03417042/n03417042_20382.JPEG,569,569,garbage_truck,0.8527022004127502,"[569, 867, 856, 864, 675]","[""garbage_truck"", ""trailer_truck"", ""thresher"", ""tow_truck"", ""moving_van""]","[0.8527022004127502, 0.03210131451487541, 0.0068776411935687065, 0.004567170515656471, 0.003926687408238649]",True,True
b0319,data/raw/imagenette2-320/val/n03417042/n03417042_1211.JPEG,569,569,garbage_truck,0.6039406657218933,"[569, 675, 867, 517, 864]","[""garbage_truck"", ""moving_van"", ""trailer_truck"", ""crane"", ""tow_truck""]","[0.6039406657218933, 0.18336433172225952, 0.10133910179138184, 0.009458155371248722, 0.006701079662889242]",True,True
b0320,data/raw/imagenette2-320/val/n03417042/n03417042_10442.JPEG,569,569,garbage_truck,0.6381959319114685,"[569, 867, 864, 555, 675]","[""garbage_truck"", ""trailer_truck"", ""tow_truck"", ""fire_engine"", ""moving_van""]","[0.6381959319114685, 0.10888578742742538, 0.04167688265442848, 0.02121821790933609, 0.01693231798708439]",True,True
b0321,data/raw/imagenette2-320/val/n03417042/n03417042_27982.JPEG,569,569,garbage_truck,0.9119477868080139,"[569, 874, 555, 864, 867]","[""garbage_truck"", ""trolleybus"", ""fire_engine"", ""tow_truck"", ""trailer_truck""]","[0.9119477868080139, 0.009656756184995174, 0.006680799648165703, 0.006525307893753052, 0.006502459291368723]",True,True
b0322,data/raw/imagenette2-320/val/n03417042/n03417042_9052.JPEG,569,569,garbage_truck,0.455610066652298,"[569, 867, 864, 675, 517]","[""garbage_truck"", ""trailer_truck"", ""tow_truck"", ""moving_van"", ""crane""]","[0.455610066652298, 0.19369706511497498, 0.19188249111175537, 0.028904298320412636, 0.026316696777939796]",True,True
b0323,data/raw/imagenette2-320/val/n03417042/n03417042_18042.JPEG,569,569,garbage_truck,0.9306789636611938,"[569, 856, 595, 675, 864]","[""garbage_truck"", ""thresher"", ""harvester"", ""moving_van"", ""tow_truck""]","[0.9306789636611938, 0.008678220212459564, 0.00823147501796484, 0.0025493986904621124, 0.0018745490815490484]",True,True
b0324,data/raw/imagenette2-320/val/n03417042/n03417042_9601.JPEG,569,569,garbage_truck,0.9797248840332031,"[569, 867, 864, 675, 517]","[""garbage_truck"", ""trailer_truck"", ""tow_truck"", ""moving_van"", ""crane""]","[0.9797248840332031, 0.0044418806210160255, 0.003287957515567541, 0.003150413976982236, 0.001066409284248948]",True,True
b0325,data/raw/imagenette2-320/val/n03417042/n03417042_22532.JPEG,569,569,garbage_truck,0.8441253304481506,"[569, 517, 864, 856, 867]","[""garbage_truck"", ""crane"", ""tow_truck"", ""thresher"", ""trailer_truck""]","[0.8441253304481506, 0.03769379109144211, 0.028784669935703278, 0.004219891969114542, 0.0030385423451662064]",True,True
b0326,data/raw/imagenette2-320/val/n03417042/n03417042_2812.JPEG,569,569,garbage_truck,0.6249367594718933,"[569, 480, 856, 595, 800]","[""garbage_truck"", ""cash_machine"", ""thresher"", ""harvester"", ""slot""]","[0.6249367594718933, 0.042199425399303436, 0.017619183287024498, 0.013244573026895523, 0.01132157165557146]",True,True
b0327,data/raw/imagenette2-320/val/n03417042/n03417042_28062.JPEG,569,569,garbage_truck,0.9242748618125916,"[569, 867, 517, 675, 864]","[""garbage_truck"", ""trailer_truck"", ""crane"", ""moving_van"", ""tow_truck""]","[0.9242748618125916, 0.017728550359606743, 0.003113415092229843, 0.0020505187567323446, 0.0020264394115656614]",True,True
b0328,data/raw/imagenette2-320/val/n03417042/ILSVRC2012_val_00022172.JPEG,569,569,garbage_truck,0.9844393134117126,"[569, 867, 675, 803, 864]","[""garbage_truck"", ""trailer_truck"", ""moving_van"", ""snowplow"", ""tow_truck""]","[0.9844393134117126, 0.0027387645095586777, 0.0006116003496572375, 0.00035676968400366604, 0.00030928978230804205]",True,True
b0329,data/raw/imagenette2-320/val/n03417042/n03417042_11611.JPEG,569,569,garbage_truck,0.6700904965400696,"[569, 675, 867, 517, 803]","[""garbage_truck"", ""moving_van"", ""trailer_truck"", ""crane"", ""snowplow""]","[0.6700904965400696, 0.07646078616380692, 0.05431704595685005, 0.0018088724464178085, 0.0017629051581025124]",True,True
b0330,data/raw/imagenette2-320/val/n03417042/n03417042_16370.JPEG,569,569,garbage_truck,0.9617869853973389,"[569, 675, 867, 408, 856]","[""garbage_truck"", ""moving_van"", ""trailer_truck"", ""amphibian"", ""thresher""]","[0.9617869853973389, 0.005355384666472673, 0.002039592480286956, 0.00203397567383945, 0.0011117735411971807]",True,True
b0331,data/raw/imagenette2-320/val/n03417042/n03417042_4560.JPEG,569,569,garbage_truck,0.6648768782615662,"[569, 864, 803, 517, 866]","[""garbage_truck"", ""tow_truck"", ""snowplow"", ""crane"", ""tractor""]","[0.6648768782615662, 0.23672236502170563, 0.01860654726624489, 0.017722440883517265, 0.0066782450303435326]",True,True
b0332,data/raw/imagenette2-320/val/n03417042/n03417042_1770.JPEG,569,569,garbage_truck,0.3240351974964142,"[569, 690, 603, 856, 345]","[""garbage_truck"", ""oxcart"", ""horse_cart"", ""thresher"", ""ox""]","[0.3240351974964142, 0.31469830870628357, 0.24335189163684845, 0.01524217240512371, 0.006963225081562996]",True,True
b0333,data/raw/imagenette2-320/val/n03417042/n03417042_6442.JPEG,569,569,garbage_truck,0.46303194761276245,"[569, 675, 654, 864, 803]","[""garbage_truck"", ""moving_van"", ""minibus"", ""tow_truck"", ""snowplow""]","[0.46303194761276245, 0.0626814141869545, 0.041259098798036575, 0.03035983070731163, 0.022205214947462082]",True,True
b0334,data/raw/imagenette2-320/val/n03417042/n03417042_18582.JPEG,569,569,garbage_truck,0.910381555557251,"[569, 675, 867, 517, 803]","[""garbage_truck"", ""moving_van"", ""trailer_truck"", ""crane"", ""snowplow""]","[0.910381555557251, 0.028740283101797104, 0.018780417740345, 0.0032652015797793865, 0.001592936459928751]",True,True
b0335,data/raw/imagenette2-320/val/n03417042/n03417042_7021.JPEG,569,569,garbage_truck,0.9613750576972961,"[569, 864, 595, 609, 407]","[""garbage_truck"", ""tow_truck"", ""harvester"", ""jeep"", ""ambulance""]","[0.9613750576972961, 0.003659766400232911, 0.00238331058062613, 0.0016419447492808104, 0.0016215222422033548]",True,True
b0336,data/raw/imagenette2-320/val/n03417042/ILSVRC2012_val_00024560.JPEG,569,569,garbage_truck,0.7890682816505432,"[569, 867, 675, 856, 864]","[""garbage_truck"", ""trailer_truck"", ""moving_van"", ""thresher"", ""tow_truck""]","[0.7890682816505432, 0.10436975210905075, 0.007698018569499254, 0.0035320997703820467, 0.0033660405315458775]",True,True
b0337,data/raw/imagenette2-320/val/n03417042/n03417042_4491.JPEG,569,569,garbage_truck,0.7050514221191406,"[569, 762, 675, 582, 498]","[""garbage_truck"", ""restaurant"", ""moving_van"", ""grocery_store"", ""cinema""]","[0.7050514221191406, 0.022864043712615967, 0.020933369174599648, 0.0176114309579134, 0.014178632758557796]",True,True
b0338,data/raw/imagenette2-320/val/n03417042/n03417042_9311.JPEG,569,569,garbage_truck,0.9442007541656494,"[569, 675, 867, 864, 757]","[""garbage_truck"", ""moving_van"", ""trailer_truck"", ""tow_truck"", ""recreational_vehicle""]","[0.9442007541656494, 0.009215075522661209, 0.004335005301982164, 0.002441264223307371, 0.0014397836057469249]",True,True
b0339,data/raw/imagenette2-320/val/n03417042/n03417042_6602.JPEG,569,569,garbage_truck,0.9537670016288757,"[569, 864, 561, 856, 867]","[""garbage_truck"", ""tow_truck"", ""forklift"", ""thresher"", ""trailer_truck""]","[0.9537670016288757, 0.003478118684142828, 0.0026027942076325417, 0.0019448347156867385, 0.0015861807623878121]",True,True
b0340,data/raw/imagenette2-320/val/n03417042/n03417042_3171.JPEG,569,569,garbage_truck,0.4939737021923065,"[569, 864, 675, 654, 660]","[""garbage_truck"", ""tow_truck"", ""moving_van"", ""minibus"", ""mobile_home""]","[0.4939737021923065, 0.13709791004657745, 0.13370178639888763, 0.04858371615409851, 0.019490865990519524]",True,True
b0341,data/raw/imagenette2-320/val/n03417042/n03417042_10150.JPEG,569,569,garbage_truck,0.90700763463974,"[569, 675, 867, 856, 517]","[""garbage_truck"", ""moving_van"", ""trailer_truck"", ""thresher"", ""crane""]","[0.90700763463974, 0.020662246271967888, 0.0067801219411194324, 0.0031599896028637886, 0.0013304383028298616]",True,True
b0342,data/raw/imagenette2-320/val/n03417042/n03417042_1311.JPEG,569,569,garbage_truck,0.7386772036552429,"[569, 675, 867, 803, 705]","[""garbage_truck"", ""moving_van"", ""trailer_truck"", ""snowplow"", ""passenger_car""]","[0.7386772036552429, 0.13986951112747192, 0.02024473436176777, 0.009768720716238022, 0.0069051398895680904]",True,True
b0343,data/raw/imagenette2-320/val/n03417042/n03417042_8700.JPEG,569,569,garbage_truck,0.9686698317527771,"[569, 864, 675, 867, 874]","[""garbage_truck"", ""tow_truck"", ""moving_van"", ""trailer_truck"", ""trolleybus""]","[0.9686698317527771, 0.007199716288596392, 0.0037917504087090492, 0.0037241445388644934, 0.0018153588753193617]",True,True
b0344,data/raw/imagenette2-320/val/n03417042/n03417042_20021.JPEG,569,569,garbage_truck,0.9619870781898499,"[569, 867, 675, 864, 517]","[""garbage_truck"", ""trailer_truck"", ""moving_van"", ""tow_truck"", ""crane""]","[0.9619870781898499, 0.009786964394152164, 0.002739489544183016, 0.0020737892482429743, 0.0010675297817215323]",True,True
b0345,data/raw/imagenette2-320/val/n03417042/n03417042_8121.JPEG,569,569,garbage_truck,0.9778770804405212,"[569, 675, 867, 734, 555]","[""garbage_truck"", ""moving_van"", ""trailer_truck"", ""police_van"", ""fire_engine""]","[0.9778770804405212, 0.010424134321510792, 0.0009917349088937044, 0.0006945818313397467, 0.0004893887089565396]",True,True
b0346,data/raw/imagenette2-320/val/n03417042/n03417042_30.JPEG,569,569,garbage_truck,0.5471817851066589,"[569, 675, 654, 867, 864]","[""garbage_truck"", ""moving_van"", ""minibus"", ""trailer_truck"", ""tow_truck""]","[0.5471817851066589, 0.21657295525074005, 0.034863315522670746, 0.031416356563568115, 0.018803177401423454]",True,True
b0347,data/raw/imagenette2-320/val/n03417042/n03417042_24980.JPEG,569,569,garbage_truck,0.9565675854682922,"[569, 660, 856, 595, 408]","[""garbage_truck"", ""mobile_home"", ""thresher"", ""harvester"", ""amphibian""]","[0.9565675854682922, 0.00505523756146431, 0.0038382301572710276, 0.0011951724300161004, 0.0011358312331140041]",True,True
b0348,data/raw/imagenette2-320/val/n03417042/n03417042_27151.JPEG,569,569,garbage_truck,0.982023298740387,"[569, 867, 803, 675, 517]","[""garbage_truck"", ""trailer_truck"", ""snowplow"", ""moving_van"", ""crane""]","[0.982023298740387, 0.00476977089419961, 0.0011818718630820513, 0.0007055425085127354, 0.0006746351136825979]",True,True
b0349,data/raw/imagenette2-320/val/n03417042/ILSVRC2012_val_00028190.JPEG,569,569,garbage_truck,0.966370165348053,"[569, 867, 864, 856, 803]","[""garbage_truck"", ""trailer_truck"", ""tow_truck"", ""thresher"", ""snowplow""]","[0.966370165348053, 0.004815834108740091, 0.002346169436350465, 0.0020341675262898207, 0.0016890077386051416]",True,True
b0350,data/raw/imagenette2-320/val/n03425413/n03425413_430.JPEG,571,571,gas_pump,0.8314324617385864,"[571, 665, 670, 870, 650]","[""gas_pump"", ""moped"", ""motor_scooter"", ""tricycle"", ""microphone""]","[0.8314324617385864, 0.025983095169067383, 0.009927217848598957, 0.009017460979521275, 0.00828250590711832]",True,True
b0351,data/raw/imagenette2-320/val/n03425413/n03425413_8641.JPEG,571,571,gas_pump,0.5905933380126953,"[571, 691, 882, 785, 606]","[""gas_pump"", ""oxygen_mask"", ""vacuum"", ""seat_belt"", ""iron""]","[0.5905933380126953, 0.1169913038611412, 0.06509503722190857, 0.02330390363931656, 0.010181323625147343]",True,True
b0352,data/raw/imagenette2-320/val/n03425413/n03425413_15792.JPEG,571,571,gas_pump,0.941554844379425,"[571, 637, 704, 778, 707]","[""gas_pump"", ""mailbox"", ""parking_meter"", ""scale"", ""pay-phone""]","[0.941554844379425, 0.003638288239017129, 0.002489069476723671, 0.0017752420390024781, 0.000610930728726089]",True,True
b0353,data/raw/imagenette2-320/val/n03425413/n03425413_3602.JPEG,571,571,gas_pump,0.3285396099090576,"[571, 864, 561, 675, 867]","[""gas_pump"", ""tow_truck"", ""forklift"", ""moving_van"", ""trailer_truck""]","[0.3285396099090576, 0.27075403928756714, 0.07841841876506805, 0.0677209198474884, 0.0392691008746624]",True,True
b0354,data/raw/imagenette2-320/val/n03425413/n03425413_27300.JPEG,571,571,gas_pump,0.9329960942268372,"[571, 707, 480, 886, 407]","[""gas_pump"", ""pay-phone"", ""cash_machine"", ""vending_machine"", ""ambulance""]","[0.9329960942268372, 0.016922691836953163, 0.01269961055368185, 0.0035659370478242636, 0.0012251102598384023]",True,True
b0355,data/raw/imagenette2-320/val/n03425413/n03425413_15070.JPEG,571,571,gas_pump,0.9821017980575562,"[571, 637, 612, 412, 707]","[""gas_pump"", ""mailbox"", ""jinrikisha"", ""ashcan"", ""pay-phone""]","[0.9821017980575562, 0.0010813153348863125, 0.0010524798417463899, 0.0004687119508162141, 0.00045438672532327473]",True,True
b0356,data/raw/imagenette2-320/val/n03425413/n03425413_7292.JPEG,571,571,gas_pump,0.9359227418899536,"[571, 637, 707, 886, 704]","[""gas_pump"", ""mailbox"", ""pay-phone"", ""vending_machine"", ""parking_meter""]","[0.9359227418899536, 0.003450147109106183, 0.001401647925376892, 0.0012182188220322132, 0.0009217381593771279]",True,True
b0357,data/raw/imagenette2-320/val/n03425413/n03425413_14952.JPEG,571,571,gas_pump,0.9821068644523621,"[571, 800, 886, 844, 637]","[""gas_pump"", ""slot"", ""vending_machine"", ""switch"", ""mailbox""]","[0.9821068644523621, 0.0006153881549835205, 0.00034565560054033995, 0.00034043335472233593, 0.00020229275105521083]",True,True
b0358,data/raw/imagenette2-320/val/n03425413/n03425413_9241.JPEG,571,571,gas_pump,0.8929272890090942,"[571, 800, 707, 688, 886]","[""gas_pump"", ""slot"", ""pay-phone"", ""oscilloscope"", ""vending_machine""]","[0.8929272890090942, 0.0044928304851055145, 0.0028486887458711863, 0.0028155273757874966, 0.002545959083363414]",True,True
b0359,data/raw/imagenette2-320/val/n03425413/n03425413_10022.JPEG,571,571,gas_pump,0.677136242389679,"[571, 637, 480, 704, 886]","[""gas_pump"", ""mailbox"", ""cash_machine"", ""parking_meter"", ""vending_machine""]","[0.677136242389679, 0.02727009356021881, 0.015205633826553822, 0.014729888178408146, 0.009425154887139797]",True,True
b0360,data/raw/imagenette2-320/val/n03425413/ILSVRC2012_val_00009821.JPEG,571,571,gas_pump,0.9088237881660461,"[571, 800, 707, 886, 688]","[""gas_pump"", ""slot"", ""pay-phone"", ""vending_machine"", ""oscilloscope""]","[0.9088237881660461, 0.002699384232982993, 0.0020316324662417173, 0.0010136393830180168, 0.0009979214519262314]",True,True
b0361,data/raw/imagenette2-320/val/n03425413/n03425413_21592.JPEG,571,571,gas_pump,0.9313364624977112,"[571, 886, 800, 498, 648]","[""gas_pump"", ""vending_machine"", ""slot"", ""cinema"", ""medicine_chest""]","[0.9313364624977112, 0.004387564957141876, 0.004187286365777254, 0.003918773494660854, 0.00170187558978796]",True,True
b0362,data/raw/imagenette2-320/val/n03425413/n03425413_4792.JPEG,571,571,gas_pump,0.981945812702179,"[571, 704, 778, 886, 637]","[""gas_pump"", ""parking_meter"", ""scale"", ""vending_machine"", ""mailbox""]","[0.981945812702179, 0.0030973688699305058, 0.0006520904134958982, 0.000492239196319133, 0.00040148579864762723]",True,True
b0363,data/raw/imagenette2-320/val/n03425413/n03425413_13811.JPEG,571,571,gas_pump,0.9754598140716553,"[571, 707, 688, 704, 886]","[""gas_pump"", ""pay-phone"", ""oscilloscope"", ""parking_meter"", ""vending_machine""]","[0.9754598140716553, 0.0030676412861794233, 0.002349245361983776, 0.001483021187596023, 0.0013759795110672712]",True,True
b0364,data/raw/imagenette2-320/val/n03425413/n03425413_14672.JPEG,571,921,book_jacket,0.41279131174087524,"[921, 458, 901, 571, 919]","[""book_jacket"", ""brass"", ""whiskey_jug"", ""gas_pump"", ""street_sign""]","[0.41279131174087524, 0.10260181874036789, 0.04306650534272194, 0.03024260886013508, 0.02459254115819931]",False,True
b0365,data/raw/imagenette2-320/val/n03425413/n03425413_7730.JPEG,571,571,gas_pump,0.8765014410018921,"[571, 707, 428, 600, 882]","[""gas_pump"", ""pay-phone"", ""barrow"", ""hook"", ""vacuum""]","[0.8765014410018921, 0.08064869791269302, 0.005352590698748827, 0.0025618323124945164, 0.0017057282384485006]",True,True
b0366,data/raw/imagenette2-320/val/n03425413/n03425413_19250.JPEG,571,571,gas_pump,0.9423626661300659,"[571, 637, 707, 886, 800]","[""gas_pump"", ""mailbox"", ""pay-phone"", ""vending_machine"", ""slot""]","[0.9423626661300659, 0.0015755805652588606, 0.0011949605541303754, 0.0011303956853225827, 0.0009496418060734868]",True,True
b0367,data/raw/imagenette2-320/val/n03425413/n03425413_13702.JPEG,571,571,gas_pump,0.9748782515525818,"[571, 886, 707, 704, 778]","[""gas_pump"", ""vending_machine"", ""pay-phone"", ""parking_meter"", ""scale""]","[0.9748782515525818, 0.0010741684818640351, 0.0008680811151862144, 0.0008501955890096724, 0.0006554607534781098]",True,True
b0368,data/raw/imagenette2-320/val/n03425413/n03425413_21202.JPEG,571,571,gas_pump,0.20870818197727203,"[571, 707, 477, 800, 784]","[""gas_pump"", ""pay-phone"", ""carpenter's_kit"", ""slot"", ""screwdriver""]","[0.20870818197727203, 0.07366663217544556, 0.045772962272167206, 0.04112544283270836, 0.03600796312093735]",True,True
b0369,data/raw/imagenette2-320/val/n03425413/n03425413_28542.JPEG,571,571,gas_pump,0.9039332270622253,"[571, 707, 800, 886, 480]","[""gas_pump"", ""pay-phone"", ""slot"", ""vending_machine"", ""cash_machine""]","[0.9039332270622253, 0.07355666905641556, 0.0022145877592265606, 0.0014373314334079623, 0.0011891828617081046]",True,True
b0370,data/raw/imagenette2-320/val/n03425413/n03425413_32871.JPEG,571,571,gas_pump,0.9751926064491272,"[571, 707, 886, 784, 877]","[""gas_pump"", ""pay-phone"", ""vending_machine"", ""screwdriver"", ""turnstile""]","[0.9751926064491272, 0.013345048762857914, 0.001336459768936038, 0.00034422712633386254, 0.0003343010612297803]",True,True
b0371,data/raw/imagenette2-320/val/n03425413/n03425413_4661.JPEG,571,571,gas_pump,0.6413686275482178,"[571, 771, 760, 713, 519]","[""gas_pump"", ""safe"", ""refrigerator"", ""photocopier"", ""crate""]","[0.6413686275482178, 0.05991111323237419, 0.03584715351462364, 0.017674747854471207, 0.011898833326995373]",True,True
b0372,data/raw/imagenette2-320/val/n03425413/n03425413_10410.JPEG,571,571,gas_pump,0.8899250626564026,"[571, 707, 886, 844, 771]","[""gas_pump"", ""pay-phone"", ""vending_machine"", ""switch"", ""safe""]","[0.8899250626564026, 0.02759450115263462, 0.01014968752861023, 0.004715323448181152, 0.004394704010337591]",True,True
b0373,data/raw/imagenette2-320/val/n03425413/n03425413_20301.JPEG,571,583,guillotine,0.5452195405960083,"[583, 571, 428, 634, 950]","[""guillotine"", ""gas_pump"", ""barrow"", ""lumbermill"", ""orange""]","[0.5452195405960083, 0.14776112139225006, 0.07913481444120407, 0.02214958891272545, 0.019816512241959572]",False,True
b0374,data/raw/imagenette2-320/val/n03425413/n03425413_10621.JPEG,571,571,gas_pump,0.9926580786705017,"[571, 844, 707, 800, 528]","[""gas_pump"", ""switch"", ""pay-phone"", ""slot"", ""dial_telephone""]","[0.9926580786705017, 0.000540866341907531, 0.0003283388796262443, 0.0002033834025496617, 0.0001408098469255492]",True,True
b0375,data/raw/imagenette2-320/val/n03425413/n03425413_13200.JPEG,571,571,gas_pump,0.9453181624412537,"[571, 637, 707, 760, 717]","[""gas_pump"", ""mailbox"", ""pay-phone"", ""refrigerator"", ""pickup""]","[0.9453181624412537, 0.0014430672163143754, 0.0008996782707981765, 0.0006972276605665684, 0.0006429744535125792]",True,True
b0376,data/raw/imagenette2-320/val/n03425413/n03425413_12722.JPEG,571,571,gas_pump,0.9918236136436462,"[571, 637, 707, 760, 412]","[""gas_pump"", ""mailbox"", ""pay-phone"", ""refrigerator"", ""ashcan""]","[0.9918236136436462, 0.0014425284462049603, 0.000926327018532902, 0.0002874639758374542, 0.00022064329823479056]",True,True
b0377,data/raw/imagenette2-320/val/n03425413/n03425413_16661.JPEG,571,571,gas_pump,0.6859704852104187,"[571, 561, 634, 427, 756]","[""gas_pump"", ""forklift"", ""lumbermill"", ""barrel"", ""rain_barrel""]","[0.6859704852104187, 0.175155907869339, 0.021665582433342934, 0.010334533639252186, 0.007957551628351212]",True,True
b0378,data/raw/imagenette2-320/val/n03425413/n03425413_15332.JPEG,571,571,gas_pump,0.9327053427696228,"[571, 535, 707, 695, 771]","[""gas_pump"", ""disk_brake"", ""pay-phone"", ""padlock"", ""safe""]","[0.9327053427696228, 0.007266812492161989, 0.0034851054660975933, 0.0024983957409858704, 0.002398422220721841]",True,True
b0379,data/raw/imagenette2-320/val/n03425413/n03425413_21211.JPEG,571,571,gas_pump,0.2505880296230316,"[571, 654, 860, 864, 634]","[""gas_pump"", ""minibus"", ""tobacco_shop"", ""tow_truck"", ""lumbermill""]","[0.2505880296230316, 0.09574197232723236, 0.08715851604938507, 0.074716717004776, 0.033464062958955765]",True,True
b0380,data/raw/imagenette2-320/val/n03425413/n03425413_15131.JPEG,571,571,gas_pump,0.5603852272033691,"[571, 449, 425, 660, 853]","[""gas_pump"", ""boathouse"", ""barn"", ""mobile_home"", ""thatch""]","[0.5603852272033691, 0.08096681535243988, 0.05994339659810066, 0.034616727381944656, 0.01134047657251358]",True,True
b0381,data/raw/imagenette2-320/val/n03425413/n03425413_13170.JPEG,571,571,gas_pump,0.32988154888153076,"[571, 498, 707, 919, 874]","[""gas_pump"", ""cinema"", ""pay-phone"", ""street_sign"", ""trolleybus""]","[0.32988154888153076, 0.07967457920312881, 0.07243133336305618, 0.04672826826572418, 0.034515779465436935]",True,True
b0382,data/raw/imagenette2-320/val/n03425413/n03425413_70.JPEG,571,571,gas_pump,0.9826629161834717,"[571, 919, 422, 778, 764]","[""gas_pump"", ""street_sign"", ""barbell"", ""scale"", ""rifle""]","[0.9826629161834717, 0.0015507165808230639, 0.001139492029324174, 0.000934921728912741, 0.0006338751409202814]",True,True
b0383,data/raw/imagenette2-320/val/n03425413/ILSVRC2012_val_00000732.JPEG,571,571,gas_pump,0.6888331174850464,"[571, 480, 886, 553, 707]","[""gas_pump"", ""cash_machine"", ""vending_machine"", ""file"", ""pay-phone""]","[0.6888331174850464, 0.24334850907325745, 0.01319886278361082, 0.0017051432514563203, 0.0015802900306880474]",True,True
b0384,data/raw/imagenette2-320/val/n03425413/n03425413_6540.JPEG,571,571,gas_pump,0.9702962636947632,"[571, 637, 707, 778, 886]","[""gas_pump"", ""mailbox"", ""pay-phone"", ""scale"", ""vending_machine""]","[0.9702962636947632, 0.0015180135378614068, 0.0010601753601804376, 0.0005183257744647563, 0.0004966051783412695]",True,True
b0385,data/raw/imagenette2-320/val/n03425413/n03425413_16712.JPEG,571,571,gas_pump,0.38900622725486755,"[571, 535, 670, 686, 665]","[""gas_pump"", ""disk_brake"", ""motor_scooter"", ""oil_filter"", ""moped""]","[0.38900622725486755, 0.2539184093475342, 0.14480051398277283, 0.0700126364827156, 0.03142892196774483]",True,True
b0386,data/raw/imagenette2-320/val/n03425413/n03425413_1610.JPEG,571,571,gas_pump,0.9941839575767517,"[571, 707, 886, 480, 877]","[""gas_pump"", ""pay-phone"", ""vending_machine"", ""cash_machine"", ""turnstile""]","[0.9941839575767517, 0.0006253586616367102, 0.00024524712353013456, 0.00014890999591443688, 0.00014408935385290533]",True,True
b0387,data/raw/imagenette2-320/val/n03425413/n03425413_8670.JPEG,571,571,gas_pump,0.7082433104515076,"[571, 707, 674, 583, 482]","[""gas_pump"", ""pay-phone"", ""mousetrap"", ""guillotine"", ""cassette_player""]","[0.7082433104515076, 0.06474985182285309, 0.01721908710896969, 0.01217962708324194, 0.012084619142115116]",True,True
b0388,data/raw/imagenette2-320/val/n03425413/n03425413_12711.JPEG,571,571,gas_pump,0.5980894565582275,"[571, 637, 778, 412, 863]","[""gas_pump"", ""mailbox"", ""scale"", ""ashcan"", ""totem_pole""]","[0.5980894565582275, 0.046599578112363815, 0.01794935017824173, 0.01247271616011858, 0.012150993570685387]",True,True
b0389,data/raw/imagenette2-320/val/n03425413/n03425413_1911.JPEG,571,571,gas_pump,0.9977939128875732,"[571, 778, 800, 886, 707]","[""gas_pump"", ""scale"", ""slot"", ""vending_machine"", ""pay-phone""]","[0.9977939128875732, 0.00010427332745166495, 8.408085705013946e-05, 4.2398027289891616e-05, 3.942805415135808e-05]",True,True
b0390,data/raw/imagenette2-320/val/n03425413/n03425413_8302.JPEG,571,571,gas_pump,0.8836598992347717,"[571, 437, 494, 442, 708]","[""gas_pump"", ""beacon"", ""chime"", ""bell_cote"", ""pedestal""]","[0.8836598992347717, 0.04271677881479263, 0.003566713072359562, 0.0017269783420488238, 0.001691961893811822]",True,True
b0391,data/raw/imagenette2-320/val/n03425413/n03425413_21032.JPEG,571,571,gas_pump,0.6611579656600952,"[571, 670, 665, 535, 882]","[""gas_pump"", ""motor_scooter"", ""moped"", ""disk_brake"", ""vacuum""]","[0.6611579656600952, 0.10462534427642822, 0.03798278793692589, 0.036468882113695145, 0.0251159630715847]",True,True
b0392,data/raw/imagenette2-320/val/n03425413/n03425413_16220.JPEG,571,480,cash_machine,0.9539264440536499,"[480, 571, 713, 800, 886]","[""cash_machine"", ""gas_pump"", ""photocopier"", ""slot"", ""vending_machine""]","[0.9539264440536499, 0.014452182687819004, 0.0029577186796814203, 0.0019151590531691909, 0.0017088252352550626]",False,True
b0393,data/raw/imagenette2-320/val/n03425413/n03425413_691.JPEG,571,571,gas_pump,0.9777582883834839,"[571, 637, 886, 707, 844]","[""gas_pump"", ""mailbox"", ""vending_machine"", ""pay-phone"", ""switch""]","[0.9777582883834839, 0.0025776238180696964, 0.0021542501635849476, 0.0009054085239768028, 0.0004499695496633649]",True,True
b0394,data/raw/imagenette2-320/val/n03425413/ILSVRC2012_val_00004860.JPEG,571,571,gas_pump,0.8251929879188538,"[571, 860, 412, 707, 886]","[""gas_pump"", ""tobacco_shop"", ""ashcan"", ""pay-phone"", ""vending_machine""]","[0.8251929879188538, 0.061914414167404175, 0.01281010638922453, 0.005837542936205864, 0.005243352614343166]",True,True
b0395,data/raw/imagenette2-320/val/n03425413/n03425413_2141.JPEG,571,571,gas_pump,0.7704595327377319,"[571, 886, 707, 800, 412]","[""gas_pump"", ""vending_machine"", ""pay-phone"", ""slot"", ""ashcan""]","[0.7704595327377319, 0.044889770448207855, 0.02312140353024006, 0.01648765616118908, 0.012689894996583462]",True,True
b0396,data/raw/imagenette2-320/val/n03425413/n03425413_5732.JPEG,571,571,gas_pump,0.671067476272583,"[571, 781, 800, 886, 481]","[""gas_pump"", ""scoreboard"", ""slot"", ""vending_machine"", ""cassette""]","[0.671067476272583, 0.19686588644981384, 0.007090934086591005, 0.005469769239425659, 0.004718661308288574]",True,True
b0397,data/raw/imagenette2-320/val/n03425413/n03425413_9051.JPEG,571,475,car_mirror,0.2567340135574341,"[475, 660, 571, 919, 685]","[""car_mirror"", ""mobile_home"", ""gas_pump"", ""street_sign"", ""odometer""]","[0.2567340135574341, 0.07554857432842255, 0.06623874604701996, 0.055789630860090256, 0.018274564296007156]",False,True
b0398,data/raw/imagenette2-320/val/n03425413/n03425413_12712.JPEG,571,571,gas_pump,0.5712411403656006,"[571, 534, 800, 866, 786]","[""gas_pump"", ""dishwasher"", ""slot"", ""tractor"", ""sewing_machine""]","[0.5712411403656006, 0.06664853543043137, 0.024140985682606697, 0.017457371577620506, 0.016202522441744804]",True,True
b0399,data/raw/imagenette2-320/val/n03425413/n03425413_16992.JPEG,571,571,gas_pump,0.9549998641014099,"[571, 886, 637, 707, 778]","[""gas_pump"", ""vending_machine"", ""mailbox"", ""pay-phone"", ""scale""]","[0.9549998641014099, 0.0017658132128417492, 0.001598080387338996, 0.0012907623313367367, 0.001161846797913313]",True,True
b0400,data/raw/imagenette2-320/val/n03445777/n03445777_3981.JPEG,574,574,golf_ball,0.8649730682373047,"[574, 429, 722, 768, 805]","[""golf_ball"", ""baseball"", ""ping-pong_ball"", ""rugby_ball"", ""soccer_ball""]","[0.8649730682373047, 0.007533166091889143, 0.004296759609133005, 0.0020685282070189714, 0.0019850600510835648]",True,True
b0401,data/raw/imagenette2-320/val/n03445777/n03445777_9340.JPEG,574,574,golf_ball,0.8863750100135803,"[574, 429, 805, 522, 852]","[""golf_ball"", ""baseball"", ""soccer_ball"", ""croquet_ball"", ""tennis_ball""]","[0.8863750100135803, 0.015398893505334854, 0.0036778028588742018, 0.003313749562948942, 0.0025802315212786198]",True,True
b0402,data/raw/imagenette2-320/val/n03445777/n03445777_3391.JPEG,574,574,golf_ball,0.1911783516407013,"[574, 429, 522, 805, 722]","[""golf_ball"", ""baseball"", ""croquet_ball"", ""soccer_ball"", ""ping-pong_ball""]","[0.1911783516407013, 0.1818600744009018, 0.076616570353508, 0.03679577261209488, 0.02656104601919651]",True,True
b0403,data/raw/imagenette2-320/val/n03445777/n03445777_7091.JPEG,574,574,golf_ball,0.9225006103515625,"[574, 429, 722, 992, 805]","[""golf_ball"", ""baseball"", ""ping-pong_ball"", ""agaric"", ""soccer_ball""]","[0.9225006103515625, 0.0024706602562218904, 0.000886626832652837, 0.0005730175762437284, 0.00044668279588222504]",True,True
b0404,data/raw/imagenette2-320/val/n03445777/n03445777_16331.JPEG,574,574,golf_ball,0.9467477202415466,"[574, 807, 755, 835, 812]","[""golf_ball"", ""solar_dish"", ""radio_telescope"", ""sundial"", ""space_shuttle""]","[0.9467477202415466, 0.004404240287840366, 0.0022976347245275974, 0.0021817537490278482, 0.0016326981130987406]",True,True
b0405,data/raw/imagenette2-320/val/n03445777/n03445777_5592.JPEG,574,574,golf_ball,0.8692490458488464,"[574, 995, 947, 996, 599]","[""golf_ball"", ""earthstar"", ""mushroom"", ""hen-of-the-woods"", ""honeycomb""]","[0.8692490458488464, 0.012019327841699123, 0.0078087467700243, 0.006043130066245794, 0.005723157897591591]",True,True
b0406,data/raw/imagenette2-320/val/n03445777/n03445777_12920.JPEG,574,574,golf_ball,0.9138414859771729,"[574, 722, 429, 852, 992]","[""golf_ball"", ""ping-pong_ball"", ""baseball"", ""tennis_ball"", ""agaric""]","[0.9138414859771729, 0.003692853730171919, 0.0016176783246919513, 0.000930267502553761, 0.00039858956006355584]",True,True
b0407,data/raw/imagenette2-320/val/n03445777/n03445777_4211.JPEG,574,574,golf_ball,0.9589740037918091,"[574, 755, 429, 805, 992]","[""golf_ball"", ""radio_telescope"", ""baseball"", ""soccer_ball"", ""agaric""]","[0.9589740037918091, 0.0006668181158602238, 0.00048165590851567686, 0.0004403218626976013, 0.0003844137245323509]",True,True
b0408,data/raw/imagenette2-320/val/n03445777/n03445777_9120.JPEG,574,574,golf_ball,0.8557115793228149,"[574, 722, 429, 852, 805]","[""golf_ball"", ""ping-pong_ball"", ""baseball"", ""tennis_ball"", ""soccer_ball""]","[0.8557115793228149, 0.006051624193787575, 0.0035001090727746487, 0.002013601129874587, 0.0011080654803663492]",True,True
b0409,data/raw/imagenette2-320/val/n03445777/n03445777_340.JPEG,574,574,golf_ball,0.718269407749176,"[574, 852, 429, 956, 722]","[""golf_ball"", ""tennis_ball"", ""baseball"", ""custard_apple"", ""ping-pong_ball""]","[0.718269407749176, 0.026415275409817696, 0.004280270542949438, 0.004117406904697418, 0.002892791759222746]",True,True
b0410,data/raw/imagenette2-320/val/n03445777/n03445777_20400.JPEG,574,574,golf_ball,0.8459970951080322,"[574, 429, 81, 805, 992]","[""golf_ball"", ""baseball"", ""ptarmigan"", ""soccer_ball"", ""agaric""]","[0.8459970951080322, 0.003091360442340374, 0.0029259833972901106, 0.001867083366960287, 0.0014718759339302778]",True,True
b0411,data/raw/imagenette2-320/val/n03445777/n03445777_3090.JPEG,574,574,golf_ball,0.8664122819900513,"[574, 429, 722, 956, 852]","[""golf_ball"", ""baseball"", ""ping-pong_ball"", ""custard_apple"", ""tennis_ball""]","[0.8664122819900513, 0.0027134332340210676, 0.001997083891183138, 0.0008327664691023529, 0.0006230046274140477]",True,True
b0412,data/raw/imagenette2-320/val/n03445777/n03445777_1152.JPEG,574,574,golf_ball,0.9785096645355225,"[574, 429, 722, 557, 768]","[""golf_ball"", ""baseball"", ""ping-pong_ball"", ""flagpole"", ""rugby_ball""]","[0.9785096645355225, 0.0016821167664602399, 0.00041774811688810587, 0.00036320986691862345, 0.00022319539857562631]",True,True
b0413,data/raw/imagenette2-320/val/n03445777/n03445777_7442.JPEG,574,574,golf_ball,0.8689119219779968,"[574, 722, 429, 855, 852]","[""golf_ball"", ""ping-pong_ball"", ""baseball"", ""thimble"", ""tennis_ball""]","[0.8689119219779968, 0.0024948883801698685, 0.0013995575718581676, 0.000868117087520659, 0.0006973911076784134]",True,True
b0414,data/raw/imagenette2-320/val/n03445777/n03445777_7580.JPEG,574,574,golf_ball,0.9471046328544617,"[574, 805, 429, 522, 768]","[""golf_ball"", ""soccer_ball"", ""baseball"", ""croquet_ball"", ""rugby_ball""]","[0.9471046328544617, 0.008854587562382221, 0.00798763707280159, 0.0067185587249696255, 0.0028330585919320583]",True,True
b0415,data/raw/imagenette2-320/val/n03445777/n03445777_10760.JPEG,574,574,golf_ball,0.9099939465522766,"[574, 429, 722, 805, 852]","[""golf_ball"", ""baseball"", ""ping-pong_ball"", ""soccer_ball"", ""tennis_ball""]","[0.9099939465522766, 0.002834652317687869, 0.0022025906946510077, 0.0006816979148425162, 0.0006459078285843134]",True,True
b0416,data/raw/imagenette2-320/val/n03445777/n03445777_10632.JPEG,574,574,golf_ball,0.8555108308792114,"[574, 429, 956, 722, 852]","[""golf_ball"", ""baseball"", ""custard_apple"", ""ping-pong_ball"", ""tennis_ball""]","[0.8555108308792114, 0.001724631991237402, 0.0016963677480816841, 0.0015660241479054093, 0.001225910848006606]",True,True
b0417,data/raw/imagenette2-320/val/n03445777/n03445777_7652.JPEG,574,574,golf_ball,0.28150132298469543,"[574, 722, 769, 522, 641]","[""golf_ball"", ""ping-pong_ball"", ""rule"", ""croquet_ball"", ""maraca""]","[0.28150132298469543, 0.2515285313129425, 0.04354878515005112, 0.04307818412780762, 0.011618980206549168]",True,True
b0418,data/raw/imagenette2-320/val/n03445777/n03445777_7691.JPEG,574,574,golf_ball,0.8709630370140076,"[574, 429, 722, 852, 805]","[""golf_ball"", ""baseball"", ""ping-pong_ball"", ""tennis_ball"", ""soccer_ball""]","[0.8709630370140076, 0.0025811626110225916, 0.0024708332493901253, 0.001402373076416552, 0.0008243520860560238]",True,True
b0419,data/raw/imagenette2-320/val/n03445777/n03445777_11150.JPEG,574,574,golf_ball,0.8001772165298462,"[574, 722, 429, 855, 650]","[""golf_ball"", ""ping-pong_ball"", ""baseball"", ""thimble"", ""microphone""]","[0.8001772165298462, 0.012412198819220066, 0.006659379228949547, 0.00458181370049715, 0.003615483408793807]",True,True
b0420,data/raw/imagenette2-320/val/n03445777/n03445777_3612.JPEG,574,574,golf_ball,0.896679699420929,"[574, 722, 720, 429, 852]","[""golf_ball"", ""ping-pong_ball"", ""pill_bottle"", ""baseball"", ""tennis_ball""]","[0.896679699420929, 0.042837899178266525, 0.0055319275707006454, 0.003961435053497553, 0.002811542246490717]",True,True
b0421,data/raw/imagenette2-320/val/n03445777/n03445777_3471.JPEG,574,574,golf_ball,0.9008145928382874,"[574, 722, 429, 852, 746]","[""golf_ball"", ""ping-pong_ball"", ""baseball"", ""tennis_ball"", ""puck""]","[0.9008145928382874, 0.009166029281914234, 0.0020394816529005766, 0.0011394331231713295, 0.0008785338723100722]",True,True
b0422,data/raw/imagenette2-320/val/n03445777/n03445777_16392.JPEG,574,574,golf_ball,0.9216485023498535,"[574, 722, 429, 992, 852]","[""golf_ball"", ""ping-pong_ball"", ""baseball"", ""agaric"", ""tennis_ball""]","[0.9216485023498535, 0.0020147315226495266, 0.0010448929388076067, 0.0006519085145555437, 0.0006321171531453729]",True,True
b0423,data/raw/imagenette2-320/val/n03445777/n03445777_8790.JPEG,574,574,golf_ball,0.9034549593925476,"[574, 722, 992, 855, 429]","[""golf_ball"", ""ping-pong_ball"", ""agaric"", ""thimble"", ""baseball""]","[0.9034549593925476, 0.002207130426540971, 0.0009719958761706948, 0.0009249484282918274, 0.00077206757850945]",True,True
b0424,data/raw/imagenette2-320/val/n03445777/n03445777_11122.JPEG,574,574,golf_ball,0.5772259831428528,"[574, 429, 722, 852, 855]","[""golf_ball"", ""baseball"", ""ping-pong_ball"", ""tennis_ball"", ""thimble""]","[0.5772259831428528, 0.08628130704164505, 0.04068601131439209, 0.026368698105216026, 0.010962947271764278]",True,True
b0425,data/raw/imagenette2-320/val/n03445777/n03445777_4371.JPEG,574,574,golf_ball,0.8401076793670654,"[574, 722, 429, 956, 409]","[""golf_ball"", ""ping-pong_ball"", ""baseball"", ""custard_apple"", ""analog_clock""]","[0.8401076793670654, 0.003545703599229455, 0.0014913881896063685, 0.0008883604896254838, 0.000749608559999615]",True,True
b0426,data/raw/imagenette2-320/val/n03445777/n03445777_4930.JPEG,574,574,golf_ball,0.9716494083404541,"[574, 722, 852, 429, 522]","[""golf_ball"", ""ping-pong_ball"", ""tennis_ball"", ""baseball"", ""croquet_ball""]","[0.9716494083404541, 0.0026029804721474648, 0.0013091790024191141, 0.0012323441915214062, 0.001004049088805914]",True,True
b0427,data/raw/imagenette2-320/val/n03445777/n03445777_13462.JPEG,574,574,golf_ball,0.8282796740531921,"[574, 722, 429, 852, 805]","[""golf_ball"", ""ping-pong_ball"", ""baseball"", ""tennis_ball"", ""soccer_ball""]","[0.8282796740531921, 0.002521373564377427, 0.002440887736156583, 0.0017278047744184732, 0.0013882024213671684]",True,True
b0428,data/raw/imagenette2-320/val/n03445777/n03445777_1971.JPEG,574,574,golf_ball,0.8739377856254578,"[574, 722, 604, 720, 807]","[""golf_ball"", ""ping-pong_ball"", ""hourglass"", ""pill_bottle"", ""solar_dish""]","[0.8739377856254578, 0.005950148683041334, 0.004439041018486023, 0.0020340627525001764, 0.0014312505954876542]",True,True
b0429,data/raw/imagenette2-320/val/n03445777/n03445777_6360.JPEG,574,574,golf_ball,0.8516273498535156,"[574, 722, 994, 995, 429]","[""golf_ball"", ""ping-pong_ball"", ""stinkhorn"", ""earthstar"", ""baseball""]","[0.8516273498535156, 0.03904071822762489, 0.01810717023909092, 0.014927101321518421, 0.011717310175299644]",True,True
b0430,data/raw/imagenette2-320/val/n03445777/n03445777_3410.JPEG,574,574,golf_ball,0.8784352540969849,"[574, 722, 429, 81, 409]","[""golf_ball"", ""ping-pong_ball"", ""baseball"", ""ptarmigan"", ""analog_clock""]","[0.8784352540969849, 0.004076801706105471, 0.0012743589468300343, 0.0007125028059817851, 0.0006582376081496477]",True,True
b0431,data/raw/imagenette2-320/val/n03445777/n03445777_2251.JPEG,574,574,golf_ball,0.7411521077156067,"[574, 522, 621, 981, 176]","[""golf_ball"", ""croquet_ball"", ""lawn_mower"", ""ballplayer"", ""Saluki""]","[0.7411521077156067, 0.24354512989521027, 0.0019270984921604395, 0.0008192543173208833, 0.0006653687451034784]",True,True
b0432,data/raw/imagenette2-320/val/n03445777/n03445777_1962.JPEG,574,574,golf_ball,0.9564469456672668,"[574, 722, 429, 647, 855]","[""golf_ball"", ""ping-pong_ball"", ""baseball"", ""measuring_cup"", ""thimble""]","[0.9564469456672668, 0.003832017071545124, 0.0016316098626703024, 0.0010618383530527353, 0.0007436185842379928]",True,True
b0433,data/raw/imagenette2-320/val/n03445777/n03445777_5590.JPEG,574,574,golf_ball,0.9908396601676941,"[574, 949, 722, 807, 956]","[""golf_ball"", ""strawberry"", ""ping-pong_ball"", ""solar_dish"", ""custard_apple""]","[0.9908396601676941, 0.0007948476122692227, 0.0005336377071216702, 0.00028983913944102824, 0.00020788871916010976]",True,True
b0434,data/raw/imagenette2-320/val/n03445777/n03445777_13490.JPEG,574,574,golf_ball,0.8967950344085693,"[574, 722, 429, 852, 805]","[""golf_ball"", ""ping-pong_ball"", ""baseball"", ""tennis_ball"", ""soccer_ball""]","[0.8967950344085693, 0.0038028645794838667, 0.001529328408651054, 0.0008573483792133629, 0.0006263913819566369]",True,True
b0435,data/raw/imagenette2-320/val/n03445777/n03445777_7011.JPEG,574,574,golf_ball,0.8336002826690674,"[574, 722, 429, 852, 409]","[""golf_ball"", ""ping-pong_ball"", ""baseball"", ""tennis_ball"", ""analog_clock""]","[0.8336002826690674, 0.0032929950393736362, 0.0017634858377277851, 0.0008768645930103958, 0.0007718041888438165]",True,True
b0436,data/raw/imagenette2-320/val/n03445777/n03445777_9740.JPEG,574,574,golf_ball,0.9207800030708313,"[574, 722, 956, 992, 852]","[""golf_ball"", ""ping-pong_ball"", ""custard_apple"", ""agaric"", ""tennis_ball""]","[0.9207800030708313, 0.0025724254082888365, 0.0006249896250665188, 0.0005194739205762744, 0.0005176343256607652]",True,True
b0437,data/raw/imagenette2-320/val/n03445777/n03445777_7181.JPEG,574,574,golf_ball,0.9047715067863464,"[574, 722, 429, 992, 852]","[""golf_ball"", ""ping-pong_ball"", ""baseball"", ""agaric"", ""tennis_ball""]","[0.9047715067863464, 0.0032467443961650133, 0.002168243983760476, 0.0007494966266676784, 0.0004539688234217465]",True,True
b0438,data/raw/imagenette2-320/val/n03445777/n03445777_5812.JPEG,574,574,golf_ball,0.906226396560669,"[574, 429, 722, 956, 805]","[""golf_ball"", ""baseball"", ""ping-pong_ball"", ""custard_apple"", ""soccer_ball""]","[0.906226396560669, 0.0017174757085740566, 0.001477973535656929, 0.0011179185239598155, 0.0005448632291518152]",True,True
b0439,data/raw/imagenette2-320/val/n03445777/n03445777_18631.JPEG,574,574,golf_ball,0.9147758483886719,"[574, 429, 722, 852, 805]","[""golf_ball"", ""baseball"", ""ping-pong_ball"", ""tennis_ball"", ""soccer_ball""]","[0.9147758483886719, 0.003644842654466629, 0.001269692205823958, 0.0010456671006977558, 0.0009450654033571482]",True,True
b0440,data/raw/imagenette2-320/val/n03445777/n03445777_5031.JPEG,574,574,golf_ball,0.8407082557678223,"[574, 429, 722, 852, 805]","[""golf_ball"", ""baseball"", ""ping-pong_ball"", ""tennis_ball"", ""soccer_ball""]","[0.8407082557678223, 0.003524754662066698, 0.0029709560330957174, 0.00131999421864748, 0.0011182258604094386]",True,True
b0441,data/raw/imagenette2-320/val/n03445777/n03445777_7372.JPEG,574,574,golf_ball,0.8494735360145569,"[574, 722, 429, 852, 409]","[""golf_ball"", ""ping-pong_ball"", ""baseball"", ""tennis_ball"", ""analog_clock""]","[0.8494735360145569, 0.004968989174813032, 0.0023970212787389755, 0.0010018654866144061, 0.0009723655530251563]",True,True
b0442,data/raw/imagenette2-320/val/n03445777/n03445777_832.JPEG,574,574,golf_ball,0.9139032959938049,"[574, 722, 429, 992, 805]","[""golf_ball"", ""ping-pong_ball"", ""baseball"", ""agaric"", ""soccer_ball""]","[0.9139032959938049, 0.0023205054458230734, 0.0010782340541481972, 0.0005329253035597503, 0.00041389482794329524]",True,True
b0443,data/raw/imagenette2-320/val/n03445777/n03445777_6451.JPEG,574,574,golf_ball,0.9678668975830078,"[574, 522, 363, 852, 429]","[""golf_ball"", ""croquet_ball"", ""armadillo"", ""tennis_ball"", ""baseball""]","[0.9678668975830078, 0.001167638343758881, 0.0005370802828110754, 0.0003170128329657018, 0.0002676806761883199]",True,True
b0444,data/raw/imagenette2-320/val/n03445777/n03445777_3992.JPEG,574,574,golf_ball,0.9604050517082214,"[574, 429, 722, 855, 852]","[""golf_ball"", ""baseball"", ""ping-pong_ball"", ""thimble"", ""tennis_ball""]","[0.9604050517082214, 0.003005939070135355, 0.0029102794360369444, 0.0007958480273373425, 0.0003846778126899153]",True,True
b0445,data/raw/imagenette2-320/val/n03445777/n03445777_10550.JPEG,574,574,golf_ball,0.9137490391731262,"[574, 722, 429, 805, 852]","[""golf_ball"", ""ping-pong_ball"", ""baseball"", ""soccer_ball"", ""tennis_ball""]","[0.9137490391731262, 0.0015807112213224173, 0.0014347288524731994, 0.0006632388103753328, 0.0005179446889087558]",True,True
b0446,data/raw/imagenette2-320/val/n03445777/n03445777_1292.JPEG,574,574,golf_ball,0.8770051598548889,"[574, 852, 429, 722, 956]","[""golf_ball"", ""tennis_ball"", ""baseball"", ""ping-pong_ball"", ""custard_apple""]","[0.8770051598548889, 0.007234116550534964, 0.001744546229019761, 0.0014391547301784158, 0.0011625412153080106]",True,True
b0447,data/raw/imagenette2-320/val/n03445777/n03445777_1291.JPEG,574,574,golf_ball,0.964450478553772,"[574, 429, 722, 855, 590]","[""golf_ball"", ""baseball"", ""ping-pong_ball"", ""thimble"", ""hand-held_computer""]","[0.964450478553772, 0.005412030033767223, 0.0023353449068963528, 0.0002604813489597291, 0.00025130569702014327]",True,True
b0448,data/raw/imagenette2-320/val/n03445777/ILSVRC2012_val_00008161.JPEG,574,574,golf_ball,0.7538340091705322,"[574, 522, 981, 852, 805]","[""golf_ball"", ""croquet_ball"", ""ballplayer"", ""tennis_ball"", ""soccer_ball""]","[0.7538340091705322, 0.04105015844106674, 0.02645421400666237, 0.0241097379475832, 0.023039132356643677]",True,True
b0449,data/raw/imagenette2-320/val/n03445777/n03445777_3421.JPEG,574,574,golf_ball,0.955943763256073,"[574, 429, 522, 805, 722]","[""golf_ball"", ""baseball"", ""croquet_ball"", ""soccer_ball"", ""ping-pong_ball""]","[0.955943763256073, 0.021926116198301315, 0.005618411581963301, 0.001925574499182403, 0.0017383461818099022]",True,True
b0450,data/raw/imagenette2-320/val/n03888257/n03888257_850.JPEG,701,701,parachute,0.882202684879303,"[701, 417, 405, 970, 795]","[""parachute"", ""balloon"", ""airship"", ""alp"", ""ski""]","[0.882202684879303, 0.001729796756990254, 0.0011868339497596025, 0.0007980464142747223, 0.0006006069597788155]",True,True
b0451,data/raw/imagenette2-320/val/n03888257/n03888257_9371.JPEG,701,701,parachute,0.35628899931907654,"[701, 672, 472, 980, 970]","[""parachute"", ""mountain_tent"", ""canoe"", ""volcano"", ""alp""]","[0.35628899931907654, 0.13756969571113586, 0.10456262528896332, 0.0453001968562603, 0.04317861422896385]",True,True
b0452,data/raw/imagenette2-320/val/n03888257/n03888257_13100.JPEG,701,701,parachute,0.9272849559783936,"[701, 843, 795, 602, 702]","[""parachute"", ""swing"", ""ski"", ""horizontal_bar"", ""parallel_bars""]","[0.9272849559783936, 0.03807644546031952, 0.020202122628688812, 0.0031820584554225206, 0.0008670568349771202]",True,True
b0453,data/raw/imagenette2-320/val/n03888257/n03888257_15312.JPEG,701,701,parachute,0.643375813961029,"[701, 417, 405, 908, 600]","[""parachute"", ""balloon"", ""airship"", ""wing"", ""hook""]","[0.643375813961029, 0.14950229227542877, 0.006884391885250807, 0.0018474109238013625, 0.0014674647245556116]",True,True
b0454,data/raw/imagenette2-320/val/n03888257/n03888257_13072.JPEG,701,701,parachute,0.7981087565422058,"[701, 805, 621, 830, 176]","[""parachute"", ""soccer_ball"", ""lawn_mower"", ""stretcher"", ""Saluki""]","[0.7981087565422058, 0.014234979636967182, 0.01354898139834404, 0.006382768973708153, 0.004712608642876148]",True,True
b0455,data/raw/imagenette2-320/val/n03888257/n03888257_4580.JPEG,701,701,parachute,0.9662913680076599,"[701, 895, 657, 744, 417]","[""parachute"", ""warplane"", ""missile"", ""projectile"", ""balloon""]","[0.9662913680076599, 0.007541976869106293, 0.0025205472484230995, 0.0021896022371947765, 0.0013823596527799964]",True,True
b0456,data/raw/imagenette2-320/val/n03888257/n03888257_31301.JPEG,701,701,parachute,0.8684625029563904,"[701, 417, 433, 484, 148]","[""parachute"", ""balloon"", ""bathing_cap"", ""catamaran"", ""killer_whale""]","[0.8684625029563904, 0.013212567195296288, 0.000901732302736491, 0.0008796746842563152, 0.0008331242715939879]",True,True
b0457,data/raw/imagenette2-320/val/n03888257/n03888257_34320.JPEG,701,701,parachute,0.9387878179550171,"[701, 557, 417, 405, 879]","[""parachute"", ""flagpole"", ""balloon"", ""airship"", ""umbrella""]","[0.9387878179550171, 0.00812122318893671, 0.004703716840595007, 0.0012475803960114717, 0.0005373760359361768]",True,True
b0458,data/raw/imagenette2-320/val/n03888257/n03888257_12400.JPEG,701,701,parachute,0.9332334995269775,"[701, 405, 417, 895, 795]","[""parachute"", ""airship"", ""balloon"", ""warplane"", ""ski""]","[0.9332334995269775, 0.002200770191848278, 0.001536238007247448, 0.0013692958746105433, 0.001248813234269619]",True,True
b0459,data/raw/imagenette2-320/val/n03888257/n03888257_30691.JPEG,701,701,parachute,0.8538591861724854,"[701, 417, 557, 843, 405]","[""parachute"", ""balloon"", ""flagpole"", ""swing"", ""airship""]","[0.8538591861724854, 0.006238414905965328, 0.004424246959388256, 0.002752969041466713, 0.0025806527119129896]",True,True
b0460,data/raw/imagenette2-320/val/n03888257/n03888257_4311.JPEG,701,701,parachute,0.8552398681640625,"[701, 417, 879, 405, 807]","[""parachute"", ""balloon"", ""umbrella"", ""airship"", ""solar_dish""]","[0.8552398681640625, 0.08845997601747513, 0.00690941046923399, 0.0021356032229959965, 0.0017871204763650894]",True,True
b0461,data/raw/imagenette2-320/val/n03888257/n03888257_19792.JPEG,701,701,parachute,0.844813883304596,"[701, 417, 405, 970, 594]","[""parachute"", ""balloon"", ""airship"", ""alp"", ""harp""]","[0.844813883304596, 0.009673122316598892, 0.0014089095639064908, 0.0009056453127413988, 0.0006643692031502724]",True,True
b0462,data/raw/imagenette2-320/val/n03888257/n03888257_15491.JPEG,701,701,parachute,0.828953206539154,"[701, 978, 417, 972, 976]","[""parachute"", ""seashore"", ""balloon"", ""cliff"", ""promontory""]","[0.828953206539154, 0.009169547818601131, 0.005086796823889017, 0.004474385641515255, 0.0032505211420357227]",True,True
b0463,data/raw/imagenette2-320/val/n03888257/ILSVRC2012_val_00042262.JPEG,701,701,parachute,0.9144070148468018,"[701, 417, 405, 557, 21]","[""parachute"", ""balloon"", ""airship"", ""flagpole"", ""kite""]","[0.9144070148468018, 0.0027360906824469566, 0.0020879108924418688, 0.0009074181434698403, 0.0005449714371934533]",True,True
b0464,data/raw/imagenette2-320/val/n03888257/n03888257_22061.JPEG,701,701,parachute,0.8006221055984497,"[701, 417, 672, 879, 255]","[""parachute"", ""balloon"", ""mountain_tent"", ""umbrella"", ""Leonberg""]","[0.8006221055984497, 0.03683393448591232, 0.022154763340950012, 0.01401199959218502, 0.003214070573449135]",True,True
b0465,data/raw/imagenette2-320/val/n03888257/n03888257_9770.JPEG,701,895,warplane,0.6072752475738525,"[895, 908, 404, 405, 701]","[""warplane"", ""wing"", ""airliner"", ""airship"", ""parachute""]","[0.6072752475738525, 0.10832642018795013, 0.0866503044962883, 0.05299409106373787, 0.021511755883693695]",False,True
b0466,data/raw/imagenette2-320/val/n03888257/n03888257_2791.JPEG,701,701,parachute,0.778052806854248,"[701, 417, 557, 405, 970]","[""parachute"", ""balloon"", ""flagpole"", ""airship"", ""alp""]","[0.778052806854248, 0.0054739611223340034, 0.003141405526548624, 0.002589654875919223, 0.0008223233162425458]",True,True
b0467,data/raw/imagenette2-320/val/n03888257/n03888257_12301.JPEG,701,701,parachute,0.1657668948173523,"[701, 980, 972, 437, 405]","[""parachute"", ""volcano"", ""cliff"", ""beacon"", ""airship""]","[0.1657668948173523, 0.09427428990602493, 0.05547073110938072, 0.053816527128219604, 0.05197057127952576]",True,True
b0468,data/raw/imagenette2-320/val/n03888257/n03888257_19260.JPEG,701,701,parachute,0.8814379572868347,"[701, 417, 557, 879, 405]","[""parachute"", ""balloon"", ""flagpole"", ""umbrella"", ""airship""]","[0.8814379572868347, 0.003917939029633999, 0.0021876883693039417, 0.0012124852510169148, 0.00075834448216483]",True,True
b0469,data/raw/imagenette2-320/val/n03888257/n03888257_7130.JPEG,701,701,parachute,0.7531574964523315,"[701, 417, 405, 557, 21]","[""parachute"", ""balloon"", ""airship"", ""flagpole"", ""kite""]","[0.7531574964523315, 0.041934698820114136, 0.006311624310910702, 0.0022116429172456264, 0.0011612523812800646]",True,True
b0470,data/raw/imagenette2-320/val/n03888257/n03888257_9932.JPEG,701,447,binoculars,0.09295497089624405,"[447, 401, 405, 880, 403]","[""binoculars"", ""accordion"", ""airship"", ""unicycle"", ""aircraft_carrier""]","[0.09295497089624405, 0.06699925661087036, 0.057097695767879486, 0.03549686446785927, 0.025601543486118317]",False,False
b0471,data/raw/imagenette2-320/val/n03888257/n03888257_6230.JPEG,701,701,parachute,0.7248542904853821,"[701, 405, 417, 619, 846]","[""parachute"", ""airship"", ""balloon"", ""lampshade"", ""table_lamp""]","[0.7248542904853821, 0.02052539773285389, 0.016300801187753677, 0.01546932477504015, 0.013666153885424137]",True,True
b0472,data/raw/imagenette2-320/val/n03888257/n03888257_36971.JPEG,701,701,parachute,0.921571671962738,"[701, 417, 977, 978, 405]","[""parachute"", ""balloon"", ""sandbar"", ""seashore"", ""airship""]","[0.921571671962738, 0.0032847553957253695, 0.003092234954237938, 0.002831036690622568, 0.0021819081157445908]",True,True
b0473,data/raw/imagenette2-320/val/n03888257/n03888257_32391.JPEG,701,701,parachute,0.9597740173339844,"[701, 557, 417, 405, 832]","[""parachute"", ""flagpole"", ""balloon"", ""airship"", ""stupa""]","[0.9597740173339844, 0.0016979625215753913, 0.0011685885256156325, 0.0003061181923840195, 0.00021592690609395504]",True,True
b0474,data/raw/imagenette2-320/val/n03888257/n03888257_11450.JPEG,701,701,parachute,0.5923387408256531,"[701, 669, 619, 456, 733]","[""parachute"", ""mosquito_net"", ""lampshade"", ""bow"", ""pole""]","[0.5923387408256531, 0.047376614063978195, 0.03657388314604759, 0.03138909116387367, 0.025714334100484848]",True,True
b0475,data/raw/imagenette2-320/val/n03888257/ILSVRC2012_val_00044850.JPEG,701,701,parachute,0.8915755748748779,"[701, 417, 879, 405, 557]","[""parachute"", ""balloon"", ""umbrella"", ""airship"", ""flagpole""]","[0.8915755748748779, 0.005531564820557833, 0.001583581673912704, 0.0010026035597547889, 0.0006847577169537544]",True,True
b0476,data/raw/imagenette2-320/val/n03888257/n03888257_4512.JPEG,701,701,parachute,0.8397554755210876,"[701, 417, 405, 557, 908]","[""parachute"", ""balloon"", ""airship"", ""flagpole"", ""wing""]","[0.8397554755210876, 0.02180388942360878, 0.003949570935219526, 0.0034071323461830616, 0.0023311672266572714]",True,True
b0477,data/raw/imagenette2-320/val/n03888257/n03888257_9640.JPEG,701,701,parachute,0.9596282839775085,"[701, 795, 796, 557, 843]","[""parachute"", ""ski"", ""ski_mask"", ""flagpole"", ""swing""]","[0.9596282839775085, 0.01425885409116745, 0.001565603888593614, 0.0013376506976783276, 0.0011408862192183733]",True,True
b0478,data/raw/imagenette2-320/val/n03888257/n03888257_10680.JPEG,701,701,parachute,0.8401129245758057,"[701, 417, 972, 405, 557]","[""parachute"", ""balloon"", ""cliff"", ""airship"", ""flagpole""]","[0.8401129245758057, 0.01199068408459425, 0.0012525460915639997, 0.0011101368581876159, 0.0007214785437099636]",True,True
b0479,data/raw/imagenette2-320/val/n03888257/n03888257_28011.JPEG,701,701,parachute,0.9214012026786804,"[701, 417, 895, 405, 557]","[""parachute"", ""balloon"", ""warplane"", ""airship"", ""flagpole""]","[0.9214012026786804, 0.008222158998250961, 0.006660529877990484, 0.00619640713557601, 0.0023245415650308132]",True,True
b0480,data/raw/imagenette2-320/val/n03888257/n03888257_19960.JPEG,701,701,parachute,0.8311260342597961,"[701, 417, 978, 405, 972]","[""parachute"", ""balloon"", ""seashore"", ""airship"", ""cliff""]","[0.8311260342597961, 0.011464896611869335, 0.002414781367406249, 0.0015915526309981942, 0.0014508924214169383]",True,True
b0481,data/raw/imagenette2-320/val/n03888257/n03888257_4952.JPEG,701,701,parachute,0.9874963760375977,"[701, 417, 795, 972, 879]","[""parachute"", ""balloon"", ""ski"", ""cliff"", ""umbrella""]","[0.9874963760375977, 0.0010584784904494882, 0.00014845523401163518, 0.0001159658859251067, 0.00011040022945962846]",True,True
b0482,data/raw/imagenette2-320/val/n03888257/n03888257_2760.JPEG,701,417,balloon,0.6045964956283569,"[417, 701, 807, 890, 405]","[""balloon"", ""parachute"", ""solar_dish"", ""volleyball"", ""airship""]","[0.6045964956283569, 0.1848013550043106, 0.009750277735292912, 0.00539840292185545, 0.004386928863823414]",False,True
b0483,data/raw/imagenette2-320/val/n03888257/n03888257_6541.JPEG,701,701,parachute,0.8937788605690002,"[701, 417, 484, 405, 978]","[""parachute"", ""balloon"", ""catamaran"", ""airship"", ""seashore""]","[0.8937788605690002, 0.024156516417860985, 0.0062006209045648575, 0.002395591465756297, 0.001429793774150312]",True,True
b0484,data/raw/imagenette2-320/val/n03888257/n03888257_19570.JPEG,701,701,parachute,0.8564965128898621,"[701, 417, 405, 619, 755]","[""parachute"", ""balloon"", ""airship"", ""lampshade"", ""radio_telescope""]","[0.8564965128898621, 0.017118709161877632, 0.001505047082901001, 0.0007491724099963903, 0.0005640297313220799]",True,True
b0485,data/raw/imagenette2-320/val/n03888257/n03888257_17340.JPEG,701,701,parachute,0.5153852701187134,"[701, 728, 807, 978, 417]","[""parachute"", ""plastic_bag"", ""solar_dish"", ""seashore"", ""balloon""]","[0.5153852701187134, 0.1302817314863205, 0.07808256894350052, 0.021011440083384514, 0.016843153163790703]",True,True
b0486,data/raw/imagenette2-320/val/n03888257/n03888257_3651.JPEG,701,701,parachute,0.5895442366600037,"[701, 795, 802, 895, 970]","[""parachute"", ""ski"", ""snowmobile"", ""warplane"", ""alp""]","[0.5895442366600037, 0.09180153906345367, 0.04015874117612839, 0.023640234023332596, 0.020260192453861237]",True,True
b0487,data/raw/imagenette2-320/val/n03888257/n03888257_42680.JPEG,701,701,parachute,0.9462831616401672,"[701, 417, 895, 404, 540]","[""parachute"", ""balloon"", ""warplane"", ""airliner"", ""drilling_platform""]","[0.9462831616401672, 0.001954776933416724, 0.0017867026617750525, 0.0017628708155825734, 0.001509954920038581]",True,True
b0488,data/raw/imagenette2-320/val/n03888257/n03888257_17851.JPEG,701,701,parachute,0.9360975623130798,"[701, 856, 728, 797, 830]","[""parachute"", ""thresher"", ""plastic_bag"", ""sleeping_bag"", ""stretcher""]","[0.9360975623130798, 0.01189260184764862, 0.006680366583168507, 0.004200194031000137, 0.003351878374814987]",True,True
b0489,data/raw/imagenette2-320/val/n03888257/n03888257_35020.JPEG,701,701,parachute,0.8570728302001953,"[701, 417, 405, 557, 795]","[""parachute"", ""balloon"", ""airship"", ""flagpole"", ""ski""]","[0.8570728302001953, 0.01985551044344902, 0.002277477877214551, 0.0011074270587414503, 0.0004621742118615657]",True,True
b0490,data/raw/imagenette2-320/val/n03888257/n03888257_3632.JPEG,701,701,parachute,0.9661434292793274,"[701, 405, 557, 21, 978]","[""parachute"", ""airship"", ""flagpole"", ""kite"", ""seashore""]","[0.9661434292793274, 0.0004990461748093367, 0.0003921816824004054, 0.00038979604141786695, 0.00038852563011460006]",True,True
b0491,data/raw/imagenette2-320/val/n03888257/n03888257_22302.JPEG,701,701,parachute,0.8118909001350403,"[701, 417, 405, 557, 619]","[""parachute"", ""balloon"", ""airship"", ""flagpole"", ""lampshade""]","[0.8118909001350403, 0.03750012069940567, 0.0030160010792315006, 0.0008203581091947854, 0.0007042389479465783]",True,True
b0492,data/raw/imagenette2-320/val/n03888257/n03888257_5812.JPEG,701,701,parachute,0.9724377989768982,"[701, 417, 405, 96, 562]","[""parachute"", ""balloon"", ""airship"", ""toucan"", ""fountain""]","[0.9724377989768982, 0.001687256502918899, 0.0008005221025086939, 0.00025744520826265216, 0.00021331888274289668]",True,True
b0493,data/raw/imagenette2-320/val/n03888257/n03888257_12641.JPEG,701,895,warplane,0.6208203434944153,"[895, 404, 403, 908, 812]","[""warplane"", ""airliner"", ""aircraft_carrier"", ""wing"", ""space_shuttle""]","[0.6208203434944153, 0.04816089943051338, 0.044671680778265, 0.04225744679570198, 0.035852573812007904]",False,False
b0494,data/raw/imagenette2-320/val/n03888257/n03888257_17421.JPEG,701,701,parachute,0.8096231818199158,"[701, 557, 405, 417, 733]","[""parachute"", ""flagpole"", ""airship"", ""balloon"", ""pole""]","[0.8096231818199158, 0.05210129916667938, 0.0038203096482902765, 0.002894469304010272, 0.0014352747239172459]",True,True
b0495,data/raw/imagenette2-320/val/n03888257/n03888257_36541.JPEG,701,701,parachute,0.8885462880134583,"[701, 417, 405, 404, 895]","[""parachute"", ""balloon"", ""airship"", ""airliner"", ""warplane""]","[0.8885462880134583, 0.009820234961807728, 0.008243722841143608, 0.0013615386560559273, 0.0009226241381838918]",True,True
b0496,data/raw/imagenette2-320/val/n03888257/n03888257_38102.JPEG,701,701,parachute,0.9059965014457703,"[701, 417, 405, 998, 619]","[""parachute"", ""balloon"", ""airship"", ""ear"", ""lampshade""]","[0.9059965014457703, 0.002252132399007678, 0.0012316680513322353, 0.0008955483790487051, 0.0005346668767742813]",True,True
b0497,data/raw/imagenette2-320/val/n03888257/n03888257_7011.JPEG,701,701,parachute,0.23520740866661072,"[701, 417, 405, 404, 895]","[""parachute"", ""balloon"", ""airship"", ""airliner"", ""warplane""]","[0.23520740866661072, 0.15025463700294495, 0.07308700680732727, 0.05598834529519081, 0.05175846070051193]",True,True
b0498,data/raw/imagenette2-320/val/n03888257/n03888257_29090.JPEG,701,701,parachute,0.57502281665802,"[701, 728, 644, 107, 807]","[""parachute"", ""plastic_bag"", ""matchstick"", ""jellyfish"", ""solar_dish""]","[0.57502281665802, 0.11182601749897003, 0.01827056333422661, 0.013849051669239998, 0.011078644543886185]",True,True
b0499,data/raw/imagenette2-320/val/n03888257/n03888257_70632.JPEG,701,701,parachute,0.8954743146896362,"[701, 879, 405, 417, 431]","[""parachute"", ""umbrella"", ""airship"", ""balloon"", ""bassinet""]","[0.8954743146896362, 0.01628529280424118, 0.008365074172616005, 0.005619535222649574, 0.0018087411299347878]",True,True
